state,entity,kind,period,start_month,number_months,audit_years
AL,Abbeville,municipality,annual,10,,2001 2003 2006 2008 2024
AL,Addison,municipality,annual,10,,2005
AL,Akron,municipality,annual,10,,2008
AL,Alabaster,municipality,annual,10,,2020-2022
AL,Albertville,municipality,annual,10,,2001 2003 2005-2008 2010-2013 2015
AL,Alexander City,municipality,annual,10,,1999 2001 2004-2005 2007-2013 2016 2018
AL,Aliceville,municipality,annual,10,,1998 2006-2007 2010
AL,Altoona,municipality,annual,10,,2002
AL,Andalusia,municipality,annual,10,,2001-2003 2005-2006 2010-2012 2021 2023-2024
AL,Anniston,municipality,annual,10,,1998-2003 2005-2017 2019-2024
AL,Arab,municipality,annual,10,,1999 2004-2005 2020 2025
AL,Ariton,municipality,annual,10,,2000
AL,Arley,municipality,annual,10,,2001
AL,Ashland,municipality,annual,10,,2004 2011-2012 2016
AL,Athens,municipality,annual,10,,1999-2001 2003 2007 2014-2015 2022-2025
AL,Athens City,municipality,annual,10,,1998
AL,Atmore,municipality,annual,10,,1999-2000 2006-2007 2009-2011 2016-2018
AL,Attalla,municipality,annual,10,,1999 2016
AL,Auburn,municipality,annual,10,,2001-2025
AL,Autaugaville,municipality,annual,10,,2001-2002 2008
AL,Banks,municipality,annual,10,,2008
AL,Bay Minette,municipality,annual,10,,1999 2002 2004-2006 2012 2015-2018 2020-2025
AL,Bayou La Batre,municipality,annual,10,,1999-2001 2007-2010 2012
AL,Berry,municipality,annual,10,,2000-2001 2003 2007-2009
AL,Bessemer,municipality,annual,10,,1999-2002 2004 2006 2008-2024
AL,Birmingham,municipality,annual,7,,2000-2025
AL,Birmingham City,municipality,annual,7,,1998-1999
AL,Blue Springs,municipality,annual,10,,2002
AL,Boaz,municipality,annual,10,,1998 2001-2003 2010 2020 2022
AL,Bonifay,municipality,annual,10,,2020 2024-2025
AL,Brantley,municipality,annual,10,,2006 2019 2023
AL,Brewton,municipality,annual,10,,1998-2003 2005-2007 2009-2011 2014 2016-2017 2019 2021
AL,Brilliant Town,municipality,annual,10,,1998
AL,Brookside,municipality,annual,10,,2005 2007-2008
AL,Brundidge,municipality,annual,10,,1998 2013-2014 2017
AL,Butler,municipality,annual,10,,1999-2001
AL,Calera,municipality,annual,10,,2005-2007 2015 2021-2022 2024-2025
AL,Camden,municipality,annual,10,,2003 2005-2006 2020
AL,Carbon Hill,municipality,annual,10,,1998 2003
AL,Carrollton,municipality,annual,10,,2011 2023 2025
AL,Cedar Bluff,municipality,annual,10,,2001
AL,Center Point,municipality,annual,10,,2011 2022-2023
AL,Cherokee,municipality,annual,10,,1999 2016
AL,Chickasaw,municipality,annual,10,,2001 2006-2011 2025
AL,Childersburg,municipality,annual,10,,2003 2005-2006 2009 2015
AL,Chipley,municipality,annual,10,,2023
AL,Citronelle,municipality,annual,10,,2011-2012
AL,Clanton,municipality,annual,10,,2011 2013 2024
AL,Clayton,municipality,annual,10,,2003-2004 2006
AL,Cleveland,municipality,annual,10,,2003 2024
AL,Clio,municipality,annual,10,,2001 2003 2006 2008
AL,Coaling,municipality,annual,10,,2011
AL,Coffeeville,municipality,annual,10,,2014-2015
AL,Cordova,municipality,annual,10,,2012-2015
AL,Cullman,municipality,annual,10,,2000 2011-2025
AL,Daleville,municipality,annual,10,,2012 2025
AL,Daphne,municipality,annual,10,,1998-2007 2009-2010 2014-2016 2020-2021 2023-2025
AL,Dauphin Island,municipality,annual,10,,2000 2002-2003 2006-2011 2013 2016 2018 2021 2024-2025
AL,Decatur,municipality,annual,10,,1998-2003 2005-2024
AL,Demopolis,municipality,annual,10,,1998-1999 2001 2004-2008 2019-2020 2023-2025
AL,Dodge City,municipality,annual,10,,2003
AL,Dora,municipality,annual,10,,1998 2000 2025
AL,Dothan,municipality,annual,10,,1999-2015 2017 2019-2025
AL,Dothan City,municipality,annual,10,,1998
AL,Double Springs,municipality,annual,10,,1998 2000
AL,East Brewton,municipality,annual,10,,2001
AL,Elba,municipality,annual,10,,2005-2011 2014-2016 2018
AL,Elberta,municipality,annual,10,,2020-2021
AL,Eldridge,municipality,annual,10,,1998
AL,Enterprise,municipality,annual,10,,1998-2000 2002-2004 2006-2013 2019-2021 2023-2025
AL,Eufaula,municipality,annual,10,,1998 2000-2012 2014-2018 2020-2021 2024-2025
AL,Eufaula City,municipality,annual,10,,1999
AL,Eutaw,municipality,annual,10,,2001
AL,Eva,municipality,annual,10,,1999 2007
AL,Evergreen,municipality,annual,10,,1998 2005 2008-2010 2013-2017
AL,Fairfield,municipality,annual,10,,2023
AL,Fairhope,municipality,annual,10,,2000 2002-2008 2012 2015-2017 2019-2025
AL,Fairhope City,municipality,annual,10,,1999
AL,Falkville,municipality,annual,10,,2009
AL,Fayette,municipality,annual,10,,1999-2003 2005-2006 2008 2014 2018 2023-2025
AL,Flomaton,municipality,annual,10,,2009
AL,Florala,municipality,annual,10,,2007
AL,Florence,municipality,annual,10,,2000-2014 2017-2025
AL,Florence City,municipality,annual,10,,1999
AL,Foley,municipality,annual,10,,1998 2000-2008 2010-2011 2013-2023
AL,Foley,municipality,biennial,,,1999
AL,Fort Deposit,municipality,annual,10,,1998
AL,Fort Payne,municipality,annual,10,,1999-2000 2002-2003 2005-2006 2008-2009 2013 2016-2017 2021-2025
AL,Fort Payne City,municipality,annual,7,,1998
AL,Franklin Town Hall,municipality,annual,10,,2025
AL,Fulton,municipality,annual,10,,2007 2013
AL,Fultondale,municipality,annual,10,,2011 2023-2024
AL,Gadsden,municipality,annual,10,,1998-2024
AL,Gardendale,municipality,annual,10,,2022
AL,Geneva,municipality,annual,7,,1998
AL,Geneva,municipality,annual,10,,1999-2002 2005-2011 2013 2016 2021-2022 2025
AL,Georgiana,municipality,annual,10,,1999 2024-2025
AL,Glencoe,municipality,annual,10,,2010
AL,Goldville,municipality,annual,10,,2000
AL,Gordon,municipality,annual,10,,2002
AL,Goshen,municipality,annual,10,,2003
AL,Graysville,municipality,annual,10,,2014
AL,Greensboro,municipality,annual,10,,2003 2013-2014 2023-2024
AL,Greenville,municipality,annual,10,,1998-2007 2012 2014 2019 2023
AL,Grove Hill,municipality,annual,10,,2008 2024
AL,Guin,municipality,annual,10,,2008-2010 2012-2014
AL,Gulf Shores,municipality,annual,1,,2009-2014 2016 2018 2020-2021 2023-2025
AL,Gulf Shores,municipality,annual,10,,1998-1999 2001-2007
AL,Gulf Shores,municipality,other,,15,2008
AL,Guntersville,municipality,annual,10,,2000-2002 2006-2008 2010-2013 2015-2016 2020 2022-2024
AL,Gurley,municipality,annual,10,,2009
AL,Ha Jefferson County,county,annual,1,,2000
AL,Hackleburg,municipality,annual,10,,2013-2016
AL,Haleyville,municipality,annual,10,,2001 2003-2005 2008-2014 2017 2022-2023
AL,Hamilton,municipality,annual,10,,1999-2000 2002 2004-2005
AL,Hamilton City,municipality,annual,10,,1998
AL,Hanceville,municipality,annual,10,,1999 2005 2011-2012
AL,Hartford,municipality,annual,10,,1998
AL,Hartord,municipality,annual,10,,2007
AL,Hartselle,municipality,annual,10,,1999-2000 2004 2009-2011 2014 2019 2021 2023-2024
AL,Hartselle City,municipality,annual,10,,1998
AL,Hayneville,municipality,annual,10,,2001 2005 2024-2025
AL,Headland,municipality,annual,10,,2004 2006 2011 2019 2022 2024
AL,Heflin,municipality,annual,10,,2023
AL,Helena,municipality,annual,10,,2022
AL,Homewood,municipality,annual,10,,2020-2024
AL,Hoover,municipality,annual,10,,1999-2005 2007-2020 2023-2025
AL,Huntsville,municipality,annual,10,,1998-2025
AL,Irondale,municipality,annual,10,,2025
AL,Jackson,municipality,annual,10,,2001-2007 2010-2011 2014 2020-2021 2024-2025
AL,Jacksonville,municipality,annual,10,,1999 2011 2018 2020-2025
AL,Jasper,municipality,annual,10,,2015-2017
AL,Kennedy,municipality,annual,5,,2002
AL,Kinston,municipality,annual,10,,2003
AL,Lafayette,municipality,annual,10,,2015
AL,Lanett,municipality,annual,10,,1998 2006-2010 2013 2015-2018 2020 2022-2024
AL,Level Plains City Hall,municipality,annual,10,,2025
AL,Lincoln,municipality,annual,10,,2025
AL,Linden,municipality,annual,10,,1999
AL,Littleville,municipality,annual,10,,2020
AL,Livingston,municipality,annual,10,,1998 2019
AL,Louisville,municipality,annual,10,,1998-2000 2015
AL,Lowndesboro,municipality,annual,10,,2024
AL,Loxley,municipality,annual,10,,2000 2021-2025
AL,Luverne,municipality,annual,10,,2003-2004
AL,Madison,municipality,annual,10,,1999-2000 2004 2006-2012 2020 2023-2025
AL,Magnolia Springs,municipality,annual,10,,2021
AL,Malvern,municipality,annual,10,,2014
AL,Marengo County,county,annual,10,,2025
AL,Midland City,municipality,annual,10,,2003 2020-2021
AL,Midway,municipality,annual,10,,1999 2002 2007
AL,Millbrook,municipality,annual,10,,2012 2022-2023 2025
AL,Millport,municipality,annual,10,,2011
AL,Mobile,municipality,annual,10,,1998-2025
AL,Monroeville,municipality,annual,10,,1998-2001 2020
AL,Montevallo,municipality,annual,10,,2014 2024
AL,Montgomery,municipality,annual,10,,1999-2025
AL,Montgomery City,municipality,annual,10,,1998
AL,Moody,municipality,annual,10,,2000 2003
AL,Moulton,municipality,annual,10,,2009-2010 2013-2014 2018
AL,Moundville,municipality,annual,10,,2010
AL,Mount Vernon,municipality,annual,10,,2008
AL,Mountain Brook,municipality,annual,10,,2004-2005 2007 2010-2012 2014 2017-2018 2020-2022 2025
AL,Mulga,municipality,annual,10,,1998-1999
AL,Muscle Shoals,municipality,annual,10,,2000 2005-2012 2014-2015 2019 2023
AL,Myrtlewood,municipality,annual,10,,2001
AL,Napier Field,municipality,annual,10,,2001
AL,Nauvoo,municipality,annual,10,,1998
AL,New Hope,municipality,annual,10,,2020-2021
AL,Newville,municipality,annual,10,,1998
AL,Northport,municipality,annual,1,,2010
AL,Northport,municipality,annual,10,,1998 2000 2003 2021-2025
AL,Notasulga,municipality,annual,10,,2000 2010
AL,Notasulta,municipality,annual,10,,1999
AL,Oakman,municipality,annual,10,,1999
AL,Oneonta,municipality,annual,10,,2003 2005 2012 2021-2022 2024
AL,Opelika,municipality,annual,10,,1998-2014 2017-2023 2025
AL,Opp,municipality,annual,10,,2002 2006 2008 2010-2011 2023
AL,Orange Beach,municipality,annual,1,,2006-2013 2021-2022
AL,Orange Beach,municipality,annual,10,,2002 2004
AL,Orange Beach,municipality,other,,15,2005
AL,Owens Cross Roads,municipality,annual,10,,2003
AL,Oxford,municipality,annual,10,,2004 2021-2022 2025
AL,Ozark,municipality,annual,10,,2001-2004 2006-2007 2010-2012 2014-2016 2020 2022-2024
AL,Parrish,municipality,annual,10,,1998-2000
AL,Pelham,municipality,annual,10,,2011 2015 2017 2020 2022
AL,Pell City,municipality,annual,10,,2010-2013 2020 2024-2025
AL,Phenix City,municipality,annual,10,,1998 2000-2001 2004-2005 2011-2013 2022-2023
AL,Phil Campbell,municipality,annual,10,,2011-2015
AL,Piedmont,municipality,annual,10,,2013-2014 2018 2025
AL,Pike Road,municipality,annual,10,,2011 2025
AL,Pine Hill,municipality,annual,10,,2000 2014-2015
AL,Pleasant Grove,municipality,annual,10,,2024
AL,Prattville,municipality,annual,10,,2009-2012 2014-2015 2018-2025
AL,Prichard,municipality,annual,10,,2000-2005 2009-2011 2021-2023
AL,Ragland,municipality,annual,10,,1999
AL,Rainsville,municipality,annual,10,,2000-2001 2005-2006 2016 2023
AL,Red Bay,municipality,annual,10,,1998 2006 2008 2011
AL,Reform,municipality,annual,10,,1999 2004
AL,Riverview,municipality,annual,10,,2004
AL,Roanoke,municipality,annual,10,,1998-1999 2025
AL,Robertsdale,municipality,annual,10,,2004-2005 2007 2009 2020-2025
AL,Russellville,municipality,annual,10,,1999-2006 2009-2015 2018-2019 2022-2025
AL,Samson,municipality,annual,9,,1998 2001 2012
AL,Saraland,municipality,annual,10,,2000-2001 2005 2008-2009 2012-2013 2021-2022 2025
AL,Saraland City,municipality,annual,10,,1999
AL,Satsuma,municipality,annual,10,,2009-2010 2023
AL,Scottsboro,municipality,annual,10,,2003 2007-2009 2011-2012 2014 2017-2018 2020 2022-2024
AL,Selma,municipality,annual,10,,1998-2000 2002-2012 2015-2018 2020-2024
AL,Sheffield,municipality,annual,10,,1998 2000 2009 2011 2017 2022-2023
AL,Shorter,municipality,annual,10,,2004-2005 2020
AL,Slocomb,municipality,annual,10,,1998 2025
AL,Snead,municipality,annual,10,,1999
AL,Somerville,municipality,annual,10,,2010-2011
AL,Southside,municipality,annual,10,,2023-2025
AL,Spanish Fort,municipality,annual,10,,2005 2021-2022 2024-2025
AL,Springville,municipality,annual,10,,2025
AL,Steele,municipality,annual,10,,2001 2003
AL,Sulligent,municipality,annual,10,,2001
AL,Sumiton,municipality,annual,10,,2002-2004
AL,Summerdale,municipality,annual,10,,2005
AL,Sylacauga,municipality,annual,10,,2001 2007 2010-2011 2013-2014 2016 2020-2024
AL,Talladega,municipality,annual,10,,1999 2002 2007 2010 2015 2020-2021
AL,Tallapoosa County,county,annual,10,,1999
AL,Tallassee,municipality,annual,10,,1999 2023-2024
AL,Tarrant,municipality,annual,10,,2005 2008-2009 2011 2020-2022
AL,Thomasville,municipality,annual,10,,2012-2015 2019 2021-2022 2024-2025
AL,Thorsby,municipality,annual,10,,1998
AL,Town Creek,municipality,annual,10,,2000
AL,Triana,municipality,annual,10,,2007
AL,Troy,municipality,annual,10,,2000-2001 2003-2024
AL,Tuscaloosa,municipality,annual,10,,1998-2025
AL,Tuscumbia,municipality,annual,10,,1999 2001 2005 2010-2012 2019
AL,Tuskegee,municipality,annual,10,,1999 2004-2025
AL,Tuskegee City,municipality,annual,10,,1998
AL,Tuskegee Tuskegee Macon Co Head Start,municipality,annual,11,,2000
AL,Union Springs,municipality,annual,10,,1999 2007 2011
AL,Uniontown,municipality,annual,7,,2003
AL,Uniontown,municipality,annual,10,,1999
AL,Valley,municipality,annual,10,,1998-1999 2001-2002 2011 2020-2022
AL,Valley Head,municipality,annual,10,,1999
AL,Vernon,municipality,annual,10,,1998-1999
AL,Vestavia Hills,municipality,annual,10,,1998 2004 2006 2008 2020 2022-2025
AL,Weaver,municipality,annual,10,,2010
AL,Wedowee,municipality,annual,10,,2024
AL,Wendell,municipality,annual,7,,2023
AL,West Blocton,municipality,annual,10,,2022
AL,Wetumpka,municipality,annual,10,,2000-2001 2015 2019 2023-2024
AK,Akutan,municipality,annual,7,,2002 2018 2022
AK,Aleutians East Borough,municipality,annual,7,,1999-2016 2019-2025
AK,Anchorage,municipality,annual,1,,1998-2022
AK,Atka,municipality,annual,7,,1998 2011-2012
AK,Atqasuk,municipality,annual,7,,2007
AK,Barrow,municipality,annual,7,,2007-2016
AK,Bethel,municipality,annual,7,,1998-2004 2007-2015 2017-2021
AK,Bristol Bay Borough,municipality,annual,7,,1999 2001-2024
AK,Coffman Cove,municipality,annual,7,,2012-2014 2016 2023
AK,Cordova,municipality,annual,1,,1998-2021 2024
AK,Craig,municipality,annual,7,,1999-2016 2018-2021
AK,Craig City,municipality,annual,7,,1998
AK,Delta Junction,municipality,annual,7,,2000-2001 2003-2021
AK,Denali Borough,municipality,annual,7,,2021-2023
AK,Dillingham,municipality,annual,7,,1999 2001 2003-2016 2020
AK,Egegik,municipality,annual,10,,2001-2002
AK,Ekwok,municipality,annual,7,,2016
AK,Emmonak,municipality,annual,7,,2011-2015 2017 2019-2022
AK,Fairbanks,municipality,annual,1,,1998-2025
AK,Fairbanks North Star Borough,municipality,annual,7,,1998-2025
AK,False Pass,municipality,annual,7,,2003-2004
AK,Galena,municipality,annual,7,,2000-2010 2012 2014-2016 2023
AK,Gustavus,municipality,annual,7,,2013-2014
AK,Haines,municipality,annual,7,,2001
AK,Haines Borough,municipality,annual,7,,1999 2002-2016 2018-2025
AK,Homer,municipality,annual,1,,1998 2000-2013 2015-2017 2020
AK,Homer,municipality,annual,7,,2022-2023 2025
AK,Hoonah,municipality,annual,1,,2007-2010 2012-2014
AK,Hoonah,municipality,annual,7,,2002-2003 2005
AK,Juneau,municipality,annual,7,,1998-2025
AK,Kake,municipality,annual,7,,1998-1999 2009-2010 2021
AK,Kenai,municipality,annual,7,,1999-2015 2017-2025
AK,Kenai City,municipality,annual,7,,1998
AK,Kenai Peninsula Borough,municipality,annual,7,,1999-2025
AK,Ketchikan,municipality,annual,1,,1998 2000-2004 2006-2014 2018 2020-2022 2024
AK,Ketchikan City,municipality,annual,1,,1999
AK,Ketchikan Gateway Borough,municipality,annual,7,,1999-2024
AK,King Cove,municipality,annual,7,,1998-2002 2009-2011
AK,Klawock,municipality,annual,7,,1998-2004 2009-2012 2014-2015 2021-2022
AK,Kodi,municipality,annual,7,,2003-2012 2019
AK,Kodiak Island Borough,municipality,annual,7,,1998-2000 2002-2019
AK,Kotzebue,municipality,annual,1,,2019-2023
AK,Kotzebue,municipality,annual,7,,1998 2002-2015
AK,Kotzebue City,municipality,annual,7,,1999-2000
AK,Kwethluk,municipality,annual,7,,2011
AK,Lake And Peninsula Borough,municipality,annual,7,,2003-2004 2007 2010-2011 2013-2015 2017
AK,Mcgrath,municipality,annual,7,,2012
AK,Nenana,municipality,annual,7,,2001-2002 2004-2007 2009-2011
AK,Nome,municipality,annual,7,,2003-2018 2022-2023
AK,North Pole,municipality,annual,1,,2001-2005 2009-2014 2018-2024
AK,North Slope Borough,municipality,annual,7,,1998-2025
AK,Northwest Arctic Borough,municipality,annual,7,,2007-2019
AK,Nuiqsut,municipality,annual,7,,2011-2014
AK,Nunam Iqua,municipality,annual,7,,2017
AK,Old Harbor,municipality,annual,7,,2010 2012
AK,Ouzinkie,municipality,annual,7,,2011-2012
AK,Palmer,municipality,annual,1,,2001-2014 2017-2024
AK,Pelican,municipality,annual,7,,2005 2009-2010 2013
AK,Petersburg,municipality,annual,7,,1998-2012
AK,Petersburg Borough,municipality,annual,7,,2014-2025
AK,Saint Paul,municipality,annual,1,,1999-2020
AK,Sand Point,municipality,annual,7,,2005-2007 2019-2021
AK,Saxman,municipality,annual,7,,2001 2016 2018
AK,Seldovia,municipality,annual,7,,1998 2003 2009 2015
AK,Seward,municipality,annual,1,,2000-2001 2003-2012 2014-2019 2022
AK,Sitka,municipality,annual,7,,2004-2025
AK,Skagway,municipality,annual,1,,2021-2024
AK,Skagway,municipality,annual,7,,1998-1999 2003 2006-2014 2016-2020
AK,Skagway-6 Month Audit,municipality,other,,,2020
AK,Soldotna,municipality,annual,7,,1999 2002-2003 2006-2018 2020-2024
AK,St George,municipality,annual,1,,1999 2016-2017
AK,St. George,municipality,annual,1,,2000
AK,St. Mary's,municipality,annual,7,,1999 2001 2007 2011-2013 2016
AK,Stebbins,municipality,annual,7,,2015
AK,Tanana,municipality,annual,7,,2011-2013
AK,Un,municipality,annual,7,,2001-2002 2008-2018 2020-2021 2025
AK,Unalakleet,municipality,annual,7,,2019
AK,Unalaska,municipality,annual,7,,2003-2004 2022
AK,Utqiagvik,municipality,annual,7,,2017-2018
AK,Valdez,municipality,annual,1,,1999-2019
AK,Wainwright,municipality,annual,7,,2008 2012-2014
AK,Wasilla,municipality,annual,7,,1999 2001-2012 2015 2018-2025
AK,Wasilla City,municipality,annual,7,,2000
AK,White Mountain,municipality,annual,7,,2013
AK,Whittier,municipality,annual,1,,2004 2007-2011 2013-2014 2018
AK,Whittier,municipality,annual,7,,1998 2000
AK,Wrangell,municipality,annual,7,,1998-2024
AK,Yakutat,municipality,annual,7,,1998 2002 2008-2015 2018 2020-2021 2023-2025
AZ,Apache County,county,annual,7,,1998-2022
AZ,Apache Junction,municipality,annual,7,,2001 2005 2007 2010-2015 2017-2019 2021 2023-2025
AZ,Avondale,municipality,annual,7,,1998-1999 2001-2025
AZ,Benson,municipality,annual,7,,1999-2000 2002 2004 2008-2009 2011-2013 2016 2021-2023 2025
AZ,Bisbee,municipality,annual,7,,2002-2003 2005-2015 2020 2024-2025
AZ,Buckeye,municipality,annual,7,,2002-2025
AZ,Bullhead City,municipality,annual,7,,1998-2025
AZ,Camp Verde,municipality,annual,7,,2001 2008-2009 2019-2023 2025
AZ,Casa Grande,municipality,annual,7,,1998-2015 2017-2025
AZ,Cave Creek,municipality,annual,7,,2009-2010
AZ,Chandler,municipality,annual,7,,1998-2025
AZ,Chino Valley,municipality,annual,7,,2001 2008-2009 2016-2017 2020 2022
AZ,Clarkdale,municipality,annual,7,,2001 2013-2014 2017-2018 2023 2025
AZ,Cochise County,county,annual,7,,1998-2025
AZ,Coconino County,county,annual,7,,1998-2025
AZ,Colorado City,municipality,annual,7,,1999 2002-2004 2012-2013 2020-2021 2024
AZ,Coolidge,municipality,annual,7,,1998-2025
AZ,Cottonwood,municipality,annual,7,,1998-1999 2001-2003 2005-2006 2008-2025
AZ,Dewey-Humboldt,municipality,annual,7,,2021
AZ,Douglas,municipality,annual,7,,1999-2025
AZ,Douglas City,municipality,annual,7,,1998
AZ,Douglas Community Hsg Corp Rancho La Perilla Apts 123-35328,municipality,annual,7,,2010-2011
AZ,Douglas Community Hsg Corp Rancho La Perilla Apts 123-35482,municipality,annual,7,,2013-2015
AZ,Eagar,municipality,annual,7,,2000-2001 2003 2006-2009 2011-2012 2024
AZ,El Mirage,municipality,annual,7,,1999-2000 2002-2011 2013-2014 2019-2025
AZ,Eloy,municipality,annual,7,,1998-2003 2005-2006 2009-2016 2018-2025
AZ,Flagstaff,municipality,annual,7,,1998 2001-2025
AZ,Florence,municipality,annual,7,,2002 2009 2012 2014-2016 2019-2025
AZ,Florence Town,municipality,annual,7,,1999
AZ,Fountain Hills,municipality,annual,7,,2021-2023
AZ,Fredonia,municipality,annual,7,,2001 2009 2011-2012 2015 2017
AZ,Gila Bend,municipality,annual,7,,2000-2004 2007-2009 2011-2013 2022
AZ,Gila County,county,annual,7,,1998-2025
AZ,Gilbert,municipality,annual,7,,1998-2025
AZ,Glendale,municipality,annual,7,,1998-2025
AZ,Globe,municipality,annual,7,,1998-2001 2009 2015-2017 2020 2022-2023
AZ,Goodyear,municipality,annual,7,,1998-2003 2007-2013 2015 2020-2025
AZ,Graham County,county,annual,7,,1998-2025
AZ,Greenlee County,county,annual,7,,1998-2004 2006-2024
AZ,Guadalupe,municipality,annual,7,,1998 2000-2015 2019-2021 2023
AZ,Hayden,municipality,annual,7,,2003 2013-2014
AZ,Holbrook,municipality,annual,7,,2003 2008 2011 2020 2022-2023 2025
AZ,Huachuca City,municipality,annual,7,,2001 2006
AZ,Jerome,municipality,annual,7,,2002 2011
AZ,Kearny,municipality,annual,7,,2023-2024
AZ,Kingman,municipality,annual,7,,1998-2025
AZ,La Paz County,county,annual,7,,1998-2025
AZ,Lake Havasu City,municipality,annual,7,,1998-2025
AZ,Marana,municipality,annual,7,,1998 2000-2015 2017 2019-2025
AZ,Maricopa,municipality,annual,7,,2009-2012 2016 2019-2024
AZ,Maricopa County,county,annual,7,,1998-2025
AZ,Mesa,municipality,annual,7,,1998-2025
AZ,Miami,municipality,annual,7,,2010 2020-2022
AZ,Mohave County,county,annual,7,,1998-2025
AZ,Navajo County,county,annual,7,,1998-2005 2007-2025
AZ,Nogales,municipality,annual,7,,1998-2003 2006-2024
AZ,Oro Valley,municipality,annual,7,,1998-2002 2005-2006 2011 2014-2016 2021-2025
AZ,Page,municipality,annual,7,,1999-2001 2005-2009 2011-2013 2015-2016 2018-2025
AZ,Paradise Valley,municipality,annual,7,,2021-2022
AZ,Parker,municipality,annual,7,,2003-2004 2006-2007
AZ,Patagonia,municipality,annual,7,,1999 2006 2009 2015 2022-2023
AZ,Payson,municipality,annual,7,,2000 2002-2003 2005-2006 2010-2025
AZ,Payson Town,municipality,annual,7,,1998-1999
AZ,Peoria,municipality,annual,7,,1998-2020 2024-2025
AZ,Phoenix,municipality,annual,7,,1998-2025
AZ,Pima County,county,annual,7,,1998-2025
AZ,Pinal County,county,annual,7,,1998-2024
AZ,Prescott,municipality,annual,7,,1998-2025
AZ,Prescott Valley,municipality,annual,7,,1998 2000-2001 2007 2010-2025
AZ,Quartzite,municipality,annual,7,,2000-2001
AZ,Quartzsite,municipality,annual,7,,2002 2004 2019-2020 2022-2023
AZ,Queen Creek,municipality,annual,7,,1998-1999 2001 2014 2020-2022 2024-2025
AZ,Safford,municipality,annual,7,,2000-2004 2006 2008 2010-2014 2017 2020-2022 2025
AZ,Sahuarita,municipality,annual,7,,2011 2013 2019-2025
AZ,San Luis,municipality,annual,7,,1999-2009 2011-2015 2017 2019-2020 2022-2025
AZ,Santa Cruz County,county,annual,7,,1998-2023
AZ,Scottsdale,municipality,annual,7,,1999-2025
AZ,Scottsdale City,municipality,annual,7,,1998
AZ,Sedona,municipality,annual,7,,2002 2005 2007 2009-2010 2020 2023 2025
AZ,Show Low,municipality,annual,7,,2001-2002 2006-2015 2019-2025
AZ,Show Low Arizonia,municipality,annual,7,,2003
AZ,Sierra Vista,municipality,annual,7,,1998-1999 2001-2025
AZ,Snowflake,municipality,annual,7,,2012 2015-2016 2021-2022 2025
AZ,Somerton,municipality,annual,7,,2000-2001 2003-2013 2015-2021
AZ,South Tucson,municipality,annual,7,,1998-2021 2023-2025
AZ,Springerville,municipality,annual,7,,1998 2002-2003 2006 2008-2009 2011-2016
AZ,St. Johns,municipality,annual,7,,2002 2004 2006 2011-2013
AZ,Superior,municipality,annual,7,,2020 2024-2025
AZ,Surprise,municipality,annual,7,,1998-2002 2004-2025
AZ,Taylor,municipality,annual,7,,2001 2004 2010 2020
AZ,Tempe,municipality,annual,7,,1998-2001 2003-2025
AZ,Thatcher,municipality,annual,7,,2022
AZ,Tolleson,municipality,annual,7,,2000-2003 2005-2007 2010 2020 2022 2024-2025
AZ,Tolleson City,municipality,annual,7,,1998-1999
AZ,Tombstone,municipality,annual,7,,1998-2000 2002-2003
AZ,Tucson,municipality,annual,4,,2011
AZ,Tucson,municipality,annual,7,,1998-2010 2012-2025
AZ,Walpi,municipality,annual,1,,2024
AZ,Wellton,municipality,annual,7,,1998-1999 2001-2003 2005-2006 2009-2010 2012 2021-2023
AZ,Wickenburg,municipality,annual,7,,1998-1999 2001 2003-2004 2006-2008 2011-2012 2016-2017 2019-2020 2024
AZ,Willcox,municipality,annual,7,,2001-2003 2006-2008 2012 2014 2018-2019 2021 2023-2025
AZ,Williams,municipality,annual,7,,1999-2013 2018 2020-2022
AZ,Winkelman,municipality,annual,7,,2009
AZ,Winslow,municipality,annual,7,,1998-2004 2006-2021 2023-2025
AZ,Yavapai County,county,annual,7,,1998-2021
AZ,Youngtown,municipality,annual,7,,2002-2004 2006 2013 2020 2022-2023 2025
AZ,Yuma,municipality,annual,7,,1998-2025
AZ,Yuma County,county,annual,7,,1998-2025
AR,Almyra,municipality,annual,1,,2011
AR,Arkadelphia,municipality,annual,1,,2019
AR,Ashley County,county,annual,1,,2004 2006 2020
AR,Atkins,municipality,annual,1,,2005
AR,Augusta,municipality,annual,1,,2005-2007
AR,Batesville,municipality,annual,1,,2010-2016 2024
AR,Baxter County,county,annual,1,,2005-2009 2020 2022-2024
AR,Beebe,municipality,annual,1,,2001
AR,Beedeville,municipality,annual,1,,2002
AR,Bella Vista,municipality,annual,1,,2020 2022-2023
AR,Belleville,municipality,annual,1,,2002-2003
AR,Benton,municipality,annual,1,,1998-2002 2012-2013 2020 2023-2024
AR,Bentonville,municipality,annual,1,,2000-2003 2005-2018 2020-2023
AR,Berryville,municipality,annual,1,,2018-2022
AR,Blytheville,municipality,annual,1,,2001
AR,Blytheville Federal Awards,municipality,annual,1,,2020
AR,Bonanza,municipality,annual,1,,2007-2008
AR,Boone County,county,annual,1,,2020
AR,Booneville,municipality,annual,1,,2001
AR,Booneville Federal Programs,municipality,annual,1,,2012 2014
AR,Bradley County,county,annual,1,,2004
AR,Bryant,municipality,annual,1,,2011 2020-2023
AR,Bull Shoals,municipality,annual,1,,2019-2020
AR,Cabot,municipality,annual,1,,2015 2020
AR,Calhoun County,county,annual,1,,2001 2020
AR,Camden,municipality,annual,1,,1998 2020
AR,Carlisle Acedp Project No. 790-08415-06,municipality,annual,1,,2008
AR,Carroll County,county,annual,1,,2002 2020-2021 2023-2024
AR,Centerton,municipality,annual,1,,2022
AR,Cherokee Village,municipality,annual,1,,2009
AR,Chicot County,county,annual,1,,2014-2015
AR,Clark County,county,annual,1,,2023-2024
AR,Clarksville,municipality,annual,1,,2012 2021-2022
AR,Cleburne County,county,annual,1,,2001 2003 2008 2010-2011 2014 2020
AR,Clinton,municipality,annual,1,,2003-2004 2008-2009 2015 2020
AR,Columbia County,county,annual,1,,2001
AR,Conway,municipality,annual,1,,2001-2024
AR,Conway County,county,annual,1,,2001 2003-2004 2007-2009 2011 2020
AR,Corning,municipality,annual,1,,2009-2011 2016 2020-2021
AR,Cotter,municipality,annual,1,,2003 2024
AR,Craighead County,county,annual,1,,2003 2005 2020 2022-2024
AR,Crawford County,county,annual,1,,2001 2004-2006 2008-2011 2014 2021-2022
AR,Crawfordsville,municipality,annual,1,,2016
AR,Crossett,municipality,annual,1,,2001
AR,Crossett Federal Programs,municipality,annual,1,,2020
AR,Danville Water And Sewer System,municipality,annual,1,,2006-2007
AR,Dardanelle,municipality,annual,1,,2022
AR,Decatur,municipality,annual,1,,2018-2019
AR,Des Arc,municipality,annual,1,,2001
AR,Dewitt,municipality,annual,1,,2004
AR,Dumas,municipality,annual,1,,2001-2003
AR,El Dorado,municipality,annual,1,,1999 2001-2002 2016 2020
AR,El Dorado City,municipality,annual,1,,1998
AR,Etowah,municipality,annual,1,,2005
AR,Eudora,municipality,annual,1,,2004
AR,Eureka Springs,municipality,annual,1,,2004-2012 2015-2018 2020-2021
AR,Fairfield Bay,municipality,annual,1,,2013
AR,Farmington,municipality,annual,1,,2009
AR,Faulkner County,county,annual,1,,2001-2005 2007-2009 2017-2018
AR,Fayetteville,municipality,annual,1,,1998-2025
AR,Flippin,municipality,annual,1,,2022-2024
AR,Forrest City,municipality,annual,1,,2001 2003 2022
AR,Fort Smith,municipality,annual,1,,1998-2024
AR,Franklin County,county,annual,1,,2016-2017 2021-2023
AR,Fulton County,county,annual,1,,2008-2014 2020 2022 2024
AR,Garland County,county,annual,1,,2004-2006 2010-2013 2018 2020-2024
AR,Gassville,municipality,annual,1,,2021
AR,Gentry,municipality,annual,1,,2020
AR,Grant County,county,annual,1,,2001-2009
AR,Greenbrier,municipality,annual,1,,2020
AR,Greenwood,municipality,annual,1,,2000-2001
AR,Hamburg Arkansas Water And Sewer System,municipality,annual,1,,2000
AR,Hardy,municipality,annual,1,,2008
AR,Harrison,municipality,annual,1,,2009 2022 2024
AR,Hartford,municipality,annual,1,,2005
AR,Heber Springs,municipality,annual,1,,2007 2011-2015 2022
AR,Helena-West Helena Federal Awards,municipality,annual,1,,2019
AR,Hempstead County,county,annual,1,,2017 2020-2021
AR,Higginson,municipality,annual,1,,2013
AR,Highfill Federal Funds,municipality,annual,1,,2024
AR,Highland,municipality,annual,1,,2005-2006
AR,Hope,municipality,annual,1,,2001 2003 2005 2007 2010-2012 2018-2019 2024
AR,Horseshoe Bend,municipality,annual,1,,2015-2016
AR,Horseshoe Lake,municipality,annual,1,,2001-2002
AR,Hot Spring County,county,annual,1,,2001 2003-2006 2008 2020-2021 2023
AR,Hot Springs,municipality,annual,1,,1998-2019 2021-2025
AR,Humnoke,municipality,annual,1,,1999 2014
AR,Huntsville Arkansas Federal Programs,municipality,annual,1,,2000
AR,Independence County,county,annual,1,,1998 2003 2005-2017 2020-2023
AR,Izard County,county,annual,1,,1999-2000 2003 2008-2009 2011-2012
AR,Jackson County,county,annual,1,,2006-2007 2010-2011 2022
AR,Jacksonville,municipality,annual,1,,1998-2013 2019-2023
AR,Jasper,municipality,annual,1,,2001 2025
AR,Jericho,municipality,annual,1,,2001
AR,Johnson County,county,annual,1,,2004 2009-2010 2023
AR,Jonesboro,municipality,annual,1,,2006-2024
AR,Jonesboro Ar Community Development Block Grant#b-00-Mc-05-0012,municipality,annual,1,,2000
AR,Kensett,municipality,annual,1,,2008 2013-2014
AR,Knoxville,municipality,annual,1,,2003
AR,Lake Village,municipality,annual,1,,2001 2003 2005 2010 2012 2014-2015
AR,Lavaca,municipality,annual,1,,2010
AR,Lawrence County,county,annual,1,,2020 2022 2025
AR,Letona,municipality,annual,1,,2003
AR,Little River County,county,annual,1,,1998 2020 2023
AR,Little Rock,municipality,annual,1,,1998-2025
AR,Logan County,county,annual,1,,2001 2016
AR,London,municipality,annual,1,,2009-2010
AR,Lonoke,municipality,annual,1,,2001
AR,Lonoke County,county,annual,1,,2001-2002 2006 2018-2021
AR,Lowell,municipality,annual,1,,2020
AR,Lynn,municipality,annual,1,,1998
AR,Madison County,county,annual,1,,2003 2011-2012 2017 2020 2022
AR,Magness Water And Waste Disposal Systems For Rural Communities,municipality,annual,1,,2007
AR,Magnolia,municipality,annual,1,,2020 2022-2024
AR,Magnolia Arkansas Municipal Water System,municipality,annual,1,,2001
AR,Malvern,municipality,annual,1,,2001 2008 2019 2023-2024
AR,Malvern,municipality,biennial,,,2008
AR,Mammoth Spring,municipality,annual,1,,2016
AR,Mansfield,municipality,annual,1,,2002
AR,Marianna,municipality,annual,1,,1999
AR,Marion,municipality,annual,1,,1998-1999 2004-2005 2012
AR,Marion County,county,annual,1,,2011-2013 2018
AR,Marked Tree,municipality,annual,1,,2012
AR,Marshall,municipality,annual,1,,2018-2019
AR,Marshall,municipality,annual,6,,2011
AR,Marvell,municipality,annual,10,,2011
AR,Maumelle,municipality,annual,1,,2010 2017 2020-2021 2025
AR,Mayflower,municipality,annual,1,,2019
AR,Mccrory,municipality,annual,1,,2007-2008 2016
AR,Mcgehee,municipality,annual,1,,2003 2005-2007 2015-2016
AR,Mcgehee,municipality,other,,18,1998
AR,Mcrae,municipality,annual,1,,2001
AR,Melbourne,municipality,annual,1,,2007 2014-2015
AR,Mena,municipality,annual,1,,2000-2002 2005 2009-2010 2019-2020
AR,Mena Federal Funds,municipality,annual,1,,2024
AR,Menifee,municipality,annual,1,,2001
AR,Midland,municipality,annual,1,,2013
AR,Miller County,county,annual,1,,2020
AR,Montgomery County,county,annual,1,,2001 2007 2012-2013 2016-2017 2020 2022
AR,Monticello,municipality,annual,1,,2001-2003 2008
AR,Morrilton,municipality,annual,1,,2000-2001 2006 2022
AR,Mount Ida,municipality,annual,1,,2001
AR,Mountain Home,municipality,annual,1,,2000-2002 2009 2017
AR,Mountainburg,municipality,annual,1,,2024-2025
AR,Mulberry Federal Programs,municipality,annual,1,,2012-2014
AR,Newport,municipality,annual,1,,2002 2004 2007 2009 2011 2014 2018 2022-2023 2025
AR,Newton County,county,annual,1,,2002 2008 2014 2022-2024
AR,Norman Water And Sewer System,municipality,annual,1,,2012-2013
AR,Norphlet,municipality,annual,1,,2005
AR,North Little Rock,municipality,annual,1,,1999-2024
AR,North Little Rock City,municipality,annual,1,,1998
AR,Oceola,municipality,annual,1,,2009 2020 2022
AR,Ola Water And Sewer System,municipality,annual,7,,2011-2012 2019
AR,Osceola,municipality,annual,1,,2003 2010
AR,Oxford,municipality,annual,1,,2004
AR,Paragould,municipality,annual,1,,2020-2022
AR,Paris,municipality,annual,1,,2021-2024
AR,Pea Ridge Waterworks And Sewer System,municipality,annual,11,,2008-2009
AR,Perla,municipality,annual,1,,1998
AR,Phillips County,county,annual,1,,2023
AR,Pike County,county,annual,1,,1998 2006-2007
AR,Pine Bluff,municipality,annual,1,,1998-2022
AR,Pocahontas,municipality,annual,1,,1998-1999 2008-2012
AR,Poinsett County,county,annual,1,,1998
AR,Polk County,county,annual,1,,2001 2004 2013 2020-2023
AR,Pope County,county,annual,1,,2023-2024
AR,Prairie Grove,municipality,annual,1,,2024
AR,Prescott,municipality,annual,1,,2013 2019
AR,Pulaski County,county,annual,1,,2003-2004 2006-2011 2018-2024
AR,Quitman,municipality,annual,1,,2017
AR,Randolph County,county,annual,1,,2008-2012 2015-2017 2022
AR,Rector,municipality,annual,1,,2003
AR,Rison,municipality,annual,1,,2024
AR,Rogers,municipality,annual,1,,2005-2024
AR,Russellville,municipality,annual,1,,2007-2009 2011 2019-2022
AR,Salesville,municipality,annual,1,,2010-2011
AR,Saline County,county,annual,1,,1998
AR,Scott County,county,annual,1,,2001 2009-2011 2015-2018 2021
AR,Searcy,municipality,annual,1,,2001-2004 2006-2007 2009-2012 2020-2024
AR,Searcy County,county,annual,1,,2005-2006 2008 2011 2018-2020
AR,Sebastian County,county,annual,1,,2001 2004-2009 2024
AR,Sevier County,county,annual,1,,1998-1999 2016 2020
AR,Sharp County,county,annual,1,,2006 2008-2011 2013-2015 2021-2022
AR,Sherwood,municipality,annual,1,,2020-2023
AR,Siloam Springs,municipality,annual,1,,2001-2005 2007-2015 2017
AR,Springdale,municipality,annual,1,,1998-2024
AR,St Francis County,county,annual,1,,1998
AR,St. Francis County,county,annual,1,,2004
AR,Stone County,county,annual,1,,1999 2003 2008-2011 2013 2019 2025
AR,Stuttgart,municipality,annual,1,,2000-2004 2006-2007 2014-2020
AR,Texarkana,municipality,annual,1,,1999-2002 2004-2010 2012-2014 2019-2020 2023-2024
AR,Trumann,municipality,annual,1,,2001
AR,Tuckerman,municipality,annual,1,,2016
AR,Tuckerman Federal Grants,municipality,annual,1,,2015
AR,Union County,county,annual,1,,2015 2017 2020 2022
AR,Van Buren,municipality,annual,1,,2020 2022
AR,Van Buren County,county,annual,1,,2002-2003 2008 2011 2013-2014 2020 2022
AR,Van Buren Federal Programs,municipality,annual,1,,2008 2010-2011
AR,Viola,municipality,annual,1,,2021-2022
AR,Waldron,municipality,annual,1,,2010 2012
AR,Walnut Ridge,municipality,annual,1,,2001 2003 2011-2012
AR,Ward,municipality,annual,1,,2006
AR,Warren,municipality,annual,1,,1998 2000 2004 2006
AR,Washington County,county,annual,1,,2021-2024
AR,West Memphis,municipality,annual,1,,2007-2020 2022-2023
AR,West Memphis,municipality,other,,60,2003
AR,West Point,municipality,annual,1,,2001
AR,Western Grove Water System,municipality,annual,1,,2004
AR,White County,county,annual,1,,2000-2005 2008 2011 2014 2020 2022-2025
AR,Wickes/ Water Systems,municipality,annual,1,,2005
AR,Woodruff County,county,annual,1,,2010-2011 2014 2020
AR,Wynne,municipality,annual,1,,2001
AR,Yell County,county,annual,1,,2001 2023
AR,Yellville,municipality,annual,1,,2009
CO,Adams County,county,annual,1,,1998-1999 2001-2023
CO,Akron,municipality,annual,1,,2006-2007 2024
CO,Alamosa,municipality,annual,1,,2000-2003 2005 2007-2008 2010 2022-2025
CO,Alamosa County,county,annual,1,,1998-2025
CO,Arapahoe County,county,annual,1,,1998-2007 2009-2010 2013-2022 2024
CO,Archuleta County,county,annual,1,,1999-2024
CO,Arriba,municipality,annual,1,,2001 2010
CO,Arvada,municipality,annual,1,,1998-2023 2025
CO,Aspen,municipality,annual,1,,2020 2023
CO,Ault,municipality,annual,1,,2016
CO,Aurora,municipality,annual,1,,1999-2024
CO,Aurora City,municipality,annual,1,,1998
CO,Avon,municipality,annual,1,,2002-2003 2007 2012-2013 2016 2020-2024
CO,Baca County,county,annual,1,,1998-2017 2020-2025
CO,Basalt,municipality,annual,1,,2017 2019 2022
CO,Bayfield,municipality,annual,1,,2010 2017 2020-2021 2024
CO,Bennett,municipality,annual,1,,2017 2023
CO,Bent County,county,annual,1,,1998-2024
CO,Boulder,municipality,annual,1,,1999-2009 2011-2024
CO,Boulder County,county,annual,1,,1998-2025
CO,Branson,municipality,annual,1,,2006
CO,Breckenridge,municipality,annual,1,,2005-2006 2008 2010 2016-2024
CO,Brighton,municipality,annual,1,,1998-1999 2009-2010 2014 2023 2025
CO,Brookside,municipality,annual,1,,2000
CO,Broomfield,municipality,annual,1,,1998-2024
CO,Brush,municipality,annual,1,,2011 2016
CO,Buena Vista,municipality,annual,1,,2004 2019 2024-2025
CO,Burlington,municipality,annual,1,,2017-2018 2020
CO,Campo,municipality,annual,1,,1998-1999 2012
CO,Canon City,municipality,annual,1,,2001 2003 2013-2014 2020-2022
CO,Cañon City,municipality,annual,1,,2023-2024
CO,Carbondale,municipality,annual,1,,1998
CO,Castle Pines,municipality,annual,1,,2021 2025
CO,Castle Rock,municipality,annual,1,,1999 2003 2011 2018-2024
CO,Cedaredge,municipality,annual,1,,2006 2015-2016 2024
CO,Centennial,municipality,annual,1,,2007-2009 2011-2014 2018 2020-2022
CO,Chaffee County,county,annual,1,,1998-2005 2007-2023
CO,Cherry Hills Village,municipality,annual,1,,2024
CO,Cheyenne County,county,annual,1,,2003
CO,Cheyenne Wells,municipality,annual,1,,2009-2010
CO,Clear Creek County,county,annual,1,,1998-2024
CO,Colorado Springs,municipality,annual,1,,1998-2024
CO,Commerce City,municipality,annual,1,,1998 2000 2002 2004 2010-2014 2017 2019-2022 2024-2025
CO,Conejos County,county,annual,1,,1998-2024
CO,Cortez,municipality,annual,1,,1999-2003 2006 2008-2009 2011 2013 2020 2024-2025
CO,Costilla County,county,annual,1,,1998-2024
CO,Craig,municipality,annual,1,,2001 2007-2008 2019-2020 2022-2025
CO,Crested Butte,municipality,annual,1,,2007-2009 2017 2022-2024
CO,Cripple Creek,municipality,annual,1,,1999-2000 2017 2020-2022 2024
CO,Crowley County,county,annual,1,,1998-2024
CO,Custer County,county,annual,1,,1998-2012 2014 2018 2020-2024
CO,Dacono,municipality,annual,1,,2001
CO,Deer Trail,municipality,annual,1,,2000 2020
CO,Del Norte,municipality,annual,1,,1999-2013 2019-2020 2024
CO,Del Norte Town,municipality,annual,1,,1998
CO,Delta,municipality,annual,1,,2001-2002 2008 2015
CO,Delta County,county,annual,1,,1998-2024
CO,Denver,municipality,annual,1,,1998-2003 2005-2024
CO,Dolores County,county,annual,1,,1998-2003 2009-2015 2018 2020-2024
CO,Douglas County,county,annual,1,,1998-2016
CO,Durango,municipality,annual,1,,1998-2025
CO,Eads,municipality,annual,1,,2003
CO,Eagle,municipality,annual,1,,2007-2008 2023-2024
CO,Eagle County,county,annual,1,,1998-2025
CO,Eaton,municipality,annual,1,,2005-2006 2022
CO,Eckley,municipality,annual,1,,2020
CO,Edgewater,municipality,annual,1,,2024
CO,El Paso County,county,annual,1,,1998-2024
CO,Elbert County,county,annual,1,,1999-2002 2004-2022 2024
CO,Elizabeth,municipality,annual,1,,2009
CO,Englewood,municipality,annual,1,,1998-2001 2003-2012 2020-2025
CO,Erie,municipality,annual,1,,1998 2005 2008-2011 2014 2020 2022-2025
CO,Estes Park,municipality,annual,1,,2002 2008-2009 2011 2013-2020 2022-2024
CO,Evans,municipality,annual,1,,1998 2004 2010 2014-2020 2022-2024
CO,Federal Heights,municipality,annual,1,,2018 2020 2022
CO,Fleming,municipality,annual,1,,2020
CO,Florence,municipality,annual,1,,2004-2005 2009-2011
CO,Fort Collins,municipality,annual,1,,1998-2025
CO,Fort Lupton,municipality,annual,1,,2009 2022 2024
CO,Fort Morgan,municipality,annual,1,,1998-1999 2003 2010 2013-2015 2019 2025
CO,Fountain,municipality,annual,1,,2000-2001 2003 2013 2020 2024-2025
CO,Fowler,municipality,annual,1,,1999 2001
CO,Fraser,municipality,annual,1,,2015 2019
CO,Fremont County,county,annual,1,,1998-2024
CO,Fris,municipality,annual,1,,2007 2023
CO,Frisco Town,municipality,annual,1,,1999
CO,Fruita,municipality,annual,1,,2001 2009 2016 2018 2020 2023-2024
CO,Garfield County,county,annual,1,,1998-2003 2011-2025
CO,Georgetown,municipality,annual,1,,2003 2009-2010
CO,Gilpin County,county,annual,1,,1998-2014 2020-2024
CO,Glendale,municipality,annual,1,,2005
CO,Glenwood Springs,municipality,annual,1,,1999-2001 2003 2008-2013 2017 2019-2024
CO,Golden,municipality,annual,1,,2001 2003 2010 2013 2016-2017 2020-2024
CO,Goshen County,county,annual,7,,2025
CO,Granada,municipality,annual,1,,2001
CO,Granby,municipality,annual,1,,2015-2016
CO,Grand County,county,annual,1,,1998-2001 2003-2025
CO,Grand Junction,municipality,annual,1,,1998-2014 2016-2017 2019-2025
CO,Grand Lake,municipality,annual,1,,2018-2019
CO,Greeley,municipality,annual,1,,1998-2025
CO,Greenwood Village,municipality,annual,1,,1998-1999 2002-2003 2006 2013 2016 2020-2022
CO,Gunnison,municipality,annual,1,,2019-2021 2024
CO,Gunnison County,county,annual,1,,1998-2006 2011-2024
CO,Hartman,municipality,annual,1,,2001
CO,Hayden,municipality,annual,1,,2014 2023-2024
CO,Hillrose,municipality,annual,1,,2006
CO,Hinsdale County,county,annual,1,,2012-2013 2019 2022-2023
CO,Holyoke,municipality,annual,1,,1998 2000 2016
CO,Hot Sulphur Springs,municipality,annual,1,,2009-2010
CO,Hotchkiss,municipality,annual,1,,2016
CO,Huerfano County,county,annual,1,,1998-1999 2003-2006 2024
CO,Hugo,municipality,annual,1,,2021
CO,Idaho Springs,municipality,annual,1,,2019-2020 2025
CO,Iliff,municipality,annual,1,,2017-2018
CO,Jackson County,county,annual,1,,2002 2004 2023
CO,Jamestown,municipality,annual,1,,2014-2016 2018 2020
CO,Jefferson County,county,annual,1,,1998-2015 2017
CO,Julesburg,municipality,annual,1,,2000
CO,Kiowa County,county,annual,1,,2003-2006 2008-2010 2019
CO,Kit Carson,municipality,annual,1,,2009-2012
CO,Kit Carson County,county,annual,1,,1998-2015 2017 2019-2024
CO,Kremmling,municipality,annual,1,,2010
CO,La Junta,municipality,annual,1,,1998-2005 2008-2012 2016-2020 2022-2024
CO,La Plata County,county,annual,1,,1998-2024
CO,La Veta,municipality,annual,1,,2019-2020
CO,Lafayette,municipality,annual,1,,2001-2003 2014 2020-2021 2023-2024
CO,Lafayette,municipality,biennial,,,2025
CO,Lajara,municipality,annual,1,,2013
CO,Lake City,municipality,annual,1,,2016
CO,Lake County,county,annual,1,,1998-2000 2005-2021 2023-2024
CO,Lakewood,municipality,annual,1,,1998-2025
CO,Lamar,municipality,annual,1,,2000 2010-2012 2014 2017 2020-2021 2024
CO,Lamar City,municipality,annual,1,,1998
CO,Larimer County,county,annual,1,,1998-2025
CO,Larkspur,municipality,annual,1,,2014
CO,Las Animas,municipality,annual,1,,1998-1999 2009 2014 2022
CO,Las Animas County,county,annual,1,,1998-2023
CO,Limon,municipality,annual,1,,1998-2016 2018 2020-2024
CO,Limon Town Hall,municipality,annual,1,,2025
CO,Lincoln County,county,annual,1,,1998-2024
CO,Littleton,municipality,annual,1,,1998-1999 2004-2007 2017 2020 2022 2024
CO,Lochbuie,municipality,annual,1,,1998-1999 2024-2025
CO,Log Lane Village,municipality,annual,1,,2000
CO,Logan County,county,annual,1,,1998-2025
CO,Lone Tree,municipality,annual,1,,2007-2008 2021-2024
CO,Longmont,municipality,annual,1,,1998-2025
CO,Louisville,municipality,annual,1,,2010 2012 2014-2016 2020-2023
CO,Loveland,municipality,annual,1,,1999-2025
CO,Lyons,municipality,annual,1,,2005 2009 2013-2025
CO,Mancos,municipality,annual,1,,2011-2012
CO,Manitou Springs,municipality,annual,1,,2006-2007 2010-2014 2016-2018 2021-2024
CO,Manzanola,municipality,annual,1,,2015
CO,Marion,municipality,annual,5,,2024
CO,Mead,municipality,annual,1,,2024-2025
CO,Mesa County,county,annual,1,,1998-2024
CO,Milliken,municipality,annual,1,,2000 2004-2005 2019
CO,Mills,municipality,annual,7,,2024
CO,Mineral County,county,annual,1,,2009-2011 2024
CO,Moffat County,county,annual,1,,1998-2001 2011-2025
CO,Monte Vista,municipality,annual,1,,1999 2001 2006 2009-2011 2016-2017 2024
CO,Montezuma County,county,annual,1,,1998-2020 2022-2024
CO,Montrose,municipality,annual,1,,2000-2003 2006 2008-2012 2016-2018 2020
CO,Montrose County,county,annual,1,,1998-2022 2024-2025
CO,Monument,municipality,annual,1,,2002 2025
CO,Morgan County,county,annual,1,,1998-2014 2016-2024
CO,Mountain Village,municipality,annual,1,,2000 2002-2003 2014 2016 2020-2021 2024
CO,Mt. Crested Butte,municipality,annual,1,,2016
CO,Naturita,municipality,annual,1,,2013
CO,New Castle,municipality,annual,1,,2009-2010
CO,Northglenn,municipality,annual,1,,1999-2000 2002-2003 2005 2010-2012 2020-2024
CO,Norwood,municipality,annual,1,,2002
CO,Nucla,municipality,annual,1,,2004
CO,Nunn,municipality,annual,1,,2012-2013
CO,Oak Creek,municipality,annual,1,,2011 2017
CO,Olathe,municipality,annual,1,,2001 2004 2006
CO,Olney Springs,municipality,annual,1,,2004 2014
CO,Onalaska,municipality,annual,1,,2023
CO,Orchard City,municipality,annual,1,,2010-2011 2020-2021
CO,Ordway,municipality,annual,1,,2019
CO,Otero County,county,annual,1,,1998-1999 2001-2023
CO,Ouray,municipality,annual,1,,2012
CO,Ouray County,county,annual,1,,2002 2009-2010 2020 2023
CO,Pagosa Springs,municipality,annual,1,,2020
CO,Palisade,municipality,annual,1,,2006-2007 2016 2023
CO,Palmer Lake,municipality,annual,1,,2024
CO,Paonia,municipality,annual,1,,2015 2017
CO,Park County,county,annual,1,,2000-2001 2005-2018 2020-2025
CO,Parker,municipality,annual,1,,1998 2000-2001 2020 2024
CO,Peetz,municipality,annual,1,,2021
CO,Phillips County,county,annual,1,,1998-2002 2004-2014 2021 2024
CO,Phillips County,county,biennial,,,2003
CO,Pitkin County,county,annual,1,,1998-2005 2007 2009-2025
CO,Platteville,municipality,annual,1,,2021-2022
CO,Poncha Springs,municipality,annual,1,,2018-2019
CO,Prowers County,county,annual,1,,1998-2024
CO,Pueblo,municipality,annual,1,,1998-2016 2018-2024
CO,Pueblo County,county,annual,1,,1998-2024
CO,Ramah,municipality,annual,1,,2024
CO,Rangely,municipality,annual,1,,2001
CO,Red Cliff,municipality,annual,1,,1998 2009-2010
CO,Ri,municipality,annual,1,,2012
CO,Rifle,municipality,annual,1,,2009 2013-2016 2024
CO,Rio Blanco County,county,annual,1,,1998-2024
CO,Rio Grande County,county,annual,1,,1998-2024
CO,Rocky Ford,municipality,annual,1,,2008-2012 2014
CO,Routt County,county,annual,1,,1998-2024
CO,Rye,municipality,annual,1,,2010
CO,Saguache,municipality,annual,1,,2018
CO,Saguache County,county,annual,1,,1998-2001 2003-2024
CO,Salida,municipality,annual,1,,2009 2013 2015 2021-2023
CO,San Luis,municipality,annual,1,,2003
CO,San Miguel County,county,annual,1,,1998-2002 2004 2008-2012 2014-2017 2020-2024
CO,Sedgwick County,county,annual,1,,1998-2003 2009
CO,Seibert,municipality,annual,1,,2009-2011
CO,Severance,municipality,annual,1,,2009 2011 2024-2025
CO,Sheridan,municipality,annual,1,,2000 2004 2016 2020 2022
CO,Silt,municipality,annual,1,,2024
CO,Silverthorne,municipality,annual,1,,2003 2024
CO,Simla,municipality,annual,1,,1998-2002 2022
CO,Snowmass Village,municipality,annual,1,,2011 2020-2022
CO,South Fork,municipality,annual,1,,2021
CO,Springfield,municipality,annual,1,,2000
CO,Steamboat Springs,municipality,annual,1,,1998-2017 2019-2024
CO,Sterling,municipality,annual,1,,1998 2002 2010 2012-2014 2016 2023-2024
CO,Sugar City,municipality,annual,1,,2004
CO,Summit County,county,annual,1,,1998-2006 2008-2011 2013 2015-2018 2021-2025
CO,Superior,municipality,annual,1,,2005-2006 2021-2025
CO,Teller County,county,annual,1,,1998-2014 2017 2025
CO,Telluride,municipality,annual,1,,1999 2001-2002 2009 2020-2021 2023
CO,Thornton,municipality,annual,1,,1998-2025
CO,Timnath,municipality,annual,1,,2013
CO,Trinidad,municipality,annual,1,,1999-2001 2017 2019-2022
CO,Two Buttes,municipality,annual,1,,2012
CO,Vail,municipality,annual,1,,1998 2004 2006 2008 2010-2012 2019-2025
CO,Victor,municipality,annual,1,,2011-2012
CO,Walsenburg,municipality,annual,1,,2016-2017 2019
CO,Walsh,municipality,annual,1,,2003-2004
CO,Washington County,county,annual,1,,1999-2014 2020
CO,Weld State Of County,county,annual,1,,1998-2005 2008
CO,Wellington,municipality,annual,1,,2002-2003
CO,Westcliffe,municipality,annual,1,,2017 2022 2024
CO,Westminster,municipality,annual,1,,1998-2025
CO,Wheat Ridge,municipality,annual,1,,1999 2001 2011 2013-2016 2019-2024
CO,Wiggins,municipality,annual,1,,2011-2013
CO,Wiley,municipality,annual,1,,2005
CO,Williamsburg,municipality,annual,1,,2015
CO,Windsor,municipality,annual,1,,2010-2016 2020 2022-2024
CO,Winter Park,municipality,annual,1,,2022-2024
CO,Woodland Park,municipality,annual,1,,1998-2004 2013-2014 2017 2020 2023
CO,Wray,municipality,annual,1,,2000-2002 2004 2007 2016-2017 2019-2021
CO,Yampa,municipality,annual,1,,2024
CO,Yorkshire Corporation 101-98005,municipality,annual,1,,2004-2011
CO,Yuma,municipality,annual,1,,2004 2016
CO,Yuma County,county,annual,1,,1998-2017 2019-2024
CT,Andover,municipality,annual,7,,2007 2010-2011 2024-2025
CT,Ansonia,municipality,annual,7,,1998-1999 2001-2007 2010-2013 2015 2017-2025
CT,Ashford,municipality,annual,7,,2002 2006-2015 2022-2024
CT,Ashford Town,municipality,annual,7,,1998
CT,Avon,municipality,annual,7,,1998-2025
CT,Beacon Falls,municipality,annual,7,,1999-2000 2004 2010-2012 2023
CT,Berlin,municipality,annual,7,,1998-2023 2025
CT,Bethany,municipality,annual,7,,2010-2011 2020 2022-2025
CT,Bethel,municipality,annual,7,,1998-2021 2023-2025
CT,Bethlehem,municipality,annual,7,,2021
CT,Bloomfield,municipality,annual,7,,1999-2024
CT,Bolton,municipality,annual,7,,1999 2010-2012 2022
CT,Bozrah,municipality,annual,7,,2006
CT,Branford,municipality,annual,7,,1998-2008 2010-2024
CT,Bridgeport,municipality,annual,7,,1998-2025
CT,Bristol,municipality,annual,7,,1999-2002 2004-2025
CT,Bristol City,municipality,annual,7,,1998
CT,Brookfield,municipality,annual,7,,2000-2020 2022-2025
CT,Brookfield Town,municipality,annual,7,,1999
CT,Brooklyn,municipality,annual,7,,1998-2015 2017 2019-2025
CT,Burlington,municipality,annual,7,,2002-2003 2005-2006 2015 2017 2024-2025
CT,Burrillville,municipality,annual,7,,2025
CT,Canterbury,municipality,annual,7,,2000-2002 2010-2013 2015 2021 2024
CT,Canton,municipality,annual,7,,1998-2007 2009-2015 2019-2025
CT,Chaplin,municipality,annual,7,,1998-2000 2024-2025
CT,Cheshire,municipality,annual,7,,1998-2004 2008-2025
CT,Chester,municipality,annual,7,,2002 2021 2023-2024
CT,Clinton,municipality,annual,7,,1998-2025
CT,Colchester,municipality,annual,7,,1999-2025
CT,Colchester Town,municipality,annual,7,,1998
CT,Colebrook,municipality,annual,7,,2000-2003 2011 2013 2023-2024
CT,Colebrook Town,municipality,annual,7,,1998
CT,Columbia,municipality,annual,7,,2003 2008 2010-2011 2023
CT,Cornwall,municipality,annual,7,,2012
CT,Coventry,municipality,annual,7,,1998-2025
CT,Cromwell,municipality,annual,7,,1999-2025
CT,Cromwell Town,municipality,annual,7,,1998
CT,Danbury,municipality,annual,7,,1998-2005 2008-2022 2024
CT,Danielson,municipality,annual,7,,2023
CT,Darien,municipality,annual,7,,2002-2025
CT,Darien Town,municipality,annual,7,,1999-2001
CT,Dartmouth Town Hall,municipality,annual,7,,2024
CT,Deep River,municipality,annual,7,,2002-2003 2008 2010-2013 2016-2017
CT,Derby,municipality,annual,7,,1998 2002 2016 2022-2025
CT,Durham,municipality,annual,7,,2003-2004 2006-2007 2011
CT,East Granby,municipality,annual,7,,2008-2012 2022-2024
CT,East Haddam,municipality,annual,7,,1998-2002 2004-2008 2010-2013 2015-2017 2019-2024
CT,East Hampton,municipality,annual,7,,1998 2000-2015 2017-2025
CT,East Hartford,municipality,annual,7,,1999-2015 2017-2025
CT,East Hartford Town,municipality,annual,7,,1998
CT,East Haven,municipality,annual,7,,1998-2008 2010-2024
CT,East Lyme,municipality,annual,7,,1998-2006 2008-2023
CT,East Windsor,municipality,annual,7,,1998-2011 2013-2019 2021-2025
CT,Eastford,municipality,annual,7,,2017
CT,Easton,municipality,annual,7,,2009 2023-2025
CT,Ellington,municipality,annual,7,,1998-2013 2017-2023 2025
CT,Enfield,municipality,annual,7,,1999-2022
CT,Enfield Town,municipality,annual,7,,1998
CT,Essex,municipality,annual,7,,2012 2017-2018 2022-2024
CT,Fairfield,municipality,annual,7,,1999-2000 2002-2025
CT,Fairfield Town,municipality,annual,7,,1998
CT,Farmington,municipality,annual,7,,1998-2002 2004-2025
CT,Franklin,municipality,annual,7,,2001 2004-2006 2008
CT,Glastonbury,municipality,annual,7,,1998-2025
CT,Granby,municipality,annual,7,,1999-2004 2006-2019 2021-2025
CT,Granby Town,municipality,annual,7,,1998
CT,Greenwich,municipality,annual,7,,1998-2025
CT,Griswold,municipality,annual,7,,2006-2025
CT,Groton,municipality,annual,7,,1998-2025
CT,Groton Town,municipality,annual,7,,1998
CT,Guilford,municipality,annual,7,,1998-2025
CT,Haddam,municipality,annual,7,,2020-2021 2023
CT,Hamden,municipality,annual,7,,1999-2023
CT,Hamden Town,municipality,annual,7,,1998
CT,Hampton,municipality,annual,7,,1999-2001 2009
CT,Hartford,municipality,annual,7,,1998-2025
CT,Hartland,municipality,annual,7,,2000 2002-2003
CT,Harwinton,municipality,annual,7,,1998 2000
CT,Hebron,municipality,annual,7,,1999 2001-2004 2009-2012 2019
CT,Kent,municipality,annual,7,,2003 2007 2012 2014 2017 2024
CT,Killingly,municipality,annual,7,,1999-2010 2012-2024
CT,Killingly Town,municipality,annual,7,,1998
CT,Killingworth,municipality,annual,7,,2025
CT,Lebanon,municipality,annual,7,,1998-2001 2003-2007 2009-2015 2017 2020-2025
CT,Ledyard,municipality,annual,7,,2001-2003 2005-2021 2023-2025
CT,Lisbon,municipality,annual,7,,2010-2011 2022-2024
CT,Litchfield,municipality,annual,7,,1998-2022 2024-2025
CT,Lyme,municipality,annual,7,,2023-2024
CT,Madison,municipality,annual,7,,1999-2025
CT,Madison Town,municipality,annual,7,,1998
CT,Manchester,municipality,annual,7,,2000-2018 2020-2025
CT,Manchester Town,municipality,annual,7,,1998-1999
CT,Mansfield,municipality,annual,7,,1998-2025
CT,Marlborough,municipality,annual,7,,2001 2010-2011 2020-2024
CT,Meriden,municipality,annual,7,,1998-2025
CT,Middlebury,municipality,annual,7,,2002-2003 2009-2012 2022
CT,Middlefield,municipality,annual,7,,2000-2002 2006
CT,Middletown,municipality,annual,7,,1999-2006 2008-2025
CT,Middletown City,municipality,annual,7,,1998
CT,Milford,municipality,annual,7,,2001-2025
CT,Milford City,municipality,annual,7,,1998-1999
CT,Monroe,municipality,annual,7,,1999-2025
CT,Monroe Town,municipality,annual,7,,1998
CT,Montville,municipality,annual,7,,1998-2024
CT,Morris,municipality,annual,7,,2020
CT,Naugatuck,municipality,annual,7,,1999 2001-2024
CT,Naugatuck Borough,municipality,annual,7,,1998
CT,New Britain,municipality,annual,7,,1998-2001 2003-2004 2006 2008-2025
CT,New Canaan,municipality,annual,7,,2000-2025
CT,New Fairfield,municipality,annual,7,,1998 2000-2002 2006-2025
CT,New Hartford,municipality,annual,7,,2000-2003 2010-2011 2014 2023-2025
CT,New Hartford Town,municipality,annual,7,,1999
CT,New Haven,municipality,annual,7,,1998-2025
CT,New London,municipality,annual,7,,1998-2002 2004-2025
CT,New Milford,municipality,annual,7,,1998-2009 2011-2025
CT,Newington,municipality,annual,7,,1999-2025
CT,Newington Town,municipality,annual,7,,1998
CT,Newtown,municipality,annual,7,,1998-2025
CT,Norfolk,municipality,annual,7,,1998-1999 2023-2025
CT,North Branford,municipality,annual,7,,1998-2007 2009-2011 2013-2016 2021-2025
CT,North Canaan,municipality,annual,7,,2009-2011 2013 2017-2018 2022-2023
CT,North Haven,municipality,annual,7,,2000-2021 2023-2025
CT,North Haven Town,municipality,annual,7,,1998-1999
CT,North Kingstown,municipality,annual,7,,2025
CT,North Stonington,municipality,annual,7,,2003 2005-2007 2010-2011 2013 2015 2022-2024
CT,Norwalk,municipality,annual,7,,1998-2025
CT,Norwich,municipality,annual,7,,1999-2022 2025
CT,Norwich City,municipality,annual,7,,1998
CT,Old Saybrook,municipality,annual,7,,1998-2005 2007-2013 2015 2020-2025
CT,Orange,municipality,annual,7,,1999 2002-2003 2005 2010-2015 2021-2025
CT,Oxford,municipality,annual,7,,2008-2011 2013-2024
CT,Plainfield,municipality,annual,7,,1998-2025
CT,Plainville,municipality,annual,7,,1999-2013 2016-2025
CT,Plainville Town,municipality,annual,7,,1998
CT,Plymouth,municipality,annual,7,,1998-2022 2024
CT,Pomfret,municipality,annual,7,,1999-2000 2010-2011 2019-2021 2024
CT,Portland,municipality,annual,7,,2000-2015 2021-2025
CT,Preston,municipality,annual,7,,2003-2004 2008 2010-2011 2013-2016 2022-2025
CT,Putnam,municipality,annual,7,,1998-2007 2011 2013-2025
CT,Redding,municipality,annual,7,,2002 2006 2008-2013 2023-2025
CT,Ridgefield,municipality,annual,7,,2001-2025
CT,Ridgefield Town,municipality,annual,7,,1999-2000
CT,Rocky Hill,municipality,annual,7,,1998-2025
CT,Roxbury,municipality,annual,7,,2003
CT,Salem,municipality,annual,7,,2010-2011 2023
CT,Salisbury,municipality,annual,7,,2001-2003 2016 2018 2021 2024
CT,Scotland,municipality,annual,7,,2011
CT,Seymour,municipality,annual,7,,1998-2007 2011-2016 2018-2025
CT,Sharon,municipality,annual,7,,2010 2021-2022
CT,Shelton,municipality,annual,7,,1999-2004 2006-2007 2009-2010 2012-2025
CT,Shelton City,municipality,annual,7,,1998
CT,Simsbury,municipality,annual,7,,1998-2025
CT,Somers,municipality,annual,7,,2000-2001 2003 2006 2009 2011-2012 2014-2015 2022-2025
CT,South Windsor,municipality,annual,7,,2001-2025
CT,Southbury,municipality,annual,7,,2001 2011-2012 2016 2019 2023-2025
CT,Southington,municipality,annual,7,,1998-2025
CT,Sprague,municipality,annual,7,,1999-2002 2005-2007 2009-2010 2014-2015 2017 2022-2025
CT,Sprague Town,municipality,annual,7,,1998
CT,Stafford,municipality,annual,7,,1998-2009 2011-2025
CT,Stafford Springs,municipality,annual,7,,2010
CT,Stamford,municipality,annual,7,,1998-2024
CT,Sterling,municipality,annual,7,,1999 2003 2010 2012 2023
CT,Stonington,municipality,annual,7,,1998-2025
CT,Stratford,municipality,annual,7,,1998-2025
CT,Suffield,municipality,annual,7,,1998-2025
CT,Thomaston,municipality,annual,7,,1999-2003 2005-2013 2015-2016 2019 2021-2025
CT,Thomaston Town,municipality,annual,7,,1998
CT,Thompson,municipality,annual,7,,1998-2000 2002-2025
CT,Tolland,municipality,annual,7,,1998-2025
CT,Torrington,municipality,annual,7,,1998-2025
CT,Trumbull,municipality,annual,7,,1998-2025
CT,Union,municipality,annual,7,,1999
CT,Vernon,municipality,annual,7,,1998-2024
CT,Voluntown,municipality,annual,7,,2010 2018 2021
CT,Wallingford,municipality,annual,7,,1998-2025
CT,Washington,municipality,annual,7,,2018 2023-2024
CT,Waterbury,municipality,annual,7,,1998-2025
CT,Waterford,municipality,annual,7,,1999-2025
CT,Waterford Town,municipality,annual,7,,1998
CT,Watertown,municipality,annual,7,,1998-1999 2001-2025
CT,West Hartford,municipality,annual,7,,1998-2025
CT,West Haven,municipality,annual,7,,1998-1999 2001-2025
CT,Westbrook,municipality,annual,7,,2003 2006 2011-2013 2022-2025
CT,Weston,municipality,annual,7,,2002-2003 2005-2014 2016 2020-2025
CT,Westport,municipality,annual,7,,1998-2012 2014-2021 2024-2025
CT,Wethersfield,municipality,annual,7,,1998-2023
CT,Willington,municipality,annual,7,,2003-2005 2010-2012 2021-2025
CT,Wilton,municipality,annual,7,,1998-2002 2004-2024
CT,Winchester,municipality,annual,7,,1998-2015 2017-2025
CT,Windham,municipality,annual,7,,1998-2009 2012-2020 2022-2025
CT,Windsor,municipality,annual,7,,1998-2025
CT,Windsor Locks,municipality,annual,7,,1998-2023
CT,Wolcott,municipality,annual,7,,1998-2025
CT,Woodbridge,municipality,annual,7,,2000 2007 2010-2016 2022-2025
CT,Woodbridge Town,municipality,annual,7,,1999
CT,Woodbury,municipality,annual,7,,2007 2020 2023-2025
CT,Woodstock,municipality,annual,7,,2002-2003 2005-2015 2017-2018 2020-2025
DE,Bethany Beach,municipality,annual,4,,2001 2014-2015
DE,Bridgeville,municipality,annual,7,,2005 2007-2009 2015
DE,Camden,municipality,annual,7,,2023
DE,Dagsboro,municipality,annual,7,,2005-2006
DE,Delaware City,municipality,annual,7,,2003 2008 2012 2023
DE,Dover,municipality,annual,7,,1998-2004 2006-2007 2009-2014 2019-2023
DE,Easton,municipality,annual,1,,2024
DE,Elsmere,municipality,annual,7,,2023
DE,Frankford,municipality,annual,7,,2004
DE,Georgetown,municipality,annual,5,,2000-2004 2006-2007 2010 2012-2020 2022-2024
DE,Harrington,municipality,annual,7,,1999-2001 2010-2012 2016 2019-2024
DE,Laurel,municipality,annual,7,,2000 2005-2007 2010 2012 2014-2015 2017-2018
DE,Lewes,municipality,annual,4,,2002 2006 2024
DE,Middletown,municipality,annual,7,,2008 2012-2014 2021-2023 2025
DE,Milford,municipality,annual,7,,2002 2010-2011 2013-2018 2020-2024
DE,Millsboro,municipality,annual,7,,2005 2007-2014 2023-2024
DE,Milton,municipality,annual,10,,2022 2025
DE,New Castle,municipality,annual,7,,2012
DE,New Castle County,county,annual,7,,1998-2017 2019-2025
DE,Newark,municipality,annual,1,,2003-2004 2006-2013 2019-2022 2024
DE,Ocean View,municipality,annual,5,,2007-2008
DE,Rehoboth,municipality,annual,4,,2025
DE,Rehoboth Beach,municipality,annual,4,,2004-2007 2010-2011 2016-2021 2024
DE,Rehoboth Beach,municipality,annual,7,,2008
DE,Rehoboth Beach City,municipality,annual,4,,1999
DE,Seaford,municipality,annual,7,,1998-2000 2009-2013
DE,Selbyville,municipality,annual,2,,2001-2002 2004-2007 2009 2013 2017-2018 2023
DE,Selbyville,municipality,annual,3,,1998-2000
DE,Smyrna,municipality,annual,1,,2009-2016 2019 2021-2024
DE,Sussex County,county,annual,7,,2001-2017 2020-2025
DE,Wilmington,municipality,annual,7,,1998 2002-2025
DC,Williams County,county,annual,1,,2020
FL,Alachua,municipality,annual,10,,1999 2001 2003-2008 2010-2011 2020 2024-2025
FL,Alachua County,county,annual,10,,1998-2024
FL,Alford,municipality,annual,10,,2005-2006 2023
FL,Altamonte Springs,municipality,annual,10,,2004-2005 2019-2020 2022-2025
FL,Altha,municipality,annual,10,,2003 2009-2010
FL,Anna Maria,municipality,annual,10,,2019
FL,Apalachicola,municipality,annual,10,,2000 2003-2004 2007-2015 2017 2022 2025
FL,Apalachicola,municipality,other,,12,2024
FL,Apopka,municipality,annual,10,,1998-2001 2003-2004 2019 2022-2025
FL,Arcadia,municipality,annual,10,,1998-1999 2003-2008 2011-2016 2019-2021 2023-2025
FL,Archer,municipality,annual,10,,2005
FL,Atlantic Beach,municipality,annual,10,,2001 2003 2010-2012 2019 2022
FL,Auburndale,municipality,annual,10,,2011
FL,Aventura,municipality,annual,10,,2000 2006 2010 2012-2013 2015 2019-2025
FL,Avon Park,municipality,annual,10,,2002-2005 2007 2009 2013-2014 2018 2020 2022-2023
FL,Baker County,county,annual,10,,2001-2017 2020-2023
FL,Bal Harbour Village,municipality,annual,10,,2010 2021
FL,Baldwin,municipality,annual,10,,2004-2005 2009 2012
FL,Bartow,municipality,annual,10,,1999-2006 2008 2011-2012 2019-2020 2022-2024
FL,Bay County,county,annual,10,,1998-2024
FL,Bay Harbor Islands,municipality,annual,10,,2003 2020 2023
FL,Belle Glade,municipality,annual,10,,2000-2009 2012 2019 2021-2024
FL,Belle Isle,municipality,annual,10,,2004 2006-2007 2019
FL,Belleair,municipality,annual,10,,2024-2025
FL,Belleview,municipality,annual,10,,1999 2001-2002 2007 2010 2019 2023-2024
FL,Belleview City,municipality,annual,10,,1998
FL,Bellleview,municipality,annual,10,,2025
FL,Biscayne Park,municipality,annual,10,,2006 2021
FL,Blountstown,municipality,annual,10,,1998-1999 2001 2003 2005-2006 2010 2012-2014 2019 2021
FL,Boca Raton,municipality,annual,10,,1998-2016 2020-2025
FL,Bonifay,municipality,annual,10,,2000-2001 2005-2007 2010-2014 2017-2019 2021 2023
FL,Bonita Springs,municipality,annual,10,,2006 2019-2024
FL,Bonita Springs City Hall,municipality,annual,10,,2025
FL,Bowling Green,municipality,annual,10,,2000 2003 2007-2009 2012 2016 2019-2020 2023
FL,Boynton Beach,municipality,annual,10,,1998-2015 2019-2020 2023-2025
FL,Bradenton,municipality,annual,10,,1998-2013 2016 2018-2025
FL,Bradford County,county,annual,10,,1998-1999 2005 2010-2011
FL,Branford,municipality,annual,10,,2000
FL,Brevard County,county,annual,10,,1998-2025
FL,Bristol,municipality,annual,10,,2004 2007-2008 2012
FL,Bronson,municipality,annual,10,,1998 2000 2004 2015
FL,Brooker,municipality,annual,10,,2013
FL,Brooksville,municipality,annual,10,,1999-2000 2002-2004 2010-2012
FL,Broward County,county,annual,10,,1998-2013 2015-2025
FL,Bunnell,municipality,annual,10,,2006 2013-2016 2025
FL,Bushnell,municipality,annual,10,,2002-2003 2005 2007-2008 2010-2012 2022
FL,Calhoun County,county,annual,10,,1999-2021 2023-2024
FL,Callahan,municipality,annual,10,,2001 2023-2024
FL,Callaway,municipality,annual,10,,2000 2009 2012 2019-2024
FL,Cape Canaveral,municipality,annual,10,,2016-2017 2022
FL,Cape Coral,municipality,annual,10,,1999-2025
FL,Cape Coral City,municipality,annual,10,,1998
FL,Carrabelle,municipality,annual,10,,2000-2005 2009-2012 2022-2024
FL,Casselberry,municipality,annual,10,,1998 2000-2005 2009-2014 2019 2023-2025
FL,Cedar Grove,municipality,annual,10,,2000-2006
FL,Cedar Key,municipality,annual,10,,1998 2011
FL,Center Hill,municipality,annual,10,,2007
FL,Century,municipality,annual,10,,2010 2016 2019
FL,Charlotte County,county,annual,10,,1998-2004 2010-2025
FL,Chattahoochee,municipality,annual,10,,2002 2005 2019-2020 2023-2024
FL,Chiefland,municipality,annual,10,,2002 2005 2014
FL,Chipley,municipality,annual,10,,1998-2009 2012 2019 2021-2022 2024-2025
FL,Cinco Bayou,municipality,annual,10,,2011 2013
FL,Citrus County,county,annual,10,,1998-2012 2019-2025
FL,Clay County,county,annual,10,,2008-2010 2012 2014-2015 2018-2025
FL,Clearwater,municipality,annual,10,,1998-2025
FL,Clermont,municipality,annual,10,,2002-2003 2008 2016 2019-2025
FL,Clewiston,municipality,annual,10,,2007-2008 2010 2013 2018 2021 2023-2024
FL,Cocoa,municipality,annual,10,,1998-2013 2015 2017 2019-2025
FL,Cocoa Beach,municipality,annual,10,,2002-2005 2007 2010-2011 2016-2017 2022-2025
FL,Coconut Creek,municipality,annual,10,,2001 2004-2007 2009-2015 2018-2019 2021-2023 2025
FL,Coleman,municipality,annual,10,,1998-2009 2011 2014
FL,Collier County,county,annual,10,,2000-2025
FL,Columbia County,county,annual,10,,1999 2002-2003 2006 2009-2015 2020-2025
FL,Cooper City,municipality,annual,10,,2000-2002 2006 2020-2025
FL,Coral Gables,municipality,annual,10,,1998-2001 2004-2006 2010-2015 2017-2025
FL,Coral Springs,municipality,annual,10,,1998-2018 2020-2025
FL,Corss City,municipality,annual,10,,2013
FL,Cottondale,municipality,annual,10,,1999-2000 2003 2012-2014 2025
FL,Crescent City,municipality,annual,10,,2000-2003 2010 2012 2016
FL,Crestview,municipality,annual,10,,1998-1999 2001-2002 2004-2005 2007-2008 2010 2013 2020 2022 2024
FL,Cross City,municipality,annual,10,,1999 2001-2006 2008 2014
FL,Crystal River,municipality,annual,10,,2000-2002 2004-2009 2011-2014 2021 2023-2025
FL,Cutler Bay,municipality,annual,10,,2010 2018-2020 2022-2024
FL,Dade City,municipality,annual,10,,1998 2001-2003 2008 2010-2011 2014 2019 2021-2024
FL,Dania Beach,municipality,annual,10,,1998-2015 2020 2022-2024
FL,Davenport,municipality,annual,10,,2008-2009 2013 2019-2020 2022
FL,Davie,municipality,annual,10,,1998-1999 2001-2014 2016-2025
FL,Daytona Beach,municipality,annual,10,,1998-2025
FL,Daytona Beach Shores,municipality,annual,10,,1999 2003 2012 2022
FL,Debary,municipality,annual,10,,2004-2005 2008-2010 2012-2013 2017-2018 2022-2023 2025
FL,Deerfield Beach,municipality,annual,10,,1998-2021 2023-2025
FL,Defuniak Springs,municipality,annual,10,,1998-1999 2004-2008 2012-2015 2017 2024
FL,Deland,municipality,annual,10,,1998-1999 2002-2015 2017 2019-2021 2023-2025
FL,Delray Beach,municipality,annual,10,,1998-2021 2023-2025
FL,Deltona,municipality,annual,10,,2002-2005 2007-2008 2010-2015 2017-2025
FL,Desoto County,county,annual,10,,1999-2003 2009-2018
FL,Destin,municipality,annual,10,,2005 2010 2020 2022
FL,Dixie County,county,annual,10,,2001-2015 2017 2020-2023
FL,Doral,municipality,annual,10,,2010-2012 2014 2017 2019-2021 2023-2025
FL,Dundee,municipality,annual,10,,1999 2002 2011
FL,Dunedin,municipality,annual,10,,2000 2003-2005 2009 2019 2022-2025
FL,Dunnellon,municipality,annual,10,,1998-2000 2005 2008 2010-2011
FL,Eagle Lake,municipality,annual,10,,2005-2006 2011
FL,Eatonville,municipality,annual,10,,1999-2000 2008 2016-2017 2020
FL,Edgewater,municipality,annual,10,,2004-2005 2010-2012 2015 2018-2020 2022-2025
FL,El Portal,municipality,annual,10,,2006 2022
FL,Escambia County,county,annual,10,,1998-2025
FL,Estero,municipality,annual,10,,2022-2025
FL,Eustis,municipality,annual,10,,1998 2000-2005 2011 2019-2020 2022-2024
FL,Everglades,municipality,annual,10,,2023-2024
FL,Everglades City,municipality,annual,10,,1999 2002 2006-2007 2014
FL,Fanning Springs,municipality,annual,10,,2002 2008 2012 2024
FL,Fellsmere,municipality,annual,10,,1998 2001-2002 2007 2009-2012 2014-2015 2021-2024
FL,Fernandina Beach,municipality,annual,10,,1998 2000-2001 2003-2006 2009-2015 2019-2021 2023-2025
FL,Flagler Beach,municipality,annual,10,,2006-2008 2010-2011 2013-2014 2018-2020 2023-2025
FL,Flagler County,county,annual,10,,2001-2025
FL,Florida,municipality,annual,10,,2024
FL,Florida City,municipality,annual,10,,1999-2004 2006-2014 2019 2021 2023 2025
FL,Fort Bend County,county,annual,10,,2025
FL,Fort Lauderdale,municipality,annual,10,,1998-2025
FL,Fort Meade,municipality,annual,10,,2004 2006 2008
FL,Fort Myers,municipality,annual,10,,1998-2025
FL,Fort Myers Beach,municipality,annual,10,,2003-2006 2010-2011 2016-2019 2022-2024
FL,Fort Pierce,municipality,annual,10,,1998-1999 2001-2004 2009-2025
FL,Fort Walton Beach,municipality,annual,10,,1998-2006 2010 2016 2020-2023
FL,Franklin County,county,annual,10,,1998 2002-2005 2007-2008 2010-2024
FL,Freeport,municipality,annual,10,,1999-2000 2002-2004 2007-2008 2012 2023-2025
FL,Frostproof,municipality,annual,10,,2004 2007-2008 2010
FL,Ft Pierce,municipality,annual,10,,2006-2008
FL,Ft. Pierce,municipality,annual,10,,2005
FL,Gadsden County,county,annual,10,,2001-2015 2017 2019-2024
FL,Gainesville,municipality,annual,10,,1998-2025
FL,Gilchrist County,county,annual,10,,1998-2003 2005-2008 2015 2020-2023
FL,Glades County,county,annual,10,,1998-2000 2004-2012 2017 2019-2023
FL,Glen St. Mary,municipality,annual,10,,2004-2005
FL,Glen Staint Mary Town Hall,municipality,annual,10,,2025
FL,Golden Beach,municipality,annual,10,,2006 2009-2015
FL,Golf,municipality,annual,10,,2022
FL,Graceville,municipality,annual,10,,1998-2001 2003 2005 2009-2011 2013
FL,Grand Ridge,municipality,annual,10,,2002 2005 2007 2009-2011 2017 2022
FL,Green Cove Springs,municipality,annual,10,,1999-2014 2017-2018 2020-2025
FL,Green Cove Springs City,municipality,annual,10,,1998
FL,Greenacres,municipality,annual,10,,1998 2004 2008 2013 2015 2022-2025
FL,Greensboro,municipality,annual,10,,2003 2007 2012
FL,Greenville,municipality,annual,10,,2009 2011-2012 2017-2018
FL,Greenwood,municipality,annual,10,,1998 2020
FL,Gretna,municipality,annual,10,,1999-2000 2012
FL,Groveland,municipality,annual,10,,1999 2020-2023
FL,Gulf Breeze,municipality,annual,10,,2004-2007 2010-2015 2021-2022 2024
FL,Gulf County,county,annual,10,,1998 2001-2003 2005-2006 2008-2014 2016 2018-2024
FL,Gulfport,municipality,annual,10,,1998 2008 2022 2025
FL,Haines City,municipality,annual,10,,1998-2012 2017 2019 2022-2024
FL,Hallandale,municipality,annual,10,,1998-1999
FL,Hallandale Beach,municipality,annual,10,,2000-2025
FL,Hamilton County,county,annual,10,,1998 2001-2006 2008-2012 2015 2018-2021 2024-2025
FL,Hampton,municipality,annual,10,,2003 2012
FL,Hardee County,county,annual,10,,2001-2009 2011-2013 2015 2019-2024
FL,Hastings,municipality,annual,10,,2005
FL,Havana,municipality,annual,10,,1999-2002 2007 2013 2020
FL,Hawthorne,municipality,annual,10,,1998 2003-2004 2017 2022 2024
FL,Hendry County,county,annual,10,,2004-2011
FL,Hernando County,county,annual,10,,2000-2025
FL,Hialeah,municipality,annual,10,,1998-2025
FL,Hialeah Gardens,municipality,annual,10,,2001 2006-2007 2010
FL,High Springs,municipality,annual,10,,2003-2004 2010 2013 2022
FL,Highland Beach,municipality,annual,10,,2002-2004 2006 2010-2011
FL,Highlands County,county,annual,10,,1998-2025
FL,Hilliard,municipality,annual,10,,1999 2002-2003 2011-2012 2020 2022 2024
FL,Hillsboro Beach,municipality,annual,10,,2012-2013 2018 2020
FL,Hillsborough County,county,annual,10,,1998-2024
FL,Holly Hill,municipality,annual,10,,1999 2004-2005 2009 2017 2024-2025
FL,Hollywood,municipality,annual,10,,1998-2025
FL,Holmes Beach,municipality,annual,10,,2009 2023-2025
FL,Holmes County,county,annual,10,,1998-2012 2015 2017-2024
FL,Homestead,municipality,annual,10,,1998-2000 2002-2025
FL,Horseshoe Beach,municipality,annual,10,,1998 2008 2010
FL,Howey-In-The-Hills,municipality,annual,10,,2012-2013
FL,Indialantic,municipality,annual,10,,2012
FL,Indian River County,county,annual,10,,1998-2003 2009 2019-2025
FL,Indian River Shores,municipality,annual,10,,2004
FL,Indiantown,municipality,annual,10,,2022 2024-2025
FL,Inglis,municipality,annual,10,,2002-2003 2009
FL,Interlachen,municipality,annual,10,,2014
FL,Inverness,municipality,annual,10,,2003 2008 2010-2011 2023
FL,Jackson County,county,annual,10,,2002-2003 2006-2011 2013-2025
FL,Jacksonville,municipality,annual,10,,1998-2025
FL,Jacksonville Beach,municipality,annual,10,,1998-2004 2007-2008 2010-2013 2018-2019 2022-2025
FL,Jasper,municipality,annual,10,,2000 2009 2012
FL,Jay,municipality,annual,10,,2002 2006 2010 2022 2024-2025
FL,Jefferson County,county,annual,10,,2011-2013 2021-2022
FL,Jennings,municipality,annual,10,,1998-2008 2011-2013
FL,Jupiter,municipality,annual,10,,1999-2009 2011-2012 2015-2016 2018 2020 2022-2025
FL,Jupiter Island,municipality,annual,10,,2001-2002 2005-2006 2012 2016 2019 2021 2025
FL,Jupiter Town,municipality,annual,10,,1998
FL,Key Biscayne,municipality,annual,10,,2005 2008-2010 2020-2022
FL,Key West,municipality,annual,10,,1999-2025
FL,Key West City,municipality,annual,10,,1998
FL,Keystone Heights,municipality,annual,10,,2000 2013
FL,Kissimmee,municipality,annual,10,,1998 2001-2025
FL,Labelle,municipality,annual,10,,2007-2008 2010 2013-2014 2016 2025
FL,Lady Lake,municipality,annual,10,,1998 2001 2007 2014 2023
FL,Lake Alfred,municipality,annual,10,,2003 2006-2007 2022
FL,Lake Butler,municipality,annual,10,,2002
FL,Lake City,municipality,annual,10,,1998 2000 2003-2008 2010-2012 2015-2016 2018-2024
FL,Lake County,county,annual,10,,1998-2025
FL,Lake Hamilton,municipality,annual,10,,2012-2013 2017 2021-2022
FL,Lake Helen,municipality,annual,10,,2002 2022
FL,Lake Mary,municipality,annual,10,,2004 2010
FL,Lake Park,municipality,annual,10,,2000 2021-2024
FL,Lake Placid,municipality,annual,10,,2000 2003-2004 2006-2007 2014 2023
FL,Lake Wales,municipality,annual,10,,2007 2019-2020 2022-2025
FL,Lake Worth,municipality,annual,10,,2004-2015 2017-2021
FL,Lake Worth Beach,municipality,annual,10,,2022-2025
FL,Lakeland,municipality,annual,10,,1998-2025
FL,Lantana,municipality,annual,10,,2005-2006 2012 2020 2023-2024
FL,Largo,municipality,annual,10,,1998-2003 2006 2009-2025
FL,Largo -,municipality,annual,10,,2004 2007
FL,Largo-,municipality,annual,10,,2005 2008
FL,Lauderdale Lakes,municipality,annual,10,,2001 2006 2008-2009 2012-2016 2021-2022 2025
FL,Lauderdale-By-The-Sea,municipality,annual,10,,2023
FL,Lauderhill,municipality,annual,10,,1998-2001 2004-2007 2009-2025
FL,Laurel Hill,municipality,annual,10,,1999
FL,Lawtey,municipality,annual,10,,2001 2005 2010 2012 2015-2017
FL,Lee,municipality,annual,10,,1998 2002 2010-2011
FL,Lee County,county,annual,10,,1998-2025
FL,Leesburg,municipality,annual,10,,1998-2014 2017 2019 2021-2025
FL,Leon County,county,annual,10,,1998-2025
FL,Levy County,county,annual,10,,2001-2025
FL,Liberty County,county,annual,10,,1999-2008 2010-2014
FL,Lighthouse Point,municipality,annual,10,,2006 2022
FL,Live Oak,municipality,annual,10,,1998-1999 2001-2002 2005-2014 2018 2023-2025
FL,Longboat Key,municipality,annual,10,,2006-2007 2011 2018 2022-2025
FL,Longwood,municipality,annual,10,,2004-2005 2013-2014 2021-2025
FL,Lynn Haven,municipality,annual,10,,1999 2001-2003 2009-2013 2019 2021-2025
FL,Macclenny,municipality,annual,10,,1998 2002-2003 2009 2013 2015 2020-2022 2024-2025
FL,Madeira Beach,municipality,annual,10,,2001-2003 2025
FL,Madison,municipality,annual,10,,2014
FL,Madison County,county,annual,10,,1998-1999 2007 2010 2012 2021-2025
FL,Maitland,municipality,annual,10,,2003-2005 2010-2011 2013-2015 2022 2024-2025
FL,Malabar,municipality,annual,10,,2003
FL,Malone,municipality,annual,10,,2002 2013 2024
FL,Manalapan,municipality,annual,10,,2005
FL,Manatee County,county,annual,10,,1998-2025
FL,Marathon,municipality,annual,10,,2006-2016 2018-2025
FL,Marco Island,municipality,annual,10,,2004 2006-2013 2016-2017 2019-2022 2024
FL,Margate,municipality,annual,10,,1998 2000-2016 2018-2023 2025
FL,Marianna,municipality,annual,10,,1998-2000 2002-2008 2010-2025
FL,Marion County,county,annual,10,,1998-2000 2003-2022
FL,Martin County,county,annual,10,,1998-2001 2003-2010 2012-2020 2022-2023
FL,Mary Esther,municipality,annual,10,,1998 2003 2005-2006 2010 2013 2024
FL,Mascotte,municipality,annual,10,,1999 2003 2009-2010 2024-2025
FL,Mayo,municipality,annual,10,,1998 2002 2024
FL,Mcintosh,municipality,annual,10,,1998
FL,Medley,municipality,annual,10,,2001-2002 2004-2007 2010-2011 2014-2015 2020 2022
FL,Melbourne,municipality,annual,10,,1998-2025
FL,Melbourne Beach,municipality,annual,10,,2013-2014 2022
FL,Mexico Beach,municipality,annual,10,,1999 2006 2008 2013 2019-2024
FL,Miami,municipality,annual,10,,1998-2025
FL,Miami Beach,municipality,annual,10,,1998-2025
FL,Miami Dade County,county,annual,10,,2023-2025
FL,Miami Gardens,municipality,annual,10,,2006-2025
FL,Miami Lakes,municipality,annual,10,,2013 2019-2022 2024-2025
FL,Miami Shores,municipality,annual,10,,2025
FL,Miami Springs,municipality,annual,10,,2002-2006 2010-2011 2017-2019 2021-2025
FL,Midway,municipality,annual,10,,2024
FL,Milton,municipality,annual,10,,1999 2001-2002 2005-2007 2012-2013 2021 2024
FL,Minneola,municipality,annual,10,,2006-2008 2010
FL,Miramar,municipality,annual,10,,1998-2025
FL,Monroe County,county,annual,10,,2003-2025
FL,Monticello,municipality,annual,10,,2003 2006 2010 2013 2021-2022
FL,Moore Haven,municipality,annual,10,,1999 2006 2010-2012
FL,Mount Dora,municipality,annual,10,,2003 2006 2014 2019-2020 2022-2025
FL,Mt. Dora,municipality,annual,10,,2004
FL,Mulberry,municipality,annual,10,,1999 2013 2015
FL,Naples,municipality,annual,10,,1999 2001-2006 2010 2019-2025
FL,Nassau County,county,annual,10,,2005-2008 2010-2013 2018-2025
FL,Neptune Beach,municipality,annual,10,,2003 2022-2023
FL,New Smyrna Beach,municipality,annual,10,,2002-2018 2020-2025
FL,Newberry,municipality,annual,10,,1998-2000 2005 2011-2012 2022
FL,Niceville,municipality,annual,10,,1998-1999 2003-2006 2009-2010 2012 2020-2022
FL,North Bay Village,municipality,annual,10,,2006 2010-2011
FL,North Lauderdale,municipality,annual,7,,2003
FL,North Lauderdale,municipality,annual,10,,2001-2002 2004-2007 2009-2011 2013-2014 2018-2025
FL,North Miami,municipality,annual,10,,1998-2025
FL,North Miami Beach,municipality,annual,10,,1998-2025
FL,North Palm Beach,municipality,annual,10,,2005-2006 2009
FL,Oak Hill,municipality,annual,10,,2013
FL,Oakland,municipality,annual,10,,2003 2008 2022-2023
FL,Oakland Park,municipality,annual,10,,2001 2003-2007 2009-2016 2018-2025
FL,Ocala,municipality,annual,10,,1998-2017 2019-2025
FL,Ocean Ridge,municipality,annual,10,,2004-2007
FL,Ocoee,municipality,annual,10,,1998 2000-2002 2010 2012 2019 2022 2024-2025
FL,Okaloosa County,county,annual,10,,1998-2005 2007-2025
FL,Okeechobee,municipality,annual,10,,2004-2005 2007 2013
FL,Okeechobee County,county,annual,10,,2003-2013 2015-2016 2018-2025
FL,Okeeechobee County,county,annual,10,,2014
FL,Oldsmar,municipality,annual,10,,2003-2004 2010-2014 2022
FL,Opa -Locka,municipality,annual,10,,2006
FL,Opa Locka,municipality,annual,10,,1999 2003 2014 2019-2021 2024
FL,Opa-Locka,municipality,annual,10,,2004-2005 2007-2008 2010 2012-2013 2015-2016 2024
FL,Orange City,municipality,annual,10,,2004-2005 2017-2025
FL,Orange County,county,annual,10,,1998-2025
FL,Orange Park,municipality,annual,10,,2002-2003 2019-2020 2022 2024-2025
FL,Orlando,municipality,annual,10,,1999 2001-2024
FL,Orlando City,municipality,annual,10,,1998
FL,Ormond Beach,municipality,annual,10,,1999 2002 2004-2020 2023-2025
FL,Osceola County,county,annual,10,,1998-1999 2001-2012 2016-2018
FL,Oviedo,municipality,annual,10,,2000-2005 2007-2008 2010 2012-2013 2019-2025
FL,Ozark,municipality,annual,10,,2008
FL,Pahokee,municipality,annual,10,,1998-2002 2006-2007
FL,Palatka,municipality,annual,10,,1998-2002 2004-2015 2017-2021 2023-2025
FL,Palm Bay,municipality,annual,10,,1998-2024
FL,Palm Beach,municipality,annual,10,,2004-2005 2011 2020 2023-2024
FL,Palm Beach County,county,annual,10,,1998-2020 2025
FL,Palm Beach Gardens,municipality,annual,10,,2003-2006 2020 2022-2025
FL,Palm Coast,municipality,annual,10,,2004-2025
FL,Palm Springs,municipality,annual,10,,2006 2020 2022-2025
FL,Palmbeach,municipality,annual,10,,2006
FL,Palmetto,municipality,annual,10,,2003 2005 2010-2012 2019 2023-2025
FL,Palmetto Bay,municipality,annual,10,,2006 2011 2019 2022-2024
FL,Panama City,municipality,annual,10,,1998-2015 2019-2024
FL,Panama City Beach,municipality,annual,10,,1999-2000 2002-2011 2015 2019-2020 2024-2025
FL,Parker,municipality,annual,10,,2006 2019-2020 2022-2024
FL,Parkland,municipality,annual,10,,2004 2020 2023-2025
FL,Pasco County,county,annual,10,,1998-2023
FL,Paxton,municipality,annual,10,,2007 2024
FL,Pembroke Park,municipality,annual,10,,2002
FL,Pembroke Pines,municipality,annual,10,,1998-2025
FL,Penney Farms,municipality,annual,10,,2008-2011
FL,Pensacola,municipality,annual,10,,1999-2021 2023-2025
FL,Pensacola City,municipality,annual,10,,1998
FL,Perry,municipality,annual,10,,2005 2012 2018 2021 2023-2024
FL,Pinecrest,municipality,annual,10,,2000 2006 2019 2021-2023
FL,Pinellas County,county,annual,10,,1998-2025
FL,Pinellas Park,municipality,annual,10,,1999-2008 2010-2011 2015-2016 2020-2021 2024-2025
FL,Pinellas Park City,municipality,annual,10,,1998
FL,Plant City,municipality,annual,10,,1998-2003 2005-2014 2016 2019 2021-2024
FL,Plantation,municipality,annual,10,,1998 2000-2015 2017-2025
FL,Polk City,municipality,annual,10,,1999-2000 2002 2007 2009
FL,Polk County,county,annual,10,,1998-2022
FL,Pompano Beach,municipality,annual,10,,1998-2025
FL,Pompano Beach,municipality,other,,41,2006
FL,Ponce De Leon,municipality,annual,10,,2010 2012
FL,Ponce Inlet,municipality,annual,10,,2006
FL,Punta Gorda,municipality,annual,10,,2003-2011 2013 2015-2021 2023-2025
FL,Putnam County,county,annual,10,,2001-2025
FL,Quincy,municipality,annual,10,,2001-2002 2009 2011 2022
FL,Riviera Beach,municipality,annual,10,,1998-2007 2010-2016 2018 2020 2023-2024
FL,Rockledge,municipality,annual,10,,1999 2002 2005 2010 2018 2022-2025
FL,Royal Palm Beach,municipality,annual,10,,2000 2004 2006 2008 2011-2012 2016-2017 2019 2022-2025
FL,Safety Harbor,municipality,annual,10,,2012
FL,Saint Johns County,county,annual,10,,2025
FL,Saint Lucie County,county,annual,10,,2004 2008 2010-2012
FL,Sanford,municipality,annual,10,,1999-2025
FL,Sanford City,municipality,annual,10,,1998
FL,Sanibel,municipality,annual,10,,2000-2007 2019 2022-2025
FL,Santa Rosa County,county,annual,10,,2001-2025
FL,Sarasota,municipality,annual,10,,1998-2025
FL,Sarasota County,county,annual,10,,1998-2025
FL,Satellite Beach,municipality,annual,10,,2003 2006 2010-2012 2022-2025
FL,Sebastian,municipality,annual,10,,1998-2000 2003-2005 2009 2018-2020 2022 2024-2025
FL,Sebring,municipality,annual,10,,1998 2000-2008 2010-2012 2015 2022
FL,Seminole,municipality,annual,10,,2022
FL,Seminole County,county,annual,10,,1998-2025
FL,Sewall's Point,municipality,annual,10,,2005 2014-2015 2022
FL,Shalimar,municipality,annual,10,,1999
FL,Sneads,municipality,annual,10,,1998 2003 2010
FL,Sopchoppy,municipality,annual,10,,2003 2007 2009-2010 2013
FL,South Bay,municipality,annual,10,,1999 2002 2022-2023
FL,South Bay-Ein Same As Sebastian City On Dcf,municipality,annual,10,,2019
FL,South Daytona,municipality,annual,10,,2004 2012-2014 2016-2017 2019-2020 2022 2024-2025
FL,South Miami,municipality,annual,10,,2001-2007 2012 2014 2020-2025
FL,South Pasadena,municipality,annual,10,,2022
FL,Southwest Ranches,municipality,annual,10,,2005-2006 2019
FL,Springfield,municipality,annual,10,,1998 2002-2005 2007-2010 2017-2025
FL,St Augustine,municipality,annual,10,,1998 2000
FL,St Augustine Beach,municipality,annual,10,,2010 2022
FL,St Cloud,municipality,annual,10,,1998-1999
FL,St Johns County,county,annual,10,,1999 2003-2006 2010 2018-2022
FL,St Lucie County,county,annual,10,,1998-2001 2005-2007 2023-2025
FL,St Pete Beach,municipality,annual,10,,2025
FL,St Petersburg,municipality,annual,10,,1999-2001 2008 2020-2025
FL,St Petersburg City,municipality,annual,10,,1998
FL,St. Augustine,municipality,annual,10,,2005 2007 2012-2015 2017-2024
FL,St. Augustine Beach,municipality,annual,10,,2011
FL,St. Cloud,municipality,annual,10,,2000-2004 2006-2015 2017 2019 2021-2025
FL,St. Johns County,county,annual,10,,2007-2009 2011-2017 2023-2024
FL,St. Lucie County,county,annual,10,,2009 2013-2022
FL,St. Pete Beach,municipality,annual,10,,2006 2022
FL,St. Petersburg,municipality,annual,10,,2002-2007 2009-2019
FL,Starke,municipality,annual,10,,2001 2005-2006 2008-2010 2012 2020 2022-2023
FL,Stuart,municipality,annual,10,,2005-2008 2010-2013 2015-2017 2019-2020 2022-2024
FL,Sumter County,county,annual,10,,2001-2025
FL,Sunny Isles Beach,municipality,annual,10,,2003 2010-2015 2017 2019 2021-2024
FL,Sunrise,municipality,annual,10,,1998-2025
FL,Surfside,municipality,annual,10,,2000 2022
FL,Suwannee County,county,annual,10,,1998-1999 2002-2007 2009-2015 2018-2023
FL,Sweetwater,municipality,annual,10,,1998 2000-2006 2010-2013 2015 2018-2019 2021-2024
FL,Tallahassee,municipality,annual,10,,1999-2025
FL,Tallahassee City,municipality,annual,10,,1998
FL,Tamarac,municipality,annual,10,,1999-2016 2019-2022 2024-2025
FL,Tampa,municipality,annual,10,,1998-2025
FL,Tarpon Springs,municipality,annual,10,,2000 2002-2005 2008 2010-2012 2019 2023-2025
FL,Tavares,municipality,annual,10,,1998 2003-2006 2009-2010 2013-2014 2017 2019-2020 2022-2025
FL,Taylor County,county,annual,10,,1998 2000-2001 2005 2009 2011-2013 2016-2017 2019-2022
FL,Temple Terrace,municipality,annual,10,,2003 2005-2006 2008-2012 2020-2022 2024-2025
FL,Tequesta,municipality,annual,10,,2021-2022
FL,Titusville,municipality,annual,10,,2000-2025
FL,Treasure Island,municipality,annual,10,,2001 2005-2008 2024
FL,Trenton,municipality,annual,10,,2005
FL,Umatilla,municipality,annual,10,,2010 2012 2023
FL,Union County,county,annual,10,,2011
FL,Valparaiso,municipality,annual,10,,2005
FL,Venice,municipality,annual,10,,2003-2004 2006-2007 2010-2025
FL,Vernon,municipality,annual,10,,2005-2006 2011 2013
FL,Vero Beach,municipality,annual,10,,1998-2006 2008-2015 2017-2025
FL,Virginia Gardens,municipality,annual,10,,2023
FL,Volusia County,county,annual,7,,2024
FL,Volusia County,county,annual,10,,1998-2025
FL,Wakulla County,county,annual,10,,1999-2024
FL,Wakulla County,county,biennial,,,1998
FL,Waldo,municipality,annual,10,,2005 2013-2014
FL,Walton County,county,annual,10,,1998-2005 2007-2015 2017-2022 2024
FL,Washington County,county,annual,10,,2005-2023 2025
FL,Waton County,county,annual,10,,2016
FL,Wauchula,municipality,annual,10,,2003 2005-2008 2010-2011 2014 2018-2019 2023-2025
FL,Wauchula,municipality,biennial,,,2004
FL,Wausau,municipality,annual,10,,2011
FL,Webster,municipality,annual,10,,2006-2008 2010 2012-2013
FL,Welaka,municipality,annual,10,,1999 2003 2006 2012
FL,Wellington,municipality,annual,10,,2006-2007 2010-2011 2016 2019-2022 2024-2025
FL,West Melbourne,municipality,annual,10,,2022-2025
FL,West Miami,municipality,annual,10,,2000-2006 2015 2019 2024-2025
FL,West Palm Beach,municipality,annual,10,,1998-2025
FL,West Park,municipality,annual,10,,2022
FL,Weston,municipality,annual,10,,2004 2006 2009 2011 2014-2015 2020-2022 2025
FL,Westville,municipality,annual,10,,2010
FL,Wewahitchka,municipality,annual,10,,2001 2007 2009 2013 2025
FL,White Springs,municipality,annual,10,,1999 2001-2003 2005 2009
FL,Wildwood,municipality,annual,10,,2001-2002 2007-2008 2012 2017-2018 2020 2024-2025
FL,Williston,municipality,annual,10,,2000 2003-2005 2008 2011-2013 2015 2021-2025
FL,Wilton Manors,municipality,annual,10,,2004 2010 2016 2019-2020 2024-2025
FL,Windermere,municipality,annual,10,,2004-2005 2010
FL,Winter Garden,municipality,annual,10,,2003-2005 2008 2019-2020 2023-2025
FL,Winter Haven,municipality,annual,10,,1998-2003 2005-2014 2016-2025
FL,Winter Park,municipality,annual,10,,1998 2000 2003 2005-2008 2010-2025
FL,Winter Springs,municipality,annual,10,,2004-2005 2009-2010 2015-2016 2019 2024-2025
FL,Yankeetown,municipality,annual,10,,2005 2008-2009
FL,Zephyrhills,municipality,annual,10,,2002-2003 2005-2008 2010 2014-2015 2018 2022-2025
FL,Zolfo Springs,municipality,annual,10,,1998-1999 2004 2008-2009 2012-2013
GA,Abbeville,municipality,annual,1,,2008 2020 2022-2023
GA,Acworth,municipality,annual,1,,2002 2007
GA,Acworth,municipality,annual,7,,2021 2025
GA,Adairsville,municipality,annual,1,,2018-2021 2024-2025
GA,Adel,municipality,annual,10,,2002 2004-2008 2014-2017 2019-2020 2023-2025
GA,Adrian,municipality,annual,1,,2001-2002
GA,Alamo,municipality,annual,1,,2013
GA,Alapaha,municipality,annual,11,,1999
GA,Albany,municipality,annual,7,,1998-2025
GA,Alma,municipality,annual,7,,1998-2000 2011 2015-2016
GA,Alpharetta,municipality,annual,7,,2001 2008-2009 2011 2016-2018 2020-2024
GA,Ambrose,municipality,annual,1,,1999
GA,Americus,municipality,annual,1,,2000-2007 2020-2024
GA,Americus City,municipality,annual,1,,1998-1999
GA,Apharetta,municipality,annual,7,,2012
GA,Appling County,county,annual,10,,1998 2003 2020
GA,Arlington,municipality,annual,7,,2001 2005 2010-2011 2020 2025
GA,Arnoldsville,municipality,annual,1,,2003-2004 2006 2008
GA,Atkinson County,county,annual,7,,2008
GA,Atlanta,municipality,annual,1,,1999-2001 2003-2005
GA,Atlanta,municipality,annual,7,,2007-2009 2011-2024
GA,Atlanta,municipality,other,,6,2006
GA,Augusta Richmond County,county,annual,1,,2006
GA,Austell,municipality,annual,7,,2006-2007 2011-2015 2023
GA,Avondale Estates,municipality,annual,1,,2023-2024
GA,Bacon County,county,annual,1,,1999 2003 2006 2009-2010
GA,Bacon County,county,annual,7,,2019
GA,Baconton,municipality,annual,5,,1999 2002
GA,Baconton City,municipality,annual,5,,1998
GA,Bainbridge,municipality,annual,10,,1998-1999 2001-2004 2006 2008 2010 2020 2023-2025
GA,Baker County,county,annual,5,,2020-2021
GA,Baldwin,municipality,annual,7,,1999 2005 2015
GA,Baldwin County,county,annual,1,,2011-2023
GA,Baldwin County,county,annual,7,,1998-2001 2005-2008
GA,Baldwin County,county,other,,9,2010
GA,Baldwin County,county,other,,9,2010
GA,Ball Ground,municipality,annual,7,,2004
GA,Ballground,municipality,annual,7,,2009
GA,Banks County,county,annual,7,,2002 2023-2025
GA,Barrow County,county,annual,7,,2019 2024
GA,Barrow County,county,annual,10,,1998-2000 2002-2003 2005-2008 2011 2014-2016
GA,Bartow County,county,annual,1,,2001 2005 2007-2025
GA,Baxley,municipality,annual,10,,1998-2004 2006-2008 2020-2022 2025
GA,Ben Hill County,county,annual,1,,1999 2001-2003 2005-2006 2009 2018-2024
GA,Berkeley Lake,municipality,annual,1,,2012-2013
GA,Berrien County,county,annual,7,,2009 2011-2015 2017-2019 2021 2023-2024
GA,Berrien County,county,annual,10,,2002 2004
GA,Bibb County,county,annual,7,,2000-2013
GA,Bibb County,county,other,,9,1998
GA,Blackshear,municipality,annual,7,,2021
GA,Blairsville,municipality,annual,1,,1998 2000-2001 2004-2008 2010-2011 2013 2020
GA,Blakely,municipality,annual,1,,2020 2023
GA,Bleckley County,county,annual,1,,1998-2006
GA,Blue Ridge,municipality,annual,1,,1998 2014-2016 2024
GA,Boston,municipality,annual,1,,2024
GA,Bowdon,municipality,annual,7,,2012-2013
GA,Brantley County,county,annual,1,,2014 2022
GA,Braselton,municipality,annual,7,,2015-2016 2020-2025
GA,Bronwood,municipality,annual,1,,1998 2000
GA,Brookhaven,municipality,annual,1,,2020-2025
GA,Brooks County,county,annual,7,,2007-2009 2011 2014-2015 2017
GA,Brooks County,county,annual,10,,1999 2002-2003
GA,Brunswick,municipality,annual,7,,1998 2001-2015 2017-2018 2021-2023
GA,Bryan County,county,annual,1,,1999-2002 2008-2009 2011-2012 2020-2024
GA,Bryomville,municipality,annual,1,,2004-2005
GA,Buckhead,municipality,annual,7,,2003
GA,Buford,municipality,annual,7,,2001-2002 2005 2014-2018 2021 2023-2025
GA,Bulloch County,county,annual,7,,1999 2010 2012-2013 2016-2017 2019-2025
GA,Burke County,county,annual,10,,2010 2012 2014
GA,Butler,municipality,annual,7,,1998-2001
GA,Butler,municipality,annual,10,,2018 2024-2025
GA,Butts County,county,annual,7,,2002 2022
GA,Byromville,municipality,annual,1,,2002
GA,Byron,municipality,annual,1,,1998 2000 2010-2011 2014 2017 2020-2021
GA,Cairo,municipality,annual,7,,2006 2016-2025
GA,Calhoun,municipality,annual,7,,1998-2000 2007-2025
GA,Camak,municipality,annual,1,,2000
GA,Camden County,county,annual,7,,2000-2001 2003-2009 2011-2013 2017-2025
GA,Camilla,municipality,annual,10,,1999-2005 2007 2010-2013 2016 2018 2022-2024
GA,Canon,municipality,annual,1,,2011
GA,Canton,municipality,annual,10,,2002-2004 2006 2008 2011-2012 2014-2017 2020 2022 2024-2025
GA,Carroll County,county,annual,7,,1999 2006-2012 2016 2021-2025
GA,Carrollton,municipality,annual,7,,1998-2006 2008-2017 2019-2025
GA,Cartersville,municipality,annual,7,,1998 2000-2005 2009 2011-2012 2017-2018 2020-2025
GA,Catoosa County,county,annual,10,,1998-2003 2007 2009-2016 2019-2025
GA,Cave Spring,municipality,annual,7,,2001 2010-2011 2022
GA,Cecil,municipality,annual,1,,2008
GA,Cedartown,municipality,annual,1,,1998 2002 2010-2012 2019-2020 2022-2023
GA,Centerville,municipality,annual,7,,2024
GA,Chamblee,municipality,annual,1,,2017 2020 2023-2025
GA,Charlton County,county,annual,1,,2021 2024
GA,Chatham County,county,annual,7,,2010 2013-2014
GA,Chattahoochee County,county,annual,7,,1998-2000 2002-2003
GA,Chattooga County,county,annual,1,,1999 2002 2009-2013 2020 2022
GA,Cherokee County,county,annual,1,,1998-1999 2001-2002 2004 2006-2011
GA,Cherokee County,county,annual,10,,2012-2017 2019-2021
GA,Chester,municipality,annual,1,,1999-2001
GA,Chickamau,municipality,annual,1,,2022
GA,Chickamauga,municipality,annual,1,,1998-2000 2006-2007 2009-2011
GA,Clarkesville,municipality,annual,1,,2010 2020-2022
GA,Clarkston,municipality,annual,1,,2011 2019-2023
GA,Claxton,municipality,annual,7,,2016 2019-2021 2024
GA,Clay County,county,annual,10,,1999
GA,Clayton,municipality,annual,7,,1998
GA,Clayton County,county,annual,7,,1998-2011 2015-2019
GA,Cleveland,municipality,annual,7,,2014
GA,Clinch County,county,annual,8,,1998-1999 2001 2003-2004 2024
GA,Cobb County,county,annual,10,,2009 2023-2025
GA,Cochran,municipality,annual,7,,2003-2008 2011 2017-2021 2025
GA,Coffee County,county,annual,1,,1999 2001 2005-2006 2008 2010 2012 2018 2020 2024
GA,College Park,municipality,annual,7,,2000 2002-2003 2005-2007 2010-2014 2017-2019 2021-2024
GA,Colquitt,municipality,annual,7,,1998 2003 2013-2024
GA,Colquitt County,county,annual,7,,1998-2005 2012 2020 2022-2023
GA,Columbia County,county,annual,7,,1998-2006 2010-2015 2017-2025
GA,Comer,municipality,annual,1,,2009
GA,Commerce,municipality,annual,7,,2002 2004-2005 2010-2012 2014 2019 2024
GA,Conyers,municipality,annual,7,,2010 2018-2021
GA,Cook County,county,annual,10,,1998 2001-2002 2006-2007 2009-2010 2012-2015 2018-2021 2023-2024
GA,Coolidge,municipality,annual,1,,2002-2003 2012
GA,Cordele,municipality,annual,7,,1998 2001 2009-2011 2022-2023
GA,Cornelia,municipality,annual,1,,2003 2009-2010 2016 2022 2024-2025
GA,Covington,municipality,annual,1,,1999 2001 2003 2006
GA,Covington,municipality,annual,7,,2010-2011 2013 2015-2018 2020-2021 2023-2025
GA,Coweta County,county,annual,1,,1998-2000 2002 2004-2005
GA,Coweta County,county,annual,10,,2006 2010-2017 2020-2025
GA,Crawford,municipality,annual,1,,2003-2004 2011-2013
GA,Crawford County,county,annual,10,,1998 2002-2003 2008 2010 2012 2014-2015 2020 2022-2024
GA,Crawfordville,municipality,annual,1,,2006
GA,Crisp County,county,annual,7,,1998-2018 2020-2025
GA,Cumming,municipality,annual,1,,2010 2022-2025
GA,Cuthbert,municipality,annual,10,,2011
GA,Dacula,municipality,annual,1,,2023-2024
GA,Dade County,county,annual,1,,2000
GA,Dade County,county,annual,7,,2011 2017 2021 2024-2025
GA,Dahlone,municipality,annual,10,,2024
GA,Dahlonega,municipality,annual,10,,2009 2023
GA,Dallas,municipality,annual,7,,2006 2012 2015-2016 2019-2024
GA,Dalton,municipality,annual,1,,1998-2001 2005-2007 2009-2010 2012-2016 2018 2020-2024
GA,Danville,municipality,annual,7,,2003
GA,Darien,municipality,annual,7,,2002 2008 2010-2013
GA,Davisboro,municipality,annual,8,,1998 2002 2021-2023
GA,Dawson,municipality,annual,9,,2001 2003-2004 2007
GA,Dawson City,municipality,annual,9,,1998
GA,Dawson County,county,annual,1,,2003 2005-2006 2008 2010-2016 2018-2024
GA,Dawsonville,municipality,annual,1,,1998 2001 2004 2006-2007
GA,Dawsonville,municipality,annual,7,,2010 2017
GA,Decatur,municipality,annual,7,,1999-2000 2003-2008 2010-2011 2015-2018 2021-2025
GA,Decatur County,county,annual,7,,1998 2000-2001 2003-2004 2009 2011 2015 2018 2020
GA,Dekalb County,county,annual,1,,2003-2024
GA,Demorest,municipality,annual,1,,2001
GA,Dodge County,county,annual,1,,1998 2003 2007 2011 2020-2025
GA,Dooly County,county,annual,10,,2011 2019
GA,Doraville,municipality,annual,7,,2007-2012 2021-2022
GA,Doraville,municipality,annual,10,,2023-2024
GA,Doraville,municipality,other,,3,2022
GA,Dougherty County,county,annual,7,,1998-1999 2001-2004 2011 2017-2018 2020-2025
GA,Douglas,municipality,annual,7,,1999-2001 2003-2006 2012 2014-2015 2019-2021 2023-2025
GA,Douglas County,county,annual,1,,1998 2002
GA,Douglasville,municipality,annual,7,,1999 2001-2002 2004 2010-2013 2017-2018 2021-2025
GA,Douglasville City,municipality,annual,7,,1998
GA,Dublin,municipality,annual,7,,2002 2008-2010 2014-2015 2019 2021-2025
GA,Duluth,municipality,annual,7,,2004 2006 2013 2018 2021-2025
GA,Dunwoody,municipality,annual,1,,2013-2018 2020 2022-2025
GA,Early County,county,annual,7,,2001 2024
GA,East Dublin,municipality,annual,7,,2012-2014
GA,East Ellijay,municipality,annual,7,,2003
GA,East Point,municipality,annual,7,,1998-2004 2006-2007 2010-2012 2016-2023
GA,Eastman,municipality,annual,1,,2000 2004 2009-2010 2012 2022 2024
GA,Eatonton,municipality,annual,9,,2007 2012-2013 2023 2025
GA,Edison,municipality,annual,7,,1998-1999 2002
GA,Effingham County,county,annual,7,,2003-2008 2010-2011 2017 2021-2022
GA,Elbert County,county,annual,7,,2008-2013 2018 2022-2024
GA,Elberton,municipality,annual,7,,2009 2014-2016 2019 2021-2022
GA,Ellaville,municipality,annual,1,,2002
GA,Ellenton,municipality,annual,1,,2002
GA,Emanuel County,county,annual,10,,2001-2004 2007 2009
GA,Emerson,municipality,annual,7,,2003 2017
GA,Fairburn,municipality,annual,10,,2014-2016 2020-2024
GA,Fairmount,municipality,annual,1,,2006
GA,Fannin County,county,annual,1,,2001 2003 2005 2020-2025
GA,Fargo,municipality,annual,9,,2001 2003
GA,Fayette County,county,annual,7,,2018-2019 2021-2025
GA,Fayetteville,municipality,annual,8,,1998-1999 2002 2008-2011 2015 2017 2019-2023
GA,Fitzgerald,municipality,annual,1,,2002-2004 2006 2008-2013 2017 2020 2022-2024
GA,Flowery Branch,municipality,annual,7,,2015 2022-2025
GA,Floyd County,county,annual,1,,1998 2001-2003 2006-2007 2009-2015 2020-2024
GA,Forest Park,municipality,annual,7,,2002 2004-2006 2009-2015 2021-2025
GA,Forsyth,municipality,annual,1,,1999 2010-2011 2024
GA,Forsyth County,county,annual,1,,1999-2025
GA,Fort Gaines,municipality,annual,7,,2023 2025
GA,Fort Gaines City,municipality,annual,7,,1998
GA,Fort Oglethorpe,municipality,annual,1,,2003 2005 2011
GA,Fort Valley,municipality,annual,10,,2003
GA,Franklin County,county,annual,1,,2001-2003 2005
GA,Franklin County,county,annual,7,,1998 2000 2012 2020-2021 2024-2025
GA,Franklin County,county,other,,6,2000
GA,Fulton County,county,annual,1,,1998-2021
GA,Gainesville,municipality,annual,7,,1998-2025
GA,Garden City,municipality,annual,1,,2010 2012 2024-2025
GA,Geneva,municipality,annual,1,,2001
GA,Georgetown,municipality,annual,1,,1999 2001 2005-2006
GA,Gilmer County,county,annual,1,,2007 2013 2016 2019-2025
GA,Gilmer County,county,annual,4,,2000-2001 2006
GA,Glascock County,county,annual,1,,2024
GA,Glennville,municipality,annual,7,,2002-2003 2015-2016 2024-2025
GA,Glenwood,municipality,annual,1,,2011-2012
GA,Glynn County,county,annual,7,,1998-2001 2005-2014 2017 2019-2022 2024-2025
GA,Gordon,municipality,annual,10,,2010 2021
GA,Gordon County,county,annual,7,,2009 2011 2014 2021-2023
GA,Grady County,county,annual,1,,1999 2003 2020
GA,Grantville,municipality,annual,10,,2023
GA,Gray,municipality,annual,1,,2004 2022-2024
GA,Grayson,municipality,annual,9,,2024
GA,Greene County,county,annual,10,,1998 2000 2002-2003 2005-2006 2008 2010-2013 2015-2017 2020 2022-2024
GA,Greensboro,municipality,annual,10,,1998 2000-2001 2009 2017
GA,Greenville,municipality,annual,7,,1998-2000 2020
GA,Griffin,municipality,annual,7,,2004 2010-2025
GA,Grovetown,municipality,annual,1,,1998 2017-2019
GA,Grovetown,municipality,annual,7,,2021-2022
GA,Guyton,municipality,annual,7,,2004-2005 2010
GA,Gwinnett County,county,annual,1,,1998-2000 2002-2003 2010-2012 2015-2016
GA,Habersham County,county,annual,7,,2005 2008 2010-2025
GA,Hagan,municipality,annual,7,,2010-2011
GA,Hahira,municipality,annual,1,,2003 2024-2025
GA,Hall County,county,annual,7,,1998-2025
GA,Hamilton,municipality,annual,1,,2005-2006
GA,Hampton,municipality,annual,1,,1999
GA,Hampton,municipality,annual,10,,2008-2011 2013 2022
GA,Hancock County,county,annual,1,,2004-2005 2023
GA,Hapeville,municipality,annual,7,,1999-2001 2011-2016 2018-2019 2021-2022
GA,Haralson County,county,annual,7,,1998-2005 2020 2023
GA,Hardeeville,municipality,annual,7,,2024
GA,Harlem,municipality,annual,1,,2000 2009 2024
GA,Harris County,county,annual,7,,1999 2002-2003 2006 2009 2020-2023
GA,Hart County,county,annual,10,,2006 2010-2011 2013-2014 2020 2022-2023
GA,Hartwell,municipality,annual,1,,2003 2022-2023
GA,Hawkinsville,municipality,annual,7,,2004 2007 2009 2011-2013 2020-2025
GA,Hazlehurst,municipality,annual,7,,2022
GA,Heard County,county,annual,7,,1999-2000 2022 2024
GA,Helen,municipality,annual,7,,2010-2012
GA,Henry County,county,annual,7,,1998-1999 2001 2003 2008-2024
GA,Hiawassee,municipality,annual,7,,1999-2001 2005-2006 2011 2013 2020 2024
GA,Hinesville,municipality,annual,11,,1998-2003 2005-2020 2022-2025
GA,Hiram,municipality,annual,7,,2023
GA,Hogansville,municipality,annual,7,,1998 2013 2015 2017 2019-2021 2023-2024
GA,Holly Springs,municipality,annual,1,,2016 2019-2020
GA,Homerville,municipality,annual,7,,1998 2002-2006 2009-2013 2025
GA,Hoschton,municipality,annual,1,,2004 2007
GA,Houston County,county,annual,7,,1998-2006 2009-2010 2012 2018 2020-2022 2024-2025
GA,Ila,municipality,annual,1,,2010
GA,Iron City,municipality,annual,1,,2023
GA,Irwin County,county,annual,9,,1998-1999 2001 2003-2005 2007-2011 2015 2024
GA,Ivey,municipality,annual,10,,2002
GA,Jackson,municipality,annual,1,,2020 2025
GA,Jackson County,county,annual,1,,1998-2003 2005 2008-2016 2019-2020 2022-2024
GA,Jasper,municipality,annual,1,,2013-2014 2022-2025
GA,Jasper,municipality,annual,10,,1998
GA,Jasper County,county,annual,1,,2000 2008 2010
GA,Jasper County,county,annual,7,,2019 2021 2023-2024
GA,Jefferson,municipality,annual,1,,2010 2013-2014 2021-2025
GA,Jefferson County,county,annual,7,,2001-2003 2008 2010 2013-2014 2020-2021 2023-2025
GA,Jenkins County,county,annual,7,,2007 2012 2015
GA,Jenkins County,county,annual,10,,2023
GA,Jesup,municipality,annual,7,,2003 2006 2012-2013 2021 2023
GA,Johns Creek,municipality,annual,10,,2010-2019 2021-2025
GA,Johnson County,county,annual,1,,2014
GA,Jones County,county,annual,9,,2001 2004 2009 2011-2013 2015 2018-2020 2023-2025
GA,Jonesboro,municipality,annual,1,,2010-2011 2015 2020
GA,Junction City,municipality,annual,1,,2000
GA,Kennesaw,municipality,annual,10,,2002 2009-2015 2020-2025
GA,Kingsland,municipality,annual,10,,2017 2019-2025
GA,Kingston,municipality,annual,1,,2020
GA,Lafayette,municipality,annual,10,,2001-2002 2019 2021-2025
GA,Lagrance,municipality,annual,7,,1998
GA,Lagrange,municipality,annual,7,,1999-2001 2005 2007 2010-2012 2014-2016 2021-2024
GA,Lakeland,municipality,annual,1,,2009-2011 2024
GA,Lamar County,county,annual,1,,1998 2021-2023
GA,Lanier County,county,annual,7,,2000-2001 2007 2009-2010 2020
GA,Laurens County,county,annual,7,,1998-2002 2004 2006 2009-2011 2014-2015 2017-2025
GA,Lavonia,municipality,annual,1,,2005 2007-2008 2012 2023
GA,Lavonia City,municipality,annual,1,,1998
GA,Lawrenceville,municipality,annual,7,,2021-2025
GA,Lawrenceville,municipality,annual,9,,2010 2013-2015 2018
GA,Leary,municipality,annual,1,,2003
GA,Lee County,county,annual,7,,2000-2004 2024-2025
GA,Leesburg,municipality,annual,7,,1998 2017 2022 2025
GA,Lenox,municipality,annual,1,,2002 2004 2006
GA,Lexington,municipality,annual,7,,2004-2006 2008
GA,Liberty County,county,annual,7,,1999-2009 2011-2025
GA,Lilburn,municipality,annual,7,,2010 2021 2023-2025
GA,Lincoln County,county,annual,1,,1998 2002
GA,Lincoln County,county,annual,7,,2008 2011-2012 2014-2024
GA,Lincolnton,municipality,annual,1,,2017-2018
GA,Locust Grove,municipality,annual,1,,1998 2007-2008
GA,Loganville,municipality,annual,7,,1998 2000-2001 2014 2021 2024-2025
GA,Long County,county,annual,7,,2002 2007 2021-2023
GA,Lookout Mountain,municipality,annual,7,,2022-2025
GA,Louisville,municipality,annual,1,,1999 2011-2017 2021 2024
GA,Lowndes County,county,annual,7,,2008 2011 2013-2021 2023-2025
GA,Lula,municipality,annual,7,,2010-2011
GA,Lumpkin County,county,annual,1,,2000-2002 2004-2007 2009-2012 2016 2018-2022 2024
GA,Lyerly,municipality,annual,1,,2001-2002 2013
GA,Lyons,municipality,annual,1,,1998 2002 2007-2008 2018-2021 2025
GA,Macon,municipality,annual,7,,1998-2013
GA,Macon,municipality,other,,6,2013
GA,Macon County,county,annual,7,,2000 2010-2011
GA,Madison,municipality,annual,7,,1999 2002-2003 2016-2019 2021 2023-2024
GA,Madison County,county,annual,1,,2020 2023
GA,Manchester,municipality,annual,7,,2003 2006-2008 2010 2014 2020-2021 2023
GA,Manchester City,municipality,annual,7,,1998-1999
GA,Marietta,municipality,annual,7,,1999-2025
GA,Marietta City,municipality,annual,7,,1998
GA,Marion County,county,annual,1,,1998-1999 2005
GA,Maxeys,municipality,annual,1,,2002-2004
GA,Maysville,municipality,annual,1,,2007 2017
GA,Mc Rae - Helena,municipality,annual,7,,2019-2020 2022
GA,Mccaysville,municipality,annual,7,,2014-2015 2022
GA,Mcdonough,municipality,annual,1,,2001 2003-2004
GA,Mcdonough,municipality,annual,7,,2013-2014 2021 2024-2025
GA,Mcduffie County,county,annual,1,,1998-1999 2002 2006 2009 2011
GA,Mcintosh County,county,annual,10,,2015 2017-2018 2020 2023
GA,Mcintyre,municipality,annual,1,,2023-2025
GA,Mcrae,municipality,annual,1,,2013
GA,Mcrae Helena,municipality,annual,7,,2025
GA,Meigs,municipality,annual,7,,2025
GA,Menlo,municipality,annual,7,,2000
GA,Meriwether County,county,annual,10,,1999 2005 2008-2009 2011 2018 2020 2022
GA,Metter,municipality,annual,7,,2022-2023 2025
GA,Metter,municipality,annual,10,,2003 2008
GA,Midville,municipality,annual,1,,2001
GA,Milledgeville,municipality,annual,1,,1999
GA,Milledgeville,municipality,annual,7,,2010-2012 2018-2019 2021
GA,Milledgeville,municipality,other,,6,2005
GA,Millen,municipality,annual,7,,2009-2011 2014-2015 2018-2020 2022-2025
GA,Miller County,county,annual,7,,1998-1999 2001
GA,Milton,municipality,annual,10,,2013 2015 2021-2023 2025
GA,Mitchell,municipality,annual,1,,1999
GA,Mitchell County,county,annual,1,,2008-2009 2019-2020
GA,Mitchell County,county,annual,7,,1998 2000-2001 2003-2005 2007
GA,Monroe,municipality,annual,1,,2004-2006 2009 2012-2015 2018-2025
GA,Monroe County,county,annual,1,,2001-2002 2014-2015 2020-2023
GA,Monroe County,county,annual,7,,2025
GA,Montezuma,municipality,annual,10,,1998 2005 2007 2010 2020 2023-2024
GA,Montgomery County,county,annual,1,,2001-2002 2004 2006 2022-2023
GA,Monticello,municipality,annual,7,,2001 2003 2015 2018
GA,Morgan County,county,annual,7,,1998 2002-2003 2011-2012 2021 2023 2025
GA,Morganton,municipality,annual,7,,2009
GA,Morrow,municipality,annual,7,,2008 2011-2012
GA,Morven,municipality,other,,9,2005
GA,Moultrie,municipality,annual,10,,2001-2002 2005-2007 2010-2015 2017 2020 2022 2024-2025
GA,Mount Zion,municipality,annual,1,,2018-2019
GA,Murray County,county,annual,1,,2005 2015 2020 2022
GA,Nashville,municipality,annual,8,,2007 2013 2015-2018 2021 2025
GA,Newnan,municipality,annual,1,,2001 2006 2010-2014 2020 2022-2025
GA,Newton County,county,annual,7,,2010-2012
GA,Norcross,municipality,annual,1,,2011-2014
GA,Norcross,municipality,annual,9,,2017 2020-2024
GA,Nunez,municipality,annual,7,,2006
GA,Oakwood,municipality,annual,1,,2006-2008 2015
GA,Ochlocknee,municipality,annual,1,,2023
GA,Ocilla,municipality,annual,7,,1998-1999 2007-2009
GA,Oconee,municipality,annual,1,,1998
GA,Oconee County,county,annual,7,,1998 2010 2012
GA,Oglethorpe,municipality,annual,1,,2001 2025
GA,Oglethorpe County,county,annual,1,,2020
GA,Oglethrope County,county,annual,1,,1998-1999 2004
GA,Omega,municipality,annual,1,,2001 2008
GA,Oxford,municipality,annual,1,,2000
GA,Oxford,municipality,annual,7,,2024
GA,Parrott,municipality,annual,1,,2002
GA,Paulding County,county,annual,7,,2008-2025
GA,Pavo,municipality,annual,1,,2021 2023
GA,Peach County,county,annual,10,,2002 2015 2020 2022-2025
GA,Peachtree City,municipality,annual,10,,2018 2020 2023-2025
GA,Peachtree Corners,municipality,annual,7,,2019 2021-2024
GA,Pearson,municipality,annual,1,,2003-2004
GA,Pelham,municipality,annual,4,,2001
GA,Pelham,municipality,annual,7,,2004
GA,Pembroke,municipality,annual,1,,2003 2014 2019-2020
GA,Perry,municipality,annual,7,,1998-2002 2012-2013 2018-2025
GA,Pickens County,county,annual,1,,1998-1999 2003-2005 2007-2011 2015-2017 2020 2022-2024
GA,Pike County,county,annual,7,,2021-2022
GA,Pike County,county,annual,11,,1999-2000
GA,Pine Lake,municipality,annual,1,,2011
GA,Pine Mountain,municipality,annual,7,,2008
GA,Pineview,municipality,annual,1,,2002
GA,Pitts,municipality,annual,1,,2000 2022
GA,Plains,municipality,annual,7,,1998-2003
GA,Polk County,county,annual,7,,2021 2025
GA,Pooler,municipality,annual,1,,2003-2005 2020-2024
GA,Portal,municipality,annual,7,,2014
GA,Porterdale,municipality,annual,1,,2007 2024
GA,Portwentworth,municipality,annual,7,,2012
GA,Poulan,municipality,annual,1,,2005
GA,Powder Springs,municipality,annual,7,,2000-2002 2004-2005 2021 2023-2025
GA,Pulaski County,county,annual,1,,2005
GA,Putnam County,county,annual,1,,2002-2004
GA,Putnam County,county,annual,10,,2020 2022
GA,Quitman,municipality,annual,7,,2000 2004 2009 2013
GA,Quitman City,municipality,annual,7,,1998
GA,Rabun County,county,annual,7,,2000 2005 2011-2012 2014-2015 2021-2025
GA,Randolph County,county,annual,4,,1998-1999 2001
GA,Ray City,municipality,annual,1,,1999 2010
GA,Reidsville,municipality,annual,7,,1998
GA,Reynolds,municipality,annual,7,,1998-1999 2001 2003 2013-2015
GA,Riceboro,municipality,annual,7,,2019-2020
GA,Richland,municipality,annual,7,,2013
GA,Richmond Hill,municipality,annual,1,,1999-2000 2011-2015 2020 2022 2024
GA,Riddleville,municipality,annual,1,,1999
GA,Rincon,municipality,annual,1,,2008 2017-2018 2020 2024
GA,Ringgold,municipality,annual,1,,2002-2003 2012 2023-2025
GA,Riverdale,municipality,annual,7,,2021 2024-2025
GA,Roberta,municipality,annual,10,,2004 2011 2017 2020
GA,Rochelle,municipality,annual,1,,1999 2002-2003
GA,Rockdale County,county,annual,1,,1999-2024
GA,Rockmart,municipality,annual,7,,2002-2004 2016-2017 2022
GA,Rome,municipality,annual,1,,1998-2006 2008-2025
GA,Roswell,municipality,annual,7,,1998 2000-2016 2018-2022
GA,Royston,municipality,annual,7,,2012-2014 2019-2020
GA,Rutledge,municipality,annual,7,,2000
GA,Sandersville,municipality,annual,1,,2003 2011 2014 2020 2023-2025
GA,Sandy Springa,municipality,annual,7,,2023
GA,Sandy Springs,municipality,annual,7,,2008-2022 2024-2025
GA,Sardis,municipality,annual,1,,2001 2010 2016-2017
GA,Savannah,municipality,annual,1,,1998-2025
GA,Schley County,county,annual,7,,2003-2004 2008-2009
GA,Screven,municipality,annual,7,,2000
GA,Screven County,county,annual,7,,1999 2022
GA,Seminole County,county,annual,6,,1998 2024
GA,Senoia,municipality,annual,1,,2000 2003-2005 2020-2024
GA,Shellman,municipality,annual,1,,2024
GA,Shellman,municipality,annual,12,,1998 2002
GA,Smyrna,municipality,annual,7,,1998-1999 2002 2004 2009 2012-2013 2021-2025
GA,Snellville,municipality,annual,7,,2005 2012 2015 2021 2023
GA,Social Circle,municipality,annual,7,,2001 2007 2009-2010 2021-2025
GA,Soperton,municipality,annual,1,,2002-2006
GA,South Fulton,municipality,annual,10,,2021-2024
GA,Spalding County,county,annual,7,,2003-2004 2006 2009-2011 2013 2021 2023-2024
GA,Sparks,municipality,annual,1,,2010
GA,Sparta,municipality,annual,5,,1999 2008-2010
GA,St. Marys,municipality,annual,7,,2004-2007 2018-2019 2021-2023
GA,Statesboro,municipality,annual,7,,2010 2021-2022 2024-2025
GA,Stephens County,county,annual,7,,2001 2021-2024
GA,Stewart County,county,annual,1,,2002 2007 2022-2023
GA,Stillmore,municipality,annual,1,,2001
GA,Stockbridge,municipality,annual,1,,2003 2006 2008 2010-2011 2013 2020-2025
GA,Stone Mountain,municipality,annual,1,,2010
GA,Stonecrest,municipality,annual,1,,2021
GA,Sugar Hill,municipality,annual,1,,2020 2022
GA,Summertown,municipality,annual,7,,2000
GA,Summerville,municipality,annual,7,,2013 2015-2016 2022 2024-2025
GA,Sumter County,county,annual,1,,2005
GA,Sumter County,county,annual,7,,2011-2019 2021-2022 2024-2025
GA,Sumter County,county,annual,11,,1998
GA,Sumter County,county,biennial,,,2023
GA,Suwanee,municipality,annual,7,,2004 2009 2021-2023
GA,Swainsboro,municipality,annual,12,,1999-2002 2005-2007 2009-2012 2014 2025
GA,Sycamore,municipality,annual,7,,2024
GA,Sylvania,municipality,annual,1,,2003 2015 2019 2021-2024
GA,Sylvester,municipality,annual,7,,1998 2000-2003 2006 2009 2012-2018 2021-2024
GA,Talbot County,county,annual,7,,1998-2001 2008 2010-2011 2014
GA,Talbotton,municipality,annual,1,,1998-2000 2002
GA,Tallapoosa,municipality,annual,9,,2015-2016 2022
GA,Tattnall County,county,annual,10,,2001 2020 2022-2025
GA,Taylor County,county,annual,7,,1998 2006 2008 2011 2014 2016 2024
GA,Telfair County,county,annual,7,,2016 2018 2020 2022 2024
GA,Temple,municipality,annual,1,,2024
GA,Tennille,municipality,annual,7,,2001 2009-2013
GA,Terrell County,county,annual,10,,2000 2002
GA,Thomas County,county,annual,1,,2001-2003 2007-2008 2010-2014 2016-2024
GA,Thomaston,municipality,annual,1,,1999-2002 2007 2009-2012 2014-2016 2019-2020
GA,Thomasville,municipality,annual,1,,1998-2008 2011-2021
GA,Thomson,municipality,annual,1,,2000 2002-2003 2005 2008 2011-2014 2018-2023
GA,Thunderbolt,municipality,annual,1,,1998
GA,Tift County,county,annual,7,,2011-2012 2014-2015 2020 2022-2024
GA,Tifton,municipality,annual,7,,2005 2008-2009 2011 2013-2015 2021-2025
GA,Tifton,municipality,annual,10,,1999-2001
GA,Tiger,municipality,annual,1,,1998
GA,Toccoa,municipality,annual,7,,1998 2002-2006 2014 2017 2022-2025
GA,Toombs County,county,annual,1,,2005-2006 2022-2024
GA,Towns County,county,annual,1,,2012 2020 2022
GA,Treutlen County,county,annual,7,,1999 2002 2010 2025
GA,Trion,municipality,annual,7,,2019-2021
GA,Troup County,county,annual,7,,2003-2004 2007-2025
GA,Tucker,municipality,annual,7,,2021-2024
GA,Turner County,county,annual,7,,2004-2005 2007 2010 2013-2014 2022
GA,Twiggs County,county,annual,1,,2007-2008 2010-2012 2020 2023-2024
GA,Tybee Island,municipality,annual,7,,2017-2018 2021
GA,Tyrone,municipality,annual,7,,2023
GA,Unadilla,municipality,annual,10,,2001 2003 2010 2020-2022
GA,Union City,municipality,annual,9,,2003 2012-2013 2019 2021-2022 2024-2025
GA,Union County,county,annual,1,,1998 2001 2003 2006 2008 2012-2015 2020 2022-2024
GA,Union Point,municipality,annual,10,,2009-2010 2016 2021-2023
GA,Upson County,county,annual,1,,1998 2000 2016 2018 2020 2023-2024
GA,Valdosta,municipality,annual,7,,1998-2024
GA,Vidalia,municipality,annual,1,,1998 2000-2003 2005 2007-2008 2012 2022-2024
GA,Vienna,municipality,annual,10,,1998-1999 2002-2003 2007-2009 2011 2018
GA,Villa Rica,municipality,annual,4,,1999-2000 2002-2003
GA,Villa Rica,municipality,annual,10,,2023
GA,Waco,municipality,annual,3,,2001-2003
GA,Wadley,municipality,annual,1,,1998 2000-2002 2006 2009
GA,Waleska,municipality,annual,7,,2011
GA,Walker County,county,annual,10,,2001-2016 2021-2025
GA,Walton County,county,annual,7,,2000 2007-2008 2010 2015 2021-2025
GA,Ware County,county,annual,1,,1998
GA,Ware County,county,annual,7,,2005-2008 2010 2012-2015 2017-2024
GA,Warner Robins,municipality,annual,1,,2012
GA,Warner Robins,municipality,annual,7,,1998-2011 2013 2015 2017-2025
GA,Warren County,county,annual,7,,2014 2022-2024
GA,Warrenton,municipality,annual,1,,1999-2003 2005 2009-2010 2012 2015-2017 2021-2024
GA,Warwick,municipality,annual,7,,2003
GA,Washington,municipality,annual,1,,2003 2010-2013 2015
GA,Washington County,county,annual,7,,1999 2001 2013 2021-2022 2024-2025
GA,Watkinsville,municipality,annual,7,,2024
GA,Waverly Hall,municipality,annual,7,,2025
GA,Waycross,municipality,annual,7,,2002-2006 2010 2019 2021-2024
GA,Wayne County,county,annual,1,,2006-2007 2014-2015 2017 2020-2021 2023-2025
GA,Waynesboro,municipality,annual,1,,2000 2003-2004 2010-2011 2013 2015 2024
GA,Webster County,county,annual,1,,1999 2007
GA,West Point,municipality,annual,1,,2002
GA,Wheeler County,county,annual,1,,2025
GA,White,municipality,annual,1,,2006 2016
GA,White County,county,annual,7,,1998 2002-2003 2008 2011-2013 2015 2018-2019 2021-2025
GA,Whitfield County,county,annual,1,,1998-2005 2009-2011 2013-2022 2025
GA,Whitifield County,county,annual,1,,2012
GA,Wilcox County,county,annual,10,,1998 2003 2014 2022
GA,Wilkes County,county,annual,7,,2022
GA,Wilkinson County,county,annual,10,,1998-1999 2002 2014
GA,Winder,municipality,annual,7,,2017-2018 2021 2024-2025
GA,Winterville,municipality,annual,1,,2013
GA,Woodbine,municipality,annual,1,,2013
GA,Woodbury,municipality,annual,1,,2016 2018
GA,Woodland,municipality,annual,1,,1998 2003
GA,Woodstock,municipality,annual,7,,2011 2018-2019 2021-2025
GA,Worth County,county,annual,7,,2022-2023 2025
GA,Wrens,municipality,annual,1,,1998-2001 2003-2004 2006-2008 2011-2013
GA,Wrightsville,municipality,annual,1,,2019-2021 2024
GA,Zebulon,municipality,annual,1,,2025
HI,Honolulu,municipality,annual,7,,1998-2025
HI,Kaua'I County,county,annual,7,,2015-2018
HI,Kauai County,county,annual,7,,1998-2014 2019-2024
HI,Maui County,county,annual,7,,1998-2000 2004-2008 2011-2025
ID,Aberdeen,municipality,annual,10,,2004 2012 2014-2016 2022 2024-2025
ID,Ada County,county,annual,10,,1998-2025
ID,Adams County,county,annual,10,,1998-1999 2001 2003-2014 2021-2022 2024-2025
ID,American Fall,municipality,annual,10,,2011-2012
ID,American Falls,municipality,annual,10,,2010 2013-2015 2022 2024
ID,Ammon,municipality,annual,10,,2007-2013 2020-2021
ID,Araco,municipality,annual,10,,2003
ID,Arco,municipality,annual,10,,2004-2006 2009 2013-2015
ID,Ashton,municipality,annual,10,,2001 2007 2012-2013 2017-2018 2024
ID,Ashton City Hall,municipality,annual,10,,2025
ID,Athol,municipality,annual,10,,2021-2022
ID,Atomic City,municipality,annual,10,,2009
ID,Bannock County,county,annual,10,,2003 2013-2014 2016-2018 2021
ID,Basalt,municipality,annual,10,,2001 2018
ID,Bear Lake County,county,annual,10,,2021 2024-2025
ID,Bellevue,municipality,annual,10,,2009-2010
ID,Benewah County,county,annual,10,,1998-1999 2005 2009-2015 2022-2024
ID,Bingham County,county,annual,10,,1998 2006 2012-2018 2020-2021
ID,Blackfoot,municipality,annual,10,,2000-2003 2006-2008 2011 2013 2015-2023 2025
ID,Blackfoot City,municipality,annual,10,,1998
ID,Blaine County,county,annual,10,,2002-2003 2006 2009 2012-2013 2021-2025
ID,Bliss,municipality,annual,10,,2000 2010-2011
ID,Boise,municipality,annual,10,,1999-2006 2008-2025
ID,Boise City,municipality,annual,10,,1998
ID,Boise County,county,annual,10,,1998-1999 2004-2016 2018-2020 2022-2024
ID,Bonner County,county,annual,10,,2004-2016 2018-2025
ID,Bonners Ferry,municipality,annual,10,,2004 2007-2008 2010-2011
ID,Bonneville County,county,annual,10,,1998-2015 2020-2024
ID,Boundary County,county,annual,10,,1998-2023 2025
ID,Bovill,municipality,annual,10,,2002-2003
ID,Buhl,municipality,annual,10,,2004 2013 2020-2021 2023-2024
ID,Burley,municipality,annual,10,,2003-2010 2013 2015 2021 2024
ID,Butte County,county,annual,10,,2012-2015 2023-2024
ID,Caldwell,municipality,annual,10,,1998-2000 2002-2014 2016 2018-2025
ID,Camas County,county,annual,10,,2000 2024
ID,Cambridge,municipality,annual,10,,2004-2005 2015-2016
ID,Canyon County,county,annual,10,,1998-2006 2008-2014 2020-2022 2024-2025
ID,Caribou County,county,annual,10,,2012-2015 2025
ID,Cascade,municipality,annual,10,,1999-2001 2011 2013-2015 2024
ID,Cassia County,county,annual,10,,2015-2024
ID,Challis,municipality,annual,10,,1999 2009 2020 2023-2025
ID,Chubbuck,municipality,annual,10,,2010-2013 2018-2021
ID,Clark Fork,municipality,annual,10,,2025
ID,Clearwater County,county,annual,10,,1998 2000-2003
ID,Coeur D Alene,municipality,annual,10,,2018 2020 2023-2024
ID,Coeur D Alene City,municipality,annual,10,,2002
ID,Coeur D'Alene,municipality,annual,10,,2003-2006 2009-2017 2019
ID,Coeur Dalene,municipality,annual,10,,2025
ID,Cottonwood,municipality,annual,10,,2002-2003
ID,Council,municipality,annual,10,,1998 2000 2020-2021 2025
ID,Craigmont,municipality,annual,10,,2024-2025
ID,Culdesac,municipality,annual,10,,2020
ID,Custer County,county,annual,10,,2010-2015 2024-2025
ID,Deary,municipality,annual,10,,2006-2007 2020-2021
ID,Dietrich,municipality,annual,10,,1998 2001 2014
ID,Donnelly,municipality,annual,10,,1998-1999
ID,Driggs,municipality,annual,10,,1999 2003-2007 2009-2010 2012-2022 2024-2025
ID,Dubois,municipality,annual,10,,1998
ID,Dubois-State Of,municipality,annual,10,,2011
ID,Eagle,municipality,annual,10,,2003 2021-2025
ID,Eden,municipality,annual,10,,2021
ID,Elk River,municipality,annual,10,,2003 2024
ID,Elmore County,county,annual,10,,1998 2000 2015 2024-2025
ID,Emmett,municipality,annual,10,,2002 2005-2009 2011-2012
ID,Fairfield,municipality,annual,10,,2000 2010 2012 2015
ID,Filer,municipality,annual,7,,2011
ID,Filer,municipality,annual,10,,2010
ID,Filer,municipality,other,,72,2023
ID,Firth,municipality,annual,10,,2020-2021
ID,Franklin,municipality,annual,10,,2006-2007 2017-2018 2022-2024
ID,Fremont County,county,annual,10,,1998 2009 2013-2019 2021 2023
ID,Fruitland,municipality,annual,10,,2014-2015 2023
ID,Garden City,municipality,annual,10,,2000 2002 2020
ID,Gem County,county,annual,10,,2012 2021-2023
ID,Genesee,municipality,annual,10,,2021-2025
ID,Glenns Ferry,municipality,annual,10,,2004
ID,Gooding,municipality,annual,10,,1999 2004-2005 2010-2011 2016-2021 2023
ID,Gooding County,county,annual,10,,2023-2024
ID,Grace,municipality,annual,10,,2010-2012 2025
ID,Grangeville,municipality,annual,10,,1999 2012-2013 2023-2025
ID,Greenleaf,municipality,annual,10,,2010-2013
ID,Hagerman,municipality,annual,10,,2016 2018-2019 2024
ID,Hailey,municipality,annual,10,,2003 2012-2013
ID,Harrison,municipality,annual,10,,2025
ID,Hayden,municipality,annual,10,,2007-2008 2015 2021 2023
ID,Hazelton,municipality,annual,10,,2019
ID,Heyburn,municipality,annual,10,,2021
ID,Homedale,municipality,annual,10,,2008-2009 2023-2024
ID,Horseshoe Bend,municipality,annual,10,,2003-2004
ID,Idaho City,municipality,annual,10,,2015
ID,Idaho County,county,annual,10,,1999 2002-2018 2020-2025
ID,Idaho Falls,municipality,annual,10,,1999-2017 2019-2025
ID,Idaho Falls City,municipality,annual,10,,1998
ID,Inkom,municipality,annual,10,,2010 2018-2019 2023
ID,Iona,municipality,annual,10,,2019-2021
ID,Jefferson County,county,annual,10,,1999 2010 2021 2023-2024
ID,Jerome,municipality,annual,10,,1998-1999 2001-2002 2005 2007 2010-2011 2016-2019 2021
ID,Jerome County,county,annual,10,,2001 2007 2010 2012-2013 2015 2021-2025
ID,John Day,municipality,annual,7,,2023
ID,Juliaetta,municipality,annual,10,,2004 2020
ID,Kamiah,municipality,annual,10,,2002-2003 2012-2013 2015
ID,Kellogg,municipality,annual,10,,1998 2014-2024
ID,Kendrick,municipality,annual,10,,2016 2019
ID,Kimberly,municipality,annual,10,,2001-2002 2010-2011 2013
ID,Kooskia,municipality,annual,10,,2010 2023-2024
ID,Kootenai County,county,annual,10,,1998-2025
ID,Kuna,municipality,annual,10,,1998 2000 2003 2020 2023
ID,Latah County,county,annual,10,,2020-2025
ID,Lava Hot Springs,municipality,annual,10,,2004
ID,Lemhi County,county,annual,10,,2012-2014 2018-2019 2022-2024
ID,Lewiston,municipality,annual,10,,1999-2005 2007-2025
ID,Lewiston City,municipality,annual,10,,1998
ID,Lincoln County,county,annual,10,,2022 2024-2025
ID,Mackay,municipality,annual,10,,2004
ID,Madison County,county,annual,10,,2003 2005-2007 2009-2013 2021-2025
ID,Malad,municipality,annual,10,,2022-2024
ID,Marsing,municipality,annual,10,,2009 2011
ID,Mccall,municipality,annual,10,,2000 2003 2009-2013 2018 2020-2025
ID,Mccammon,municipality,annual,10,,2005 2008 2024-2025
ID,Melba,municipality,annual,10,,2007 2010 2019
ID,Meridian,municipality,annual,10,,2010-2014 2020-2025
ID,Middleton,municipality,annual,10,,2012-2014 2022
ID,Minidoka County,county,annual,10,,2018-2021 2023-2025
ID,Montpelier,municipality,annual,10,,2003
ID,Moscow,municipality,annual,10,,2005-2006 2010-2013 2016-2025
ID,Mountain Home,municipality,annual,10,,2003 2005-2007 2012-2025
ID,Mountain Home City,municipality,annual,10,,1998
ID,Mullan,municipality,annual,10,,1998 2020-2021
ID,Nampa,municipality,annual,10,,1999-2025
ID,Nampa City,municipality,annual,10,,1998
ID,New Meadows,municipality,annual,10,,2000-2001 2023-2024
ID,New Plymouth,municipality,annual,10,,1998 2024
ID,Newdale,municipality,annual,10,,2011 2016
ID,Nez Perce County,county,annual,10,,1998 2000-2001 2006-2012 2020-2022 2024
ID,Nezperce,municipality,annual,10,,2024-2025
ID,Notus,municipality,annual,10,,2000 2019
ID,Oneida County,county,annual,10,,2012-2015 2023
ID,Orofino,municipality,annual,10,,1998 2002-2003 2012-2015
ID,Owyhee County,county,annual,10,,2006-2007 2014-2016 2018-2025
ID,Parma,municipality,annual,10,,2001 2011 2021-2022
ID,Paul,municipality,annual,10,,1998 2003-2004
ID,Payette,municipality,annual,10,,1999 2010-2012
ID,Payette County,county,annual,10,,2010-2011 2021 2024-2025
ID,Peck,municipality,annual,10,,2001
ID,Pierce,municipality,annual,10,,2009 2018-2019 2022-2023
ID,Pinehurst,municipality,annual,10,,2014-2016
ID,Plummer,municipality,annual,10,,1998 2000 2004 2010-2011 2019-2025
ID,Pocatello,municipality,annual,10,,1998-1999 2001-2016 2018-2024
ID,Post Falls,municipality,annual,10,,2001-2003 2012 2015-2017 2021 2023-2024
ID,Potlatch,municipality,annual,10,,2009-2010 2012-2013
ID,Power County,county,annual,10,,2017 2019 2021-2024
ID,Preston,municipality,annual,10,,2018 2021 2023-2024
ID,Preston City,municipality,annual,10,,2025
ID,Priest River,municipality,annual,10,,2001 2010-2012 2018-2020 2022-2025
ID,Rathdrum,municipality,annual,10,,2024
ID,Rexburg,municipality,annual,10,,2008 2010 2015-2022 2024-2025
ID,Rexburg City,municipality,annual,10,,1998
ID,Rigby,municipality,annual,10,,2009 2012-2014 2023
ID,Riggins,municipality,annual,10,,1998-1999 2010
ID,Roberts,municipality,annual,10,,2004 2022
ID,Rockland,municipality,annual,10,,1999 2013
ID,Rupert,municipality,annual,10,,1998-2002 2005-2009 2012 2024
ID,Salmon,municipality,annual,10,,1999 2001-2008 2024-2025
ID,Sandpoint,municipality,annual,10,,2001 2003 2011-2014 2017-2018 2021-2023
ID,Shelley,municipality,annual,10,,2007-2010 2025
ID,Shoshone,municipality,annual,10,,2024-2025
ID,Shoshone County,county,annual,7,,2021
ID,Shoshone County,county,annual,10,,1998-2004 2006 2009 2011-2020 2022-2024
ID,Smelterville,municipality,annual,10,,2014-2016
ID,Spirit Lake,municipality,annual,10,,2003 2012
ID,St. Anthony,municipality,annual,10,,2004-2006 2011
ID,St. Maries,municipality,annual,10,,2020-2021
ID,Star,municipality,annual,10,,2022
ID,Stites,municipality,annual,10,,2022
ID,Sugar City,municipality,annual,10,,2000 2018-2020
ID,Teton County,county,annual,10,,2002 2008 2014
ID,Tetonia,municipality,annual,10,,2009
ID,Troy,municipality,annual,10,,2002 2023
ID,Twin Falls,municipality,annual,10,,2001-2025
ID,Twin Falls County,county,annual,10,,2011 2020-2025
ID,Valley County,county,annual,10,,2004-2025
ID,Victor,municipality,annual,10,,2013
ID,Wallace,municipality,annual,10,,2016-2018
ID,Washington County,county,annual,10,,1998-1999 2014-2016 2023-2025
ID,Weippe,municipality,annual,7,,2019
ID,Weippe,municipality,annual,10,,2018 2020-2021
ID,Weiser,municipality,annual,10,,2000-2006 2008-2012 2015-2016 2021 2023
ID,Wendell,municipality,annual,10,,2011-2015
ID,White Bird,municipality,annual,10,,2019
ID,Wilder,municipality,annual,10,,1998 2002 2009-2010 2024
ID,Winchester,municipality,annual,10,,2015-2016 2024-2025
IL,Abingdon,municipality,annual,5,,1999 2015
IL,Adams County,county,annual,12,,1998-2015 2020-2025
IL,Addison,municipality,annual,5,,1999-2001 2005 2007 2014-2016 2019-2021 2023-2025
IL,Aledo,municipality,annual,1,,2024
IL,Aledo,municipality,annual,5,,2000-2004
IL,Alexander County,county,annual,12,,1998-2003 2006 2009 2011-2012 2014-2015 2018-2021 2023-2024
IL,Algonquin,municipality,annual,5,,1999 2003 2013 2021-2023
IL,Alma,municipality,annual,1,,2002 2006
IL,Alorton,municipality,annual,5,,2007
IL,Alsip,municipality,annual,5,,2000 2013
IL,Altamont,municipality,annual,5,,2015 2023
IL,Alton,municipality,annual,4,,2000-2004 2011-2012 2014-2018 2020-2021 2023-2025
IL,Anna,municipality,annual,5,,2013
IL,Annawan,municipality,annual,5,,2009
IL,Antioch,municipality,annual,5,,2009
IL,Arcola,municipality,annual,5,,2005-2006 2012 2019 2025
IL,Arenzville,municipality,annual,5,,2010
IL,Arlington,municipality,annual,5,,2014
IL,Arlington Heights,municipality,annual,1,,1998 2019-2025
IL,Arlington Heights,municipality,annual,5,,1999-2006 2008-2015
IL,Aroma Park,municipality,annual,5,,2021
IL,Arthur,municipality,annual,5,,1999 2001
IL,Assumption,municipality,annual,5,,1999 2024-2026
IL,Astoria,municipality,annual,5,,2000 2009-2010
IL,Athens,municipality,annual,5,,2013
IL,Atkinson,municipality,annual,5,,2025
IL,Auburn,municipality,annual,5,,2000-2001 2021
IL,Augusta,municipality,annual,5,,2000
IL,Aurora,municipality,annual,1,,1998-2025
IL,Avon Township,township,annual,3,,2006
IL,Baldwin,municipality,annual,5,,2000 2004
IL,Bannockburn,municipality,annual,5,,2010-2011 2014
IL,Barrington,municipality,annual,1,,2000-2001 2003 2012-2014 2021-2025
IL,Barry,municipality,annual,5,,2011 2013
IL,Bartlett,municipality,annual,5,,2014-2016 2021 2023-2025
IL,Batavia,municipality,annual,1,,1998-2001 2003-2007 2018-2025
IL,Bath,municipality,annual,5,,1999
IL,Baylis,municipality,annual,5,,1998
IL,Beardstown,municipality,annual,5,,1998 2003 2011-2012 2024-2025
IL,Beckemeyer,municipality,annual,5,,2005-2007
IL,Beecher,municipality,annual,5,,1998
IL,Belleville,municipality,annual,5,,1998-2000 2003 2011-2017 2019 2021 2023
IL,Bellwood,municipality,annual,1,,2012-2014 2020 2023-2024
IL,Bellwood,municipality,annual,5,,2001
IL,Belvidere,municipality,annual,5,,2000 2010 2021 2023-2025
IL,Benld,municipality,annual,5,,2000-2003 2010
IL,Bensenville,municipality,annual,1,,2011-2012 2014-2016 2018 2020-2022 2024
IL,Bensenville,municipality,annual,5,,2001
IL,Bensenville,municipality,other,,20,2010
IL,Benton,municipality,annual,5,,1998 2000-2004 2006-2007 2009-2010 2012-2014 2018 2021-2022
IL,Berkeley,municipality,annual,5,,2019 2024
IL,Berwyn,municipality,annual,1,,1999 2001-2024
IL,Bethalto,municipality,annual,5,,2023
IL,Bethany,municipality,annual,6,,2024-2025
IL,Bible Grove Township,township,biennial,,,2003
IL,Big Rock,municipality,annual,5,,2012-2014
IL,Biggsville,municipality,annual,5,,2001 2014
IL,Bishop Hill,municipality,annual,5,,2021
IL,Blair Township,township,biennial,,,2002
IL,Blandinsville,municipality,annual,5,,2001
IL,Bloomingdale,municipality,annual,5,,1998-2000 2009 2021
IL,Bloomington,municipality,annual,5,,2000-2025
IL,Bloomington City,municipality,annual,5,,1998-1999
IL,Blue Island,municipality,annual,1,,2015-2016 2022-2023
IL,Blue Island,municipality,annual,5,,2011-2014
IL,Blue Mound,municipality,annual,5,,2000
IL,Bolingbrook,municipality,annual,5,,2000-2003 2014 2021-2024
IL,Bond County,county,annual,12,,2001-2017 2020-2024
IL,Boone County,county,annual,12,,2001-2002 2004-2007 2009-2017 2020-2025
IL,Bourbon Township,township,annual,4,,2000
IL,Bourbonnais,municipality,annual,5,,2023
IL,Bowen,municipality,annual,7,,2002-2003
IL,Braceville,municipality,annual,5,,2024-2025
IL,Bradford,municipality,annual,5,,2004
IL,Bradley,municipality,annual,5,,2023
IL,Braidwood,municipality,annual,5,,2014
IL,Breese,municipality,annual,5,,2005-2007
IL,Bridgeview,municipality,annual,1,,2010-2014 2020
IL,Brighton,municipality,annual,7,,2007 2013 2016
IL,Broadview,municipality,annual,5,,2014-2015
IL,Brookfield,municipality,annual,1,,2023-2024
IL,Brookport,municipality,annual,5,,2021-2022 2024
IL,Brownstown,municipality,annual,4,,1998-1999
IL,Buda,municipality,annual,5,,1999-2000
IL,Buffalo Grove,municipality,annual,1,,2020-2021
IL,Bunker Hill,municipality,annual,5,,2014-2017
IL,Burbank,municipality,annual,1,,1998 2008 2010 2018 2020 2022
IL,Bureau County,county,annual,12,,2001-2003 2005-2015 2021-2023
IL,Bureau Junction,municipality,annual,5,,2021
IL,Burnham,municipality,annual,5,,2021 2023
IL,Burnt Prairie,municipality,annual,1,,2024
IL,Bushnell,municipality,annual,5,,2000 2004 2010-2011 2014 2016 2021
IL,Cahokia,municipality,annual,5,,1999-2001 2009 2012-2013
IL,Cairo,municipality,annual,5,,1998-2000 2002 2012-2014
IL,Calhoun,municipality,annual,4,,2003-2004
IL,Calhoun County,county,annual,9,,1998 2001-2003 2009 2014-2015 2021 2024-2025
IL,Calumet City,municipality,annual,5,,1998-1999 2003 2005 2007-2024
IL,Calumet Park,municipality,annual,5,,2012
IL,Camden Township,township,annual,4,,2001
IL,Camp Point,municipality,annual,5,,1998
IL,Campton Township,township,annual,4,,2024
IL,Canton,municipality,annual,5,,2006 2010-2012 2023 2025
IL,Capron,municipality,annual,5,,2020-2021
IL,Carbon Hill,municipality,annual,5,,2019
IL,Carbondale,municipality,annual,5,,1998-2015 2017 2021-2025
IL,Carlinville,municipality,annual,5,,2001 2017-2018 2025
IL,Carlock,municipality,annual,5,,2015
IL,Carlyle,municipality,annual,5,,2006
IL,Carlyle Township,township,annual,4,,2002
IL,Carmi,municipality,annual,1,,2008 2011 2013 2015 2025
IL,Carol Stream,municipality,annual,5,,2003-2004 2011-2012 2021 2023-2024
IL,Carpentersville,municipality,annual,1,,2015-2017 2019-2020 2022-2024
IL,Carpentersville,municipality,annual,5,,2003-2004 2014-2015
IL,Carrier Mills,municipality,annual,5,,2017-2019
IL,Carroll County,county,annual,12,,2022
IL,Carrollton,municipality,annual,5,,1999 2013 2025
IL,Carthage,municipality,annual,5,,2009-2010
IL,Cary,municipality,annual,5,,1998 2003-2004 2019
IL,Casey,municipality,annual,5,,2011 2013-2014 2016-2018
IL,Casey City,municipality,annual,5,,1998
IL,Caseyville Township,township,annual,4,,2007 2009 2013
IL,Cass County,county,annual,12,,2003-2024
IL,Catlin,municipality,annual,5,,2020-2022
IL,Cedar Point,municipality,annual,5,,2024
IL,Centralia,municipality,annual,1,,2002-2005 2007-2008 2012-2013 2020 2024-2025
IL,Centreville,municipality,annual,5,,2005
IL,Champaign,municipality,annual,7,,1998-2025
IL,Champaign County,county,annual,1,,2015-2022
IL,Champaign County,county,annual,12,,1998-2013
IL,Champaign County,county,other,,13,2014
IL,Champaign Township,municipality,annual,7,,2025
IL,Chandlerville,municipality,annual,4,,2013
IL,Channahon,municipality,annual,5,,2000-2004 2011
IL,Charleston,municipality,annual,5,,1998-2001 2003-2004 2010-2012 2021-2023
IL,Chatham,municipality,annual,5,,1999 2024-2025
IL,Chatsworth,municipality,annual,5,,1998
IL,Chester,municipality,annual,5,,1999-2000 2023
IL,Chesterfield,municipality,annual,5,,1999
IL,Chicago,municipality,annual,1,,1998-2024
IL,Chicago Heights,municipality,annual,5,,1998-2006 2008-2013 2015 2020-2025
IL,Chicago Ridge,municipality,annual,1,,2001 2022
IL,Christian County,county,annual,12,,2000 2002-2007 2009-2015 2022 2024-2025
IL,Christopher,municipality,annual,5,,1999-2000 2002-2003 2005 2011
IL,Cicero,municipality,annual,1,,1999 2001-2020 2022-2023
IL,Cisne,municipality,annual,5,,1998
IL,Clarendon Hills,municipality,annual,5,,2010
IL,Clark County,county,annual,12,,1999 2006-2007 2011 2013-2014 2016 2023-2024
IL,Clay City,municipality,annual,5,,2002 2015-2016
IL,Clinton,municipality,annual,5,,2013-2015 2021-2022
IL,Clinton County,county,annual,12,,2003 2006 2008-2014 2018 2020-2022
IL,Coal City,municipality,annual,5,,2024-2025
IL,Coalton,municipality,annual,4,,2003
IL,Cobden,municipality,annual,5,,2016-2017
IL,Colchester,municipality,annual,5,,2016
IL,Coles County,county,annual,12,,1998-2025
IL,Collinsville,municipality,annual,1,,1998-2007 2012-2013 2017 2019-2021
IL,Colona,municipality,annual,5,,1998
IL,Columbia,municipality,annual,5,,2020
IL,Compton,municipality,annual,4,,2021
IL,Cook County,county,annual,12,,1998-2010 2012-2014 2016-2018 2021 2023-2025
IL,Coulterville,municipality,annual,5,,2001 2024
IL,Country Club Hills,municipality,annual,5,,2000 2019
IL,Cowden,municipality,annual,5,,2017-2018
IL,Crawford County,county,annual,12,,2003-2004 2006 2009 2011 2020-2024
IL,Creal Springs,municipality,annual,5,,1998
IL,Crest Hill,municipality,annual,5,,2013 2021 2023-2025
IL,Crestwood,municipality,annual,5,,2007 2020-2024
IL,Crete,municipality,annual,5,,2000 2021 2025
IL,Crete Township,township,annual,4,,2025
IL,Crossville,municipality,annual,5,,2014-2018
IL,Crystal Lake,municipality,annual,5,,2001-2003 2017 2021-2022 2024
IL,Crystal Lake,municipality,other,,8,2024
IL,Cuba,municipality,annual,5,,1998-1999
IL,Cullom,municipality,annual,5,,2024-2025
IL,Cumberland County,county,annual,12,,2008-2011 2013-2014 2021-2023
IL,Cunningham Township,township,annual,7,,2024
IL,Curran,municipality,annual,5,,2019
IL,Danvile,municipality,annual,5,,2012 2021
IL,Danville,municipality,annual,5,,1998-2011 2013-2018 2020 2022-2025
IL,Darien,municipality,annual,5,,2021-2023
IL,Davis Junction,municipality,annual,5,,2009
IL,De Soto,municipality,annual,5,,2011
IL,Decatur,municipality,annual,1,,2014-2024
IL,Decatur,municipality,annual,5,,1998-1999 2001-2013
IL,Decatur,municipality,other,,8,2013
IL,Deerfield,municipality,annual,1,,2020-2021 2023
IL,Dekalb,municipality,annual,1,,2017-2025
IL,Dekalb,municipality,annual,7,,1998-2002 2004-2016
IL,Dekalb,municipality,other,,,2016
IL,Dekalb County,county,annual,1,,2007-2010 2013-2025
IL,Dekalb County,county,annual,12,,1998-2003 2005-2006
IL,Deland,municipality,annual,5,,2018
IL,Des Plaines,municipality,annual,1,,1999-2023
IL,Desoto,municipality,annual,5,,2012
IL,Dewitt County,county,annual,12,,2022 2025
IL,Diamond,municipality,annual,5,,2009-2010
IL,Dieterich,municipality,annual,5,,2002
IL,Dixon,municipality,annual,5,,2001 2003 2006-2007 2009-2012 2021-2024
IL,Dolton,municipality,annual,5,,2021
IL,Donnellson,municipality,annual,5,,2002-2003
IL,Douglas County,county,annual,1,,2010 2020-2024
IL,Downers Grove,municipality,annual,1,,2008 2016 2019-2022 2024-2025
IL,Downers Grove,municipality,annual,5,,2002-2003
IL,Downers Grove,municipality,other,,8,2006
IL,Downs,municipality,annual,5,,2024-2025
IL,Du Quoin,municipality,annual,1,,1998 2004-2007 2025
IL,Dupage County,county,annual,12,,1998-2005 2008-2025
IL,Dupo,municipality,annual,5,,2008-2009
IL,Durand,municipality,annual,5,,2000 2011 2023
IL,Dwight,municipality,annual,4,,2007 2017
IL,Earlville,municipality,annual,5,,2002-2004
IL,East Dubuque,municipality,annual,5,,1999-2000 2002-2003
IL,East Dundee,municipality,annual,5,,1998-1999 2007 2012-2013
IL,East Galesburg,municipality,annual,5,,1998
IL,East Hazel Crest,municipality,annual,5,,2001 2022
IL,East Moline,municipality,annual,1,,2020 2022 2024
IL,East Moline,municipality,annual,5,,2002-2006 2009-2013
IL,East Peoria,municipality,annual,5,,1999-2001 2003 2007-2009 2017 2020-2023
IL,East Saint Louis,municipality,annual,1,,2022
IL,East St. Louis,municipality,annual,1,,1998-1999 2001-2013 2021
IL,Edgar County,county,annual,12,,1998 2010-2013 2020-2022
IL,Edinburg,municipality,annual,5,,2011
IL,Edwardsville,municipality,annual,5,,2000-2002 2022
IL,Edwardsville,municipality,annual,6,,2021
IL,Effingham,municipality,annual,5,,1999-2014 2023-2024
IL,Effingham City,municipality,annual,5,,1998
IL,Effingham County,county,annual,12,,2001-2024
IL,Elburn,municipality,annual,5,,2016
IL,Eldorado,municipality,annual,5,,2001-2003 2012 2025
IL,Elgin,municipality,annual,1,,1999-2000 2002 2008-2025
IL,Elizabethtown,municipality,annual,5,,2016
IL,Elk Grove,municipality,annual,5,,2024
IL,Elk Grove Village,municipality,annual,5,,2004-2005 2007 2009-2014 2021 2023
IL,Elmhurst,municipality,annual,1,,2017-2020 2022-2025
IL,Elmhurst,municipality,annual,5,,2001 2003 2006
IL,Elmhurst,municipality,other,,8,2013
IL,Elmwood City,municipality,annual,7,,2014
IL,Elmwood Park,municipality,annual,5,,2015-2017 2021-2022
IL,Equality,municipality,annual,5,,2011-2016
IL,Erie,municipality,annual,5,,2020
IL,Essex,municipality,annual,5,,2007
IL,Evanston,municipality,annual,1,,2012-2024
IL,Evanston,municipality,annual,3,,1998-2011
IL,Evansville,municipality,annual,5,,2000-2001
IL,Evergreen Park,municipality,annual,11,,2009-2015 2022
IL,Fairbury,municipality,annual,5,,2000 2019-2020
IL,Fairfield,municipality,annual,5,,2000 2013
IL,Fairmont City,municipality,annual,5,,2023
IL,Fairview,municipality,annual,5,,1998
IL,Fairview Heights,municipality,annual,5,,2022
IL,Farina,municipality,annual,5,,2002
IL,Farmington,municipality,annual,5,,1998-1999
IL,Fayette County,county,annual,12,,2000-2024
IL,Fayetteville,municipality,annual,5,,2006 2016
IL,Fillmore,municipality,annual,5,,1999
IL,Findlay,municipality,annual,5,,2026
IL,Fithian,municipality,annual,5,,2011
IL,Flanagan,municipality,annual,5,,2014
IL,Flora,municipality,annual,5,,2000-2009 2011 2021
IL,Flossmoor,municipality,annual,5,,2000-2002 2024
IL,Ford County,county,annual,12,,2022
IL,Forest Park,municipality,annual,5,,2003 2010-2013 2015-2017 2025
IL,Forreston,municipality,annual,5,,2016
IL,Forsyth,municipality,annual,5,,2003 2005-2006
IL,Fox Lake,municipality,annual,5,,2015 2020 2022-2023 2025
IL,Frankfort,municipality,annual,5,,1998-1999 2010 2017 2019 2021
IL,Franklin,municipality,annual,4,,2015 2018
IL,Franklin Grove,municipality,annual,5,,1999
IL,Franklin Park,municipality,annual,5,,1999-2000 2011 2013 2016 2019-2021 2023-2025
IL,Freeburg,municipality,annual,4,,1999 2001 2023
IL,Freeman Spur,municipality,annual,5,,1999
IL,Freeport,municipality,annual,1,,2020-2025
IL,Freeport,municipality,annual,5,,2000-2003 2005-2007 2009 2011-2018
IL,Fremont Township,township,annual,3,,2006
IL,Fulton,municipality,annual,5,,1998 2013
IL,Fulton County,county,annual,12,,1998-2025
IL,Galatia,municipality,annual,5,,2022-2023 2025
IL,Galena,municipality,annual,5,,2003 2025
IL,Galesburg,municipality,annual,1,,2004-2015 2017 2019-2024
IL,Galesburg,municipality,annual,4,,1998-2001
IL,Gallatin County,county,annual,12,,2015
IL,Geneseo,municipality,annual,7,,2006
IL,Geneva,municipality,annual,5,,1999-2001 2003 2005 2007-2009 2015 2019 2021 2024-2025
IL,Genoa,municipality,annual,5,,2010-2011
IL,Georgetown,municipality,annual,5,,1999 2003-2004
IL,German Valley,municipality,annual,5,,2017
IL,Germantown Hills,municipality,annual,5,,1998 2015
IL,Gilberts,municipality,annual,5,,2023
IL,Gillespie,municipality,annual,5,,2000-2002 2005 2020-2021
IL,Gilman,municipality,annual,5,,2004 2024
IL,Glen Carbon,municipality,annual,1,,2020 2023-2024
IL,Glen Carbon,municipality,annual,5,,1999 2004 2014-2015 2017
IL,Glen Ellyn,municipality,annual,1,,2020 2022
IL,Glen Ellyn,municipality,annual,5,,2007 2010 2013-2014
IL,Glencoe,municipality,annual,1,,2022
IL,Glencoe,municipality,annual,3,,2012-2013
IL,Glendale Heights,municipality,annual,5,,2007 2009-2011 2017 2019-2025
IL,Glenview,municipality,annual,1,,1999 2007 2009-2015 2023
IL,Glenwood,municipality,annual,5,,2010 2013
IL,Godfrey,municipality,annual,4,,2002 2004 2010-2011 2022-2023
IL,Golconda,municipality,annual,5,,1999-2000 2002
IL,Good Hope,municipality,annual,5,,2017
IL,Gorham,municipality,annual,5,,1999
IL,Grafton,municipality,annual,5,,1998 2007 2010-2011 2014
IL,Grand Ridge,municipality,annual,5,,2012 2021
IL,Granite City,municipality,annual,5,,1998-1999 2005 2007 2009-2013 2021-2022 2024-2025
IL,Granville,municipality,annual,5,,2004 2013
IL,Grayslake,municipality,annual,5,,2006 2013 2021
IL,Grayville,municipality,annual,5,,2003-2004 2017-2019
IL,Greene County,county,annual,1,,2010-2014 2020-2024
IL,Greene County,county,annual,12,,1998 2001-2003 2005-2007
IL,Greenfield,municipality,annual,5,,2021
IL,Greenfield City,municipality,annual,5,,1998
IL,Greenup,municipality,annual,5,,1998
IL,Greenville,municipality,annual,5,,2000-2003 2008 2018-2020 2025
IL,Grundy County,county,annual,12,,2002-2025
IL,Gulfport,municipality,annual,5,,2017-2019
IL,Gurnee,municipality,annual,5,,2020-2021
IL,Hamel,municipality,annual,5,,2010
IL,Hamilton,municipality,annual,5,,2006-2007 2023
IL,Hamilton County,county,annual,12,,1998 2006 2020-2021
IL,Hampshire,municipality,annual,5,,1999-2000 2003-2004 2007 2023
IL,Hampton,municipality,annual,5,,2001
IL,Hancock County,county,annual,12,,2010 2014-2016 2020-2025
IL,Hanover,municipality,annual,5,,2000 2011 2025
IL,Hanover Park,municipality,annual,1,,2020 2022
IL,Hanover Park,municipality,annual,5,,1999-2000
IL,Hardin,municipality,annual,5,,1998
IL,Harrisburg,municipality,annual,5,,2004 2011 2013-2015
IL,Harvey,municipality,annual,5,,1998 2003 2014 2021
IL,Harvey City,municipality,annual,5,,1999
IL,Harwood Heights,municipality,annual,5,,2013 2017 2024
IL,Havana,municipality,annual,5,,1998-2000 2003 2005 2014-2015
IL,Hawthorn Woods,municipality,annual,1,,2022
IL,Hebron,municipality,annual,5,,2007
IL,Henderson County,county,annual,12,,1998-1999 2001 2003 2005-2015 2022
IL,Henry County,county,annual,12,,2001-2025
IL,Herrick,municipality,annual,5,,2024
IL,Herrin,municipality,annual,5,,2019 2025
IL,Herscher,municipality,annual,5,,1998
IL,Heyworth,municipality,annual,5,,2000-2001
IL,Hickory Hills,municipality,annual,5,,2014
IL,Highland,municipality,annual,5,,1998 2020 2023
IL,Highland Park,municipality,annual,1,,2015-2016 2020-2025
IL,Highwood,municipality,annual,5,,2013
IL,Hillsboro,municipality,annual,5,,1998-1999 2003 2008-2010 2025
IL,Hillside,municipality,annual,5,,2012 2015-2017 2022-2023
IL,Hinckley,municipality,annual,5,,2011 2014-2015
IL,Hinsdale,municipality,annual,1,,2020 2022-2023
IL,Hinsdale,municipality,annual,5,,2015-2018
IL,Hodgkins,municipality,annual,1,,1998
IL,Hoffman Estates,municipality,annual,1,,2000-2003 2007-2015 2017 2020-2025
IL,Homer,municipality,annual,5,,2011-2012
IL,Homer Glen,municipality,annual,5,,2021
IL,Homer Township,township,annual,4,,2024-2025
IL,Hometown,municipality,annual,5,,2021
IL,Homewood,municipality,annual,5,,2013 2015 2021
IL,Hoopeston,municipality,annual,5,,2003 2015 2025
IL,Hoosier Township,township,biennial,,,2003
IL,Hopedale,municipality,annual,5,,2001 2018
IL,Huntley,municipality,annual,1,,2020 2022 2025
IL,Hurst,municipality,annual,5,,2012
IL,Inverness,municipality,annual,5,,2023
IL,Ipava,municipality,annual,5,,2011
IL,Iroquois County,county,annual,12,,2001-2014 2020-2024
IL,Itasca,municipality,annual,5,,2010-2011
IL,Jackson,municipality,annual,1,,2025
IL,Jackson County,county,annual,12,,1998-2013 2015-2018 2021-2024
IL,Jacksonville,municipality,annual,1,,1999-2001 2003 2008 2010 2013-2014 2016-2018 2020 2023-2024
IL,Jacksonville City,municipality,annual,1,,1998
IL,Jasper County,county,annual,12,,1998 2001-2003 2008-2016 2019-2024
IL,Jefferson County,county,annual,12,,2002-2015 2020-2024
IL,Jersey County,county,annual,12,,2000 2003 2020 2022-2023
IL,Jerseyville,municipality,annual,5,,1998 2014
IL,Jo Daviess County,county,annual,12,,2000-2013 2015 2020-2021 2025
IL,Johnson County,county,annual,12,,2002-2003 2005 2008 2024
IL,Johnston City,municipality,annual,5,,2008 2010 2023-2024
IL,Joliet,municipality,annual,1,,2000-2025
IL,Joliet City,municipality,annual,1,,1998-1999
IL,Joliet Township,township,annual,4,,2024-2025
IL,Joy,municipality,annual,5,,2021-2022
IL,Junction City,municipality,annual,5,,2003
IL,Justice,municipality,annual,1,,2019-2020 2022
IL,Kane,municipality,annual,5,,2020-2021
IL,Kane County,county,annual,12,,2000-2002 2004-2025
IL,Kankakee,municipality,annual,5,,1998-2018 2020-2025
IL,Kankakee County,county,annual,12,,1998-2003 2005-2025
IL,Kansas,municipality,annual,4,,2015
IL,Keithsburg,municipality,annual,7,,2018 2020
IL,Kendall County,county,annual,12,,1999-2016 2018-2024
IL,Kenney,municipality,annual,5,,2025
IL,Kewanee,municipality,annual,5,,1998-1999 2004-2005 2023
IL,Kincaid,municipality,annual,5,,2025
IL,Kingston,municipality,annual,5,,1999
IL,Kinmundy,municipality,annual,5,,1999 2012-2013
IL,Kinmundy City,municipality,annual,5,,1998
IL,Kirkwood,municipality,annual,5,,2013-2014
IL,Knox County,county,annual,12,,1998-2015 2020-2025
IL,La Grange,municipality,annual,5,,2000 2009 2015
IL,Ladd,municipality,annual,5,,2006
IL,Lafayette,municipality,annual,1,,2020
IL,Lagrange,municipality,annual,5,,2023
IL,Lagrange Park,municipality,annual,5,,2023
IL,Laharpe,municipality,annual,5,,2020-2021
IL,Lake Bluff,municipality,annual,5,,2014
IL,Lake County,county,annual,12,,1998-2022 2024
IL,Lake Forest,municipality,annual,5,,2012 2017 2021 2023 2025
IL,Lake In The Hills,municipality,annual,1,,2020 2022
IL,Lake Villa,municipality,annual,5,,2017
IL,Lake Villa Township,township,annual,4,,2006
IL,Lake Zurich,municipality,annual,1,,2020 2023
IL,Lakewood,municipality,annual,5,,2012
IL,Lanark,municipality,annual,4,,2013
IL,Lanark City,municipality,annual,4,,1999
IL,Lansing,municipality,annual,5,,1999-2002 2007 2013 2015-2017 2019-2022
IL,Lasalle,municipality,annual,5,,2004 2010-2014 2024
IL,Lasalle County,county,annual,12,,1998-2000 2002-2025
IL,Lawrence County,county,annual,12,,1998 2000 2010
IL,Lawrenceville,municipality,annual,5,,2004 2011 2013-2014
IL,Lebanon,municipality,annual,5,,2019-2021
IL,Lee County,county,annual,12,,2002-2015 2020-2024
IL,Lemont,municipality,annual,5,,1999 2001 2006-2008 2014 2024
IL,Lena,municipality,annual,5,,1999-2000 2012-2013
IL,Lewistown,municipality,annual,5,,1999 2006
IL,Leyden Township,township,annual,4,,2015
IL,Libertyville,municipality,annual,5,,1999 2001 2020-2021
IL,Lincoln,municipality,annual,5,,1999-2001
IL,Lincolnwood,municipality,annual,1,,2024-2025
IL,Lincolnwood,municipality,annual,5,,2008 2016
IL,Lindenhurst,municipality,annual,5,,2016-2017
IL,Lisle,municipality,annual,5,,2012 2017 2021 2023 2025
IL,Litchfield,municipality,annual,5,,1998-2002 2008 2012 2020-2021
IL,Little York,municipality,annual,5,,2006
IL,Livingston County,county,annual,12,,2002-2015 2020-2024
IL,Lockport,municipality,annual,1,,2017-2018 2020-2021 2024
IL,Lockport,municipality,annual,7,,2000-2001 2004-2005 2008-2009
IL,Lockport Township,township,annual,3,,2009 2025
IL,Logan County,county,annual,12,,1998-1999 2001-2023
IL,Lombard,municipality,annual,1,,2016-2018 2020-2021 2024-2025
IL,Lombard,municipality,annual,6,,2005 2007
IL,London Mills,municipality,annual,5,,2011
IL,Long Grove,municipality,annual,5,,2025
IL,Lostant,municipality,annual,5,,1998 2003
IL,Louisville,municipality,annual,5,,1998 2014
IL,Loves Park,municipality,annual,5,,1998-2000 2010 2021-2022
IL,Ludlow,municipality,annual,4,,2024
IL,Ludlow,municipality,annual,5,,2022
IL,Lyons,municipality,annual,1,,2014-2016
IL,Machesney Park,municipality,annual,5,,2009 2011-2015 2017 2021
IL,Mackinaw,municipality,annual,5,,2003-2004
IL,Macomb,municipality,annual,5,,1998-2006 2009-2017 2019 2021-2025
IL,Macon County,county,annual,12,,2000-2025
IL,Macoupin County,county,annual,9,,1998 2000-2011 2023-2025
IL,Madison County,county,annual,12,,1998-2024
IL,Maeystown,municipality,annual,5,,1999
IL,Mahomet,municipality,annual,5,,2013-2015
IL,Malden,municipality,annual,5,,2025
IL,Manchester,municipality,annual,5,,2007
IL,Manhattan,municipality,annual,7,,2010
IL,Manlius,municipality,annual,5,,2010-2011
IL,Manteno,municipality,annual,5,,1998-2000
IL,Maple Park,municipality,annual,5,,1998
IL,Maquoketa,municipality,annual,7,,2024-2025
IL,Marengo,municipality,annual,5,,2014-2015 2024-2025
IL,Marietta,municipality,annual,5,,2001
IL,Marion,municipality,annual,5,,2000 2002-2004 2006-2007 2010-2013 2015 2019 2021-2023 2025
IL,Marion City,municipality,annual,5,,1998-1999
IL,Marion County,county,annual,12,,1998-2014 2016-2020 2022-2023
IL,Marissa,municipality,annual,5,,2011-2012 2014-2015
IL,Mark,municipality,annual,5,,2004
IL,Markham,municipality,annual,5,,1998 2002 2005-2006 2021
IL,Marseilles,municipality,annual,5,,2003 2011 2014 2020
IL,Marshall,municipality,annual,5,,2014 2024
IL,Marshall County,county,annual,12,,2001 2009 2012-2014 2022
IL,Martinsville,municipality,annual,5,,1998 2003 2013
IL,Maryville,municipality,annual,5,,1998 2011
IL,Mascoutah,municipality,annual,5,,1998-1999 2010 2022-2023
IL,Mason City,municipality,annual,5,,2010 2021-2024
IL,Mason County,county,annual,12,,2006 2009-2013 2020-2023
IL,Massac County,county,annual,1,,1998 2000-2002 2019 2022
IL,Matteson,municipality,annual,5,,1998-1999 2022 2025
IL,Mattoon,municipality,annual,5,,1998-2003 2006-2010 2012 2021-2023 2025
IL,Maywood,municipality,annual,1,,2000
IL,Maywood,municipality,annual,5,,2005 2011 2013-2014
IL,Mccullom Lake,municipality,annual,4,,2003-2004
IL,Mcdonough County,county,annual,12,,1999-2002 2005-2012 2014-2015 2019-2022
IL,Mchenry,municipality,annual,5,,1998 2016-2017 2021
IL,Mchenry County,county,annual,12,,1998-2015 2018-2023
IL,Mclean County,county,annual,1,,1998-2024
IL,Mcleansboro,municipality,annual,5,,1998 2003 2021-2022
IL,Mcnabb,municipality,annual,5,,2011
IL,Melrose Park,municipality,annual,1,,1998 2020 2024
IL,Menard County,county,annual,12,,2011 2021-2023
IL,Mendota City,municipality,annual,5,,2002
IL,Mercer County,county,annual,12,,2001 2003 2005-2007 2009-2015 2019-2021 2023
IL,Meredosia,municipality,annual,5,,2002
IL,Metamora,municipality,annual,5,,2003-2004
IL,Metropolis,municipality,annual,7,,2002 2009 2014 2017
IL,Mill Creek,municipality,annual,5,,1998
IL,Milledgeville,municipality,annual,5,,2024
IL,Millstadt,municipality,annual,5,,2008-2010
IL,Minonk,municipality,annual,5,,2018
IL,Mokena,municipality,annual,7,,2021
IL,Moline,municipality,annual,1,,2001-2017 2019-2025
IL,Moline,municipality,annual,4,,1998-2001
IL,Monee,municipality,annual,5,,2020
IL,Monmouth,municipality,annual,5,,2009 2011-2012 2021-2022 2024-2025
IL,Monroe County,county,annual,12,,1998 2008 2011 2013-2014 2018 2020-2023 2025
IL,Montgomery,municipality,annual,5,,2000 2003 2012 2015 2021
IL,Montgomery County,county,annual,5,,2010
IL,Montgomery County,county,annual,12,,1998-2009 2011-2019 2021-2025
IL,Montrose,municipality,annual,5,,2018
IL,Morgan County,county,annual,9,,1998 2000-2001 2003 2005-2025
IL,Morris,municipality,annual,5,,1998 2000 2021 2024
IL,Morrison,municipality,annual,5,,2003 2012-2013 2016 2024
IL,Morrisonville,municipality,annual,5,,1999
IL,Morton,municipality,annual,5,,2010 2022
IL,Morton Grove,municipality,annual,1,,2001
IL,Moultrie County,county,annual,12,,2006-2007 2014 2022
IL,Mound City,municipality,annual,7,,2021
IL,Mounds,municipality,annual,7,,1998 2001 2004
IL,Mount Carroll,municipality,annual,5,,2010
IL,Mount Morris,municipality,annual,5,,2009
IL,Mount Olive,municipality,annual,5,,2022-2023
IL,Mount Prospect,municipality,annual,1,,1998-2011 2013 2016-2017 2020-2025
IL,Moweaqua,municipality,annual,5,,2025
IL,Mt Morris,municipality,annual,5,,1998
IL,Mt Vernon,municipality,annual,5,,2000-2001
IL,Mt Vernon City,municipality,annual,5,,1998-1999
IL,Mt. Carmel,municipality,annual,5,,1998-2000 2020 2024
IL,Mt. Vernon,municipality,annual,5,,2002-2004 2006-2007 2009 2011-2013 2018-2025
IL,Mundelein,municipality,annual,5,,1999-2000 2021
IL,Murphysboro,municipality,annual,1,,2014-2017 2023
IL,Murphysboro,municipality,annual,5,,2002
IL,Naperville,municipality,annual,1,,2016-2025
IL,Naperville,municipality,annual,5,,1998-2015
IL,Naperville 8 Month Audit,municipality,annual,1,,2015
IL,Naplate,municipality,annual,4,,2011 2021
IL,Nashville,municipality,annual,5,,1999-2000
IL,Nashville City,municipality,annual,5,,1998
IL,Nauvoo,municipality,annual,5,,2008
IL,Neoga,municipality,annual,5,,2022
IL,Neoga City,municipality,annual,5,,1999
IL,Neponset,municipality,annual,5,,2022
IL,New Baden,municipality,annual,5,,2010-2011
IL,New Berlin,municipality,annual,5,,1998
IL,New Boston,municipality,annual,12,,2003
IL,New Lenox,municipality,annual,5,,2004-2005 2021-2022 2024-2025
IL,New Lenox Illiniois,municipality,annual,5,,2000-2002
IL,New Minden,municipality,annual,5,,1998
IL,New Salem Township,township,annual,4,,2025
IL,Newton,municipality,annual,5,,2002 2011
IL,Niles,municipality,annual,5,,2017 2021 2023
IL,Nilwood,municipality,annual,5,,2024
IL,Nokomis,municipality,annual,5,,1999-2000 2024-2025
IL,Normal,municipality,annual,4,,1998-2015 2017 2021-2025
IL,Norridge,municipality,annual,5,,2003
IL,North Aurora,municipality,annual,6,,2004 2021
IL,North Chicago,municipality,annual,5,,2001-2012 2014-2015 2024
IL,Northfield,municipality,annual,5,,2023
IL,Northlake,municipality,annual,1,,2003 2010 2013-2015 2024
IL,O'Fallon,municipality,annual,5,,1998-2000 2005 2009-2010 2014 2021-2025
IL,Oak Brook,municipality,annual,1,,2024
IL,Oak Forest,municipality,annual,5,,2013-2014 2024
IL,Oak Lawn,municipality,annual,1,,1998-2004 2009-2012 2014-2025
IL,Oak Park,municipality,annual,1,,1998-1999 2003-2005 2007-2024
IL,Oak Park Residence Corp,municipality,annual,7,,1998
IL,Oak Park Residence Corporation,municipality,annual,1,,2001-2005
IL,Oak Park Residence Corporation,municipality,annual,7,,1999
IL,Oak Park Township,township,annual,4,,2002-2003
IL,Oakford,municipality,annual,5,,2004
IL,Oakland,municipality,annual,5,,2014
IL,Oblong,municipality,annual,5,,2002
IL,Ogle County,county,annual,12,,1998 2001-2010 2012-2018 2020-2025
IL,Ohio,municipality,annual,5,,2010
IL,Ohlman,municipality,annual,6,,2003
IL,Okawville,municipality,annual,5,,2001
IL,Olmsted,municipality,annual,7,,1998
IL,Olney,municipality,annual,5,,1999-2004 2008 2011 2022
IL,Olympia Fields,municipality,annual,5,,2010-2012
IL,Omaha,municipality,annual,5,,2002 2016-2017
IL,Onarga,municipality,annual,5,,2010 2025
IL,Onarge,municipality,annual,5,,2000
IL,Oneida,municipality,annual,4,,2003 2022
IL,Oneida County,county,annual,1,,2024
IL,Oquawka Henderson County,municipality,annual,5,,2014
IL,Orangeville,municipality,annual,5,,2000-2001
IL,Oregon,municipality,annual,5,,2001-2003 2011
IL,Orient,municipality,annual,5,,2001
IL,Orion,municipality,annual,5,,2001-2003
IL,Orland Hills,municipality,annual,5,,2010
IL,Orland Park,municipality,annual,1,,2020 2022
IL,Orland Park,municipality,annual,10,,1998 2003 2006-2007
IL,Oswego,municipality,annual,1,,2024
IL,Oswego,municipality,annual,5,,2005 2021-2023
IL,Ottawa,municipality,annual,5,,1998 2000 2002-2003 2009 2011-2015 2019-2021 2023-2024
IL,Ottawa City,municipality,annual,5,,1999
IL,Ottowa,municipality,annual,5,,2025
IL,Palatine,municipality,annual,1,,1999-2007 2009-2013 2019-2025
IL,Palatine,municipality,annual,5,,1998
IL,Palos Heights,municipality,annual,1,,1998-2001 2003-2004 2020-2021
IL,Palos Hills,municipality,annual,5,,1999-2001 2003 2022-2023
IL,Palos Park,municipality,annual,5,,1999-2000
IL,Pana,municipality,annual,5,,2003 2021-2022
IL,Paris,municipality,annual,5,,1998-1999 2003-2004 2012-2014 2021
IL,Park Forest,municipality,annual,7,,1999-2008 2010-2025
IL,Park Ridge,municipality,annual,1,,2022
IL,Parkersburg,municipality,annual,6,,1998
IL,Patoka,municipality,annual,5,,1998
IL,Paxton,municipality,annual,5,,2000 2003 2023
IL,Payson,municipality,annual,5,,2011
IL,Pearl,municipality,annual,5,,2000
IL,Pecatonica,municipality,annual,5,,2010 2022
IL,Pekin,municipality,annual,5,,2003-2004 2006 2009-2015 2018 2020-2024
IL,Pembroke Township,township,annual,4,,1998
IL,Peoria,municipality,annual,1,,1998-2025
IL,Peoria County,county,annual,1,,1998-1999 2002-2024
IL,Peoria Heights,municipality,annual,5,,2012
IL,Perry County,county,annual,12,,1998 2001-2002 2009-2010 2012-2013 2020-2025
IL,Peru,municipality,annual,5,,2000 2002-2004 2008-2011 2013-2014 2019 2021
IL,Peru City,municipality,annual,5,,1999
IL,Petersburg,municipality,annual,5,,2000 2006-2007
IL,Phoenix,municipality,annual,5,,1999 2002-2003 2021
IL,Piatt County,county,annual,12,,2021-2022 2024
IL,Pike County,county,annual,12,,1998-1999 2001-2014 2018 2022
IL,Pinckneyville,municipality,annual,5,,1999-2002 2010 2023
IL,Pingree Grove,municipality,annual,5,,2009 2024-2025
IL,Pittsburg,municipality,annual,5,,2015
IL,Pittsfield,municipality,annual,5,,1999-2000 2010-2012 2017
IL,Plainfield,municipality,annual,5,,2008-2009 2011 2013 2021-2025
IL,Plainfield Township,township,annual,4,,2012
IL,Plano,municipality,annual,5,,2014
IL,Pleasant Hill,municipality,annual,5,,2000
IL,Pleasant Plains,municipality,annual,5,,2008-2009
IL,Plymouth,municipality,annual,5,,2005-2006
IL,Pocahontas,municipality,annual,4,,1998 2002
IL,Polo,municipality,annual,5,,2000 2013 2018 2025
IL,Pontoon Beach,municipality,annual,5,,2007 2009-2010
IL,Pope County,county,annual,12,,1998 2001
IL,Posen,municipality,annual,5,,2008
IL,Prairie City,municipality,annual,5,,2001
IL,Princeton,municipality,annual,5,,1999-2001 2011-2012 2014
IL,Princeton,municipality,annual,7,,2013
IL,Princeville,municipality,annual,5,,1999-2000 2012
IL,Prophetstown,municipality,annual,5,,2024
IL,Prospect Heights,municipality,annual,5,,2011 2025
IL,Pulaski,municipality,annual,5,,2021
IL,Pulaski County,county,annual,12,,1998-2001 2005-2007 2011
IL,Quincy,municipality,annual,5,,1998-1999 2001-2007 2009-2025
IL,Ramsey,municipality,annual,5,,2003
IL,Randolph County,county,annual,12,,2010-2015 2020-2022 2025
IL,Rantoul,municipality,annual,5,,1998-2000 2003-2005 2010-2025
IL,Raymond,municipality,annual,5,,1999
IL,Reading Township,township,annual,4,,2010-2012
IL,Red Bud,municipality,annual,5,,1998 2001 2003 2021
IL,Richland County,county,annual,12,,2022
IL,Richmond,municipality,annual,5,,2007-2008
IL,Richton Park,municipality,annual,5,,1999 2010 2013 2021-2025
IL,Richview,municipality,annual,5,,2003
IL,Ridgway,municipality,annual,5,,2012-2019
IL,River Forest,municipality,annual,5,,2014
IL,River Grove,municipality,annual,1,,2021
IL,River Grove,municipality,annual,5,,2009 2014
IL,Riverdale,municipality,annual,5,,1998 2001-2003 2015 2018 2021 2023-2024
IL,Riverside,municipality,annual,1,,2010
IL,Riverton,municipality,annual,5,,2023-2025
IL,Robbins,municipality,annual,5,,2005
IL,Robinson,municipality,annual,5,,2001 2013-2014
IL,Rochelle,municipality,annual,1,,2018-2020 2024-2025
IL,Rochelle,municipality,annual,5,,1998 2004-2005 2010 2012-2015
IL,Rochelle,municipality,other,,,2016
IL,Rock Falls,municipality,annual,5,,1998-1999 2001-2002 2010-2012 2024-2025
IL,Rock Island,municipality,annual,1,,2015-2016 2018-2024
IL,Rock Island,municipality,annual,4,,1998-2014
IL,Rock Island,municipality,other,,9,2014
IL,Rock Island County,county,annual,12,,1998-2024
IL,Rockford,municipality,annual,1,,1998-2025
IL,Rolling Meadows,municipality,annual,1,,1999 2009 2012-2015 2020
IL,Romeoville,municipality,annual,5,,2007 2011 2020-2021 2023 2025
IL,Romine Township,township,biennial,,,2002
IL,Roodhouse,municipality,annual,5,,2012-2013
IL,Roscoe,municipality,annual,1,,2011
IL,Roselle,municipality,annual,1,,2018 2020 2023-2024
IL,Rosemont,municipality,annual,1,,2020-2023
IL,Roseville,municipality,annual,5,,1998
IL,Round Lake,municipality,annual,5,,2002 2007 2021-2023
IL,Round Lake Beach,municipality,annual,5,,2006 2021 2024
IL,Royalton,municipality,annual,5,,2000 2003 2005 2021
IL,Rushville,municipality,annual,5,,1999 2002-2003
IL,Saint Elmo,municipality,annual,5,,2003 2011 2015
IL,Salem,municipality,annual,5,,1998-1999 2003 2007 2021
IL,Saline County,county,annual,12,,2001 2015 2022-2023
IL,San Jose,municipality,annual,5,,2020
IL,Sandoval,municipality,annual,5,,2007
IL,Sandwich,municipality,annual,5,,2003-2004 2024-2025
IL,Sangamon County,county,annual,12,,1998-2022 2024
IL,Sauget,municipality,annual,5,,1998
IL,Sauk Village,municipality,annual,5,,2008 2014-2015
IL,Savanna,municipality,annual,5,,2015 2017-2018 2020
IL,Saybrook,municipality,annual,5,,2023
IL,Schaumburg,municipality,annual,5,,1998-2003 2008-2015 2017-2025
IL,Schiller Park,municipality,annual,5,,2022
IL,Schram City,municipality,annual,5,,2002 2013
IL,Schuyler County,county,annual,12,,2022
IL,Sciota Water Project,municipality,biennial,,,2003
IL,Scott County,county,annual,12,,2005 2021-2023
IL,Secor,municipality,annual,5,,2002
IL,Sesser,municipality,annual,5,,1999 2013 2018-2021 2023 2025-2026
IL,Shabbona,municipality,annual,5,,2013
IL,Shannon,municipality,annual,5,,2019
IL,Shawneetown,municipality,annual,5,,2009-2010 2012-2019
IL,Shawneetown,municipality,annual,7,,2011
IL,Sheffield,municipality,annual,5,,1998
IL,Shelby County,county,annual,9,,2001-2003 2005-2022
IL,Shelby County,county,other,,15,2023
IL,Shelbyville,municipality,annual,5,,1999 2008
IL,Sheridan,municipality,annual,4,,2014
IL,Shields Township,township,annual,3,,2005-2007
IL,Shiloh,municipality,annual,5,,2014 2023
IL,Shoal Creek Township,township,annual,4,,1999
IL,Shorewood,municipality,annual,4,,1998-1999 2015 2021-2023 2026
IL,Sims,municipality,annual,5,,1999
IL,Skokie,municipality,annual,5,,1999-2025
IL,Smithboro,municipality,annual,5,,2004
IL,Smithfield,municipality,annual,5,,2000-2001 2007 2017
IL,Smithton,municipality,annual,5,,2011
IL,South Beloit,municipality,annual,1,,2018-2021 2023
IL,South Beloit,municipality,annual,7,,2005
IL,South Chicago Heights,municipality,annual,1,,2021
IL,South Elgin,municipality,annual,5,,2011 2021
IL,South Holland,municipality,annual,5,,2011-2013 2015 2021 2023-2025
IL,South Jacksonville,municipality,annual,5,,2004
IL,South Pekin,municipality,annual,5,,2001 2011
IL,Sparta,municipality,annual,4,,2003-2005 2009-2010 2019 2025
IL,Spring Garden Township,township,annual,4,,2003
IL,Spring Valley,municipality,annual,5,,2001 2004 2010-2011 2013 2017 2022
IL,Springfield,municipality,annual,3,,1998 2001-2008 2010-2017 2019-2025
IL,Springield,municipality,annual,3,,1999-2000
IL,Springpoint Township,township,annual,1,,2003
IL,St Anne,municipality,annual,5,,2001
IL,St Charles,municipality,annual,5,,2000-2001 2024
IL,St Clair County,county,annual,1,,1998-2000 2024
IL,St Elmo,municipality,annual,5,,1999-2000
IL,St Francisville,municipality,annual,5,,1999-2000
IL,St. Anne,municipality,annual,5,,2024-2025
IL,St. Charles,municipality,annual,5,,2002 2005-2006 2008 2010-2012 2014-2016 2018-2023
IL,St. Clair County,county,annual,1,,2001-2023
IL,St. Joseph,municipality,annual,5,,2024-2025
IL,Standard,municipality,annual,5,,2016
IL,Staunton,municipality,annual,5,,2013-2014 2025
IL,Steeleville,municipality,annual,5,,2002
IL,Steger,municipality,annual,5,,1998 2013
IL,Stephenson County,county,annual,1,,2018-2024
IL,Stephenson County,county,annual,12,,1998-2003 2005-2015
IL,Stephenson County,county,other,,,2017
IL,Sterling,municipality,annual,5,,1998 2003 2011-2012 2025
IL,Stickney Township,township,annual,4,,1998-2025
IL,Stillman Valley,municipality,annual,5,,2015-2016
IL,Stockton,municipality,annual,5,,1998 2001-2003 2013 2024
IL,Stonefort,municipality,annual,5,,1999
IL,Strasburg,municipality,annual,5,,2017
IL,Streamwood,municipality,annual,1,,2006 2022 2024
IL,Streator,municipality,annual,1,,2018 2020-2022 2024-2025
IL,Streator,municipality,annual,5,,2010-2011
IL,Sugar Grove,municipality,annual,5,,1999-2000 2003-2005 2009-2011
IL,Sullivan,municipality,annual,5,,2023-2024
IL,Summit,municipality,annual,1,,1999-2000 2003 2020 2023
IL,Swansea,municipality,annual,5,,2000 2002-2003 2011 2022-2023
IL,Sycamore,municipality,annual,5,,1999 2004 2007 2010-2011 2020-2021
IL,Tamaroa,municipality,annual,5,,2011-2012
IL,Tampico,municipality,annual,5,,2020-2021
IL,Taylor Springs,municipality,annual,5,,2024
IL,Taylorville,municipality,annual,5,,1999-2000 2002-2003 2007 2010-2011 2019 2024
IL,Tazewell County,county,annual,12,,1998 2000-2025
IL,Tennessee,municipality,annual,5,,2012
IL,Thebes,municipality,annual,7,,2004-2005
IL,Thornton,municipality,annual,5,,2024
IL,Thornton Township,township,annual,3,,2001 2003 2005 2017 2021-2023
IL,Thornton Township,township,annual,4,,2009
IL,Tilton,municipality,annual,5,,2003 2025
IL,Tinley Park,municipality,annual,5,,2009-2014 2020 2022-2025
IL,Toledo,municipality,annual,5,,2021
IL,Toluca,municipality,annual,5,,2011
IL,Tovey,municipality,annual,5,,1998
IL,Trenton,municipality,annual,5,,2002
IL,Troy,municipality,annual,5,,2022-2023
IL,Tuscola,municipality,annual,5,,1998 2012
IL,Ullin,municipality,annual,7,,1998-1999 2015
IL,Union,municipality,annual,5,,2013
IL,Union County,county,annual,12,,2022
IL,University Park,municipality,annual,5,,2011
IL,Urbana,municipality,annual,7,,1998-2025
IL,Urbana Township,township,annual,4,,2007
IL,Valier,municipality,annual,5,,2013
IL,Valmeyer,municipality,annual,5,,1998-1999 2011
IL,Vandalia,municipality,annual,5,,2014 2023
IL,Vermilion County,county,annual,12,,1998-2025
IL,Vernon Hills,municipality,annual,5,,2007 2021 2023
IL,Vienna,municipality,annual,5,,2012-2013
IL,Villa Grove,municipality,annual,5,,2002-2003
IL,Villa Park,municipality,annual,1,,2019-2024
IL,Villa Park,municipality,annual,5,,1998 2001-2002 2005 2010-2011 2013-2014 2016 2018
IL,Villa Park,municipality,other,,,2018
IL,Viola,municipality,annual,5,,2013
IL,Virden,municipality,annual,5,,2012-2013
IL,Volo,municipality,annual,5,,2024
IL,Wabash County,county,annual,12,,2002-2003 2021 2023
IL,Warren,municipality,annual,5,,2011
IL,Warren County,county,annual,12,,2008 2013 2015 2021-2025
IL,Warrenville,municipality,annual,5,,2024
IL,Washington,municipality,annual,5,,1999 2003-2005 2008 2010-2012 2021 2024-2025
IL,Washington City,municipality,annual,5,,1998
IL,Washington County Water County,county,annual,1,,1999
IL,Waterloo,municipality,annual,5,,2007 2024-2025
IL,Watseka,municipality,annual,5,,1999 2014 2025
IL,Wauconda,municipality,annual,5,,2007 2010 2017
IL,Waukegan,municipality,annual,5,,1999-2008 2010-2024
IL,Waukegan City,municipality,annual,5,,1998
IL,Waukegan Township,township,annual,3,,2022-2023
IL,Wayne City,municipality,annual,5,,2003 2010 2020
IL,Wayne County,county,annual,12,,2001-2012 2020-2023
IL,Weldon,municipality,annual,5,,2019
IL,West Chicago,municipality,annual,1,,2012 2014 2020 2023
IL,West Chicago,municipality,annual,5,,2002-2005
IL,West Frankfort,municipality,annual,5,,1998-1999 2002-2016 2018 2021-2022
IL,West Point,municipality,annual,5,,2001
IL,Westchester,municipality,annual,5,,2014-2015 2020
IL,Western Springs,municipality,annual,1,,2004 2010-2012 2023 2025
IL,Westmont,municipality,annual,1,,2025
IL,Westmont,municipality,annual,5,,2010 2021-2023
IL,Wheaton,municipality,annual,1,,2020 2023-2024
IL,Wheaton,municipality,annual,5,,2000
IL,Wheeling,municipality,annual,1,,2009-2011 2017-2018 2020 2023
IL,Wheeling,municipality,annual,5,,2003
IL,White City,municipality,annual,5,,1998 2003 2019
IL,White County,county,annual,12,,2008 2011 2013 2022-2023
IL,White Hall,municipality,annual,5,,2015
IL,Whiteash,municipality,annual,6,,2000
IL,Whiteside County,county,annual,12,,1998 2000-2015 2020-2025
IL,Will County,county,annual,12,,1998-2025
IL,Williamsfield,municipality,annual,5,,2024
IL,Williamsville,municipality,annual,5,,2000-2001
IL,Willisville,municipality,annual,5,,1998
IL,Willow Hill,municipality,annual,7,,1998
IL,Willow Springs,municipality,annual,5,,2013
IL,Willowbrook,municipality,annual,5,,2024
IL,Wilmette,municipality,annual,1,,1999-2000 2007-2008 2012 2014 2018-2019 2022
IL,Wilmington,municipality,annual,5,,2009-2010 2013
IL,Winchester,municipality,annual,5,,2003 2011
IL,Winchester City,municipality,annual,5,,1999
IL,Windsor,municipality,annual,5,,2020-2021
IL,Winnebago,municipality,annual,1,,2014
IL,Winnebago County,county,annual,10,,1998-2025
IL,Winnetka,municipality,annual,1,,2022-2023
IL,Wood Dale,municipality,annual,5,,1999-2001 2014-2017 2022-2023
IL,Wood River,municipality,annual,5,,2013-2014
IL,Woodford County,county,annual,12,,2009-2015 2020-2025
IL,Woodhull,municipality,annual,5,,2020-2021
IL,Woodlawn,municipality,annual,4,,2003 2022
IL,Woodridge,municipality,annual,1,,2020 2022
IL,Woodridge,municipality,annual,5,,1999 2003
IL,Woodstock,municipality,annual,5,,2021-2022 2025
IL,Worden,municipality,annual,5,,2012
IL,Wyanet,municipality,annual,5,,2000
IL,Wyoming,municipality,annual,5,,2010-2011 2024
IL,Xenia,municipality,annual,5,,1999-2000
IL,Yorkville City,municipality,annual,5,,1999
IL,Youthbuild Mclean County,county,annual,1,,2000-2009 2011-2014
IL,Zeigler,municipality,annual,5,,2003
IN,Adams County,county,annual,1,,2002-2003 2006 2012-2014 2020 2022
IN,Advance,municipality,biennial,,,2011
IN,Akron,municipality,biennial,,,1998
IN,Akron,municipality,biennial,,,2002
IN,Albany,municipality,annual,1,,2017-2018
IN,Albany,municipality,biennial,,,2004
IN,Albany,municipality,biennial,,,2006
IN,Albany,municipality,biennial,,,2012
IN,Alexandria,municipality,annual,1,,2008-2009 2011 2020
IN,Allen County,county,annual,1,,2003 2008-2011 2013-2014 2016-2024
IN,Ambia,municipality,biennial,,,2001
IN,Amboy,municipality,biennial,,,2005
IN,Anderson,municipality,annual,1,,1998-2024
IN,Andrews,municipality,biennial,,,2002
IN,Angola,municipality,annual,1,,2000-2001 2007 2010-2012
IN,Arcadia,municipality,annual,1,,1999 2023
IN,Arcadia,municipality,biennial,,,2011
IN,Argos,municipality,annual,1,,2002 2022
IN,Argos,municipality,biennial,,,1999
IN,Ashley,municipality,biennial,,,1999
IN,Ashley,municipality,biennial,,,2005
IN,Ashley,municipality,biennial,,,2007
IN,Ashley,municipality,biennial,,,2009
IN,Atlanta,municipality,annual,1,,2022
IN,Atlanta Town,municipality,biennial,,,2004
IN,Attica,municipality,annual,1,,1998 2003 2009 2011 2023-2024
IN,Auburn,municipality,annual,1,,1998-2000 2009-2013
IN,Auburn City Hall,municipality,annual,1,,2025
IN,Aurora,municipality,annual,1,,2006-2008 2023
IN,Aust,municipality,annual,1,,2008-2009
IN,Aust,municipality,biennial,,,2001
IN,Aust,municipality,biennial,,,2003
IN,Aust,municipality,biennial,,,2007
IN,Avilla,municipality,biennial,,,2000
IN,Avilla,municipality,biennial,,,2008
IN,Avon,municipality,annual,1,,2010 2012 2014 2020
IN,Bainbridge,municipality,biennial,,,2012
IN,Bargersville,municipality,biennial,,,2006
IN,Bargersville,municipality,biennial,,,2011
IN,Bargersville,municipality,biennial,,,2013
IN,Bartholomew County,county,annual,1,,1998-2008 2010-2024
IN,Batesville,municipality,annual,1,,1999-2001 2016
IN,Battle Ground,municipality,biennial,,,2013
IN,Bedford,municipality,annual,1,,1998-2005 2013-2024
IN,Beech Grove,municipality,annual,1,,2006 2021 2024
IN,Benton County,county,annual,1,,2003 2021
IN,Berne,municipality,annual,1,,2009 2011-2012 2014
IN,Beverly Shores,municipality,biennial,,,2005
IN,Bicknell,municipality,annual,1,,1998 2007-2008 2011-2013 2017
IN,Birdseye,municipality,biennial,,,1999
IN,Blackford County,county,annual,1,,1998 2000-2001 2020 2024
IN,Bloomfield,municipality,biennial,,,2003
IN,Bloomfield,municipality,biennial,,,2009
IN,Bloomington,municipality,annual,1,,1998-2020 2022-2024
IN,Bluffton,municipality,annual,1,,2004 2023-2024
IN,Boone County,county,annual,1,,2001-2017 2020-2024
IN,Boonville,municipality,annual,1,,2009 2011-2012 2021-2022
IN,Borden,municipality,annual,1,,1999
IN,Borden,municipality,biennial,,,2001
IN,Borden,municipality,biennial,,,2003
IN,Boswell,municipality,biennial,,,2003
IN,Bourbon,municipality,annual,1,,2003 2022
IN,Bourbon,municipality,biennial,,,2012
IN,Brazil,municipality,annual,1,,2010-2014 2020
IN,Bremen,municipality,annual,1,,2015 2020 2023-2024
IN,Bremen,municipality,biennial,,,2011
IN,Brook,municipality,biennial,,,1999
IN,Brook,municipality,biennial,,,2002
IN,Brooklyn,municipality,annual,1,,2013
IN,Brooklyn,municipality,biennial,,,2002
IN,Brookston,municipality,biennial,,,2006
IN,Brookston,municipality,biennial,,,2008
IN,Brookston,municipality,biennial,,,2010
IN,Brookville,municipality,annual,1,,2021 2024
IN,Brookville,municipality,biennial,,,2011
IN,Brown County,county,annual,1,,1999-2002 2004 2006-2014 2020 2022
IN,Brownsburg,municipality,annual,1,,1999-2000 2009-2010 2012-2013 2020 2022-2024
IN,Brownstown,municipality,biennial,,,2000
IN,Brownstown,municipality,biennial,,,2002
IN,Brownstown,municipality,biennial,,,2006
IN,Bruceville,municipality,biennial,,,2009
IN,Bryant,municipality,biennial,,,2013
IN,Bunker Hill,municipality,biennial,,,2002
IN,Butler,municipality,annual,1,,2023-2024
IN,Cambridge City,municipality,annual,1,,2023-2024
IN,Cambridge City,municipality,biennial,,,2000
IN,Cambridge City,municipality,biennial,,,2011
IN,Camden,municipality,biennial,,,1999
IN,Camden,municipality,biennial,,,2010
IN,Cannelton,municipality,annual,1,,2002 2022
IN,Carbon,municipality,biennial,,,2001
IN,Carlisle,municipality,biennial,,,2003
IN,Carmel,municipality,annual,1,,2002-2004 2009-2013 2017 2020-2023
IN,Carroll County,county,annual,1,,1999 2004 2007 2020
IN,Carthage,municipality,biennial,,,2008
IN,Carthage,municipality,biennial,,,2010
IN,Carthage,municipality,biennial,,,2012
IN,Carthage Town,municipality,annual,1,,1998
IN,Cass County,county,annual,1,,1998-2024
IN,Cayuga,municipality,annual,1,,2017
IN,Cayuga,municipality,biennial,,,1999
IN,Cayuga,municipality,biennial,,,2001
IN,Cedar Lake,municipality,biennial,,,1998
IN,Cedar Lake,municipality,biennial,,,2000
IN,Cedar Lake,municipality,biennial,,,2002
IN,Cedar Lake,municipality,biennial,,,2006
IN,Cedar Lake,municipality,biennial,,,2009
IN,Cedar Lake,municipality,biennial,,,2011
IN,Cedar Lake,municipality,biennial,,,2013
IN,Center Point,municipality,biennial,,,2003
IN,Centerville,municipality,annual,1,,2020 2024
IN,Centerville,municipality,biennial,,,1998
IN,Centerville,municipality,biennial,,,2002
IN,Centerville,municipality,biennial,,,2004
IN,Centerville,municipality,biennial,,,2006
IN,Centerville,municipality,biennial,,,2008
IN,Centerville,municipality,biennial,,,2010
IN,Centerville,municipality,biennial,,,2012
IN,Chalmers,municipality,annual,1,,2023-2024
IN,Chalmers,municipality,biennial,,,2004
IN,Chandler,municipality,annual,1,,2023-2024
IN,Chandler,municipality,biennial,,,1999
IN,Chandler,municipality,biennial,,,2001
IN,Chandler,municipality,biennial,,,2003
IN,Charlestown,municipality,annual,1,,2000-2002 2010-2011
IN,Chesterfield,municipality,annual,1,,2024
IN,Chesterfield,municipality,biennial,,,2008
IN,Chesterfield,municipality,biennial,,,2010
IN,Chesterfield,municipality,biennial,,,2012
IN,Chesterton,municipality,annual,1,,2002-2003 2014
IN,Chrisney,municipality,annual,1,,2021
IN,Chrisney,municipality,biennial,,,1999
IN,Chrisney,municipality,biennial,,,2001
IN,Chrisney,municipality,biennial,,,2013
IN,Churubusco,municipality,annual,1,,1999 2010
IN,Churubusco,municipality,biennial,,,2001
IN,Churubusco,municipality,biennial,,,2007
IN,Churubusco,municipality,biennial,,,2009
IN,Cicero,municipality,biennial,,,2000
IN,Clark County,county,annual,1,,1998-2024
IN,Clarksville,municipality,annual,1,,2001-2003 2009 2011 2013 2017 2019-2025
IN,Clay City,municipality,biennial,,,1999
IN,Clay City,municipality,biennial,,,2001
IN,Clay City,municipality,biennial,,,2008
IN,Clay County,county,annual,1,,1998 2002-2004 2007-2008 2010-2015 2019-2021
IN,Clay Township,township,annual,1,,2022
IN,Clayton,municipality,biennial,,,2000
IN,Clear Lake,municipality,biennial,,,2003
IN,Clinton,municipality,annual,1,,2002-2003 2005 2012 2024
IN,Clinton County,county,annual,1,,2001-2002 2004 2008-2015 2018-2024
IN,Cloverdale,municipality,biennial,,,2014
IN,Columbia City,municipality,annual,1,,1998 2005-2008 2010-2012 2016 2018-2022
IN,Columbus,municipality,annual,1,,1998-2024
IN,Connersville,municipality,annual,1,,1998-2000 2002-2003 2005-2010 2012 2015 2020-2022 2025
IN,Converse,municipality,annual,1,,2010
IN,Converse,municipality,biennial,,,2004
IN,Corydon,municipality,biennial,,,1998
IN,Corydon,municipality,biennial,,,2008
IN,Covington,municipality,annual,1,,2002
IN,Crane,municipality,biennial,,,2011
IN,Crawford County,county,annual,1,,1998-1999 2003 2011-2014 2020-2022 2024
IN,Crawfordsville,municipality,annual,1,,1999-2000 2002 2004 2008-2009 2011-2020 2022-2024
IN,Cromwell,municipality,biennial,,,2002
IN,Crothersville,municipality,biennial,,,1998
IN,Crothersville,municipality,biennial,,,2002
IN,Crothersville,municipality,biennial,,,2013
IN,Crown Point,municipality,annual,1,,2004 2010-2025
IN,Crown Point,municipality,biennial,,,2009
IN,Culver,municipality,annual,1,,2014 2019-2020
IN,Culver,municipality,biennial,,,2007
IN,Culver,municipality,biennial,,,2013
IN,Cumberland,municipality,annual,1,,2011
IN,Dale,municipality,biennial,,,2004
IN,Dale,municipality,biennial,,,2012
IN,Daleville,municipality,annual,1,,1998 2023
IN,Dana,municipality,biennial,,,2010
IN,Danville,municipality,annual,1,,2005
IN,Danville,municipality,biennial,,,2003
IN,Darlington,municipality,biennial,,,2009
IN,Darlington,municipality,biennial,,,2011
IN,Daviess County,county,annual,1,,1998 2003 2005-2025
IN,Dayton,municipality,biennial,,,1999
IN,Dearborn County,county,annual,1,,1998-2003 2005-2025
IN,Decatur,municipality,annual,1,,2001 2004-2006 2008-2009 2020
IN,Decatur County,county,annual,1,,1999-2001 2003 2005-2009 2012-2015 2017 2019-2021 2023-2024
IN,Decatur Township,township,annual,1,,2018
IN,Decker,municipality,biennial,,,2011
IN,Dekalb County,county,annual,1,,2001-2005 2009-2011 2014-2015 2019-2024
IN,Delaware County,county,annual,1,,1998-2024
IN,Delphi,municipality,annual,1,,2000-2001 2008 2011 2013-2015 2017-2018 2021
IN,Demotte,municipality,biennial,,,2003
IN,Dillsboro,municipality,biennial,,,1998
IN,Dillsboro,municipality,biennial,,,2001
IN,Dillsboro,municipality,biennial,,,2003
IN,Dubois County,county,annual,1,,2002-2014 2018 2020 2022-2025
IN,Dugger,municipality,biennial,,,1998
IN,Dugger,municipality,biennial,,,2000
IN,Dugger,municipality,biennial,,,2002
IN,Dugger,municipality,biennial,,,2007
IN,Dunkirk,municipality,annual,1,,1999-2001 2008 2011
IN,East Chicago,municipality,annual,1,,1998-2011 2013-2025
IN,East Germantown,municipality,biennial,,,2006
IN,Eaton,municipality,annual,1,,2019-2021 2023-2024
IN,Eaton,municipality,biennial,,,2002
IN,Edinburgh,municipality,annual,1,,2022-2023
IN,Edinburgh,municipality,biennial,,,2004
IN,Edinburgh,municipality,biennial,,,2006
IN,Edinburgh,municipality,biennial,,,2008
IN,Edwardsport,municipality,annual,1,,2014
IN,Elberfeld,municipality,annual,1,,2019
IN,Elberfeld,municipality,biennial,,,2002
IN,Elberfeld,municipality,biennial,,,2011
IN,Elizabethtown,municipality,annual,1,,1998
IN,Elizabethtown,municipality,biennial,,,2000
IN,Elkhart,municipality,annual,1,,1998-2016 2018-2025
IN,Elkhart County,county,annual,1,,1998-2008 2010-2024
IN,Ellettsville,municipality,annual,1,,2003 2006
IN,Ellettsville,municipality,biennial,,,1998
IN,Ellettsville,municipality,biennial,,,2000
IN,Ellettsville,municipality,biennial,,,2002
IN,Elnora,municipality,biennial,,,1998
IN,Elnora,municipality,biennial,,,2010
IN,Elnora,municipality,biennial,,,2012
IN,Elwood,municipality,annual,1,,2008-2011
IN,Elwood City,municipality,annual,1,,1998 2003
IN,English,municipality,biennial,,,1998
IN,English,municipality,biennial,,,2000
IN,English,municipality,biennial,,,2011
IN,Etna Green,municipality,annual,1,,2001 2020
IN,Etna Green,municipality,biennial,,,1999
IN,Evansville,municipality,annual,1,,1998-2024
IN,Fairmount,municipality,annual,1,,2014-2016 2020-2022
IN,Fairview Park,municipality,biennial,,,2001
IN,Fairview Park,municipality,biennial,,,2003
IN,Farmersburg,municipality,biennial,,,2005
IN,Farmersburg,municipality,biennial,,,2010
IN,Farmland,municipality,biennial,,,2000
IN,Fayette County,county,annual,1,,2001 2003 2005 2008-2015 2018-2024
IN,Ferdinand,municipality,annual,1,,2017
IN,Ferdinand,municipality,biennial,,,1998
IN,Ferdinand,municipality,biennial,,,2000
IN,Ferdinand,municipality,biennial,,,2006
IN,Fillmore,municipality,biennial,,,1999
IN,Fillmore,municipality,biennial,,,2014
IN,Fishers,municipality,annual,1,,2011 2013 2016-2018 2020-2025
IN,Flora,municipality,annual,1,,2019 2024-2025
IN,Flora,municipality,biennial,,,2001
IN,Flora,municipality,biennial,,,2014
IN,Floyd County,county,annual,1,,1998-1999 2002-2018 2020-2023
IN,Fort Branch,municipality,biennial,,,2009
IN,Fort Wayne,municipality,annual,1,,1998-2025
IN,Fortville,municipality,annual,1,,2013
IN,Fortville,municipality,biennial,,,2000
IN,Fortville,municipality,biennial,,,2002
IN,Fortville,municipality,biennial,,,2006
IN,Fortville,municipality,biennial,,,2010
IN,Fortville 24 Month Audit,municipality,biennial,,,2012
IN,Fountain City,municipality,annual,1,,2022-2023
IN,Fountain City,municipality,biennial,,,2000
IN,Fountain City,municipality,biennial,,,2002
IN,Fountain County,county,annual,1,,2001-2007 2011-2012 2020
IN,Fowler,municipality,biennial,,,2003
IN,Fowler,municipality,biennial,,,2011
IN,Fowlerton,municipality,biennial,,,2004
IN,Fowlerton,municipality,biennial,,,2006
IN,Francesville,municipality,biennial,,,1998
IN,Francesville,municipality,biennial,,,2000
IN,Francisco,municipality,biennial,,,2003
IN,Frankl,municipality,annual,1,,2008 2010-2011 2014 2017 2019-2020
IN,Frankl,municipality,biennial,,,2001
IN,Franklin County,county,annual,1,,1998-2003 2006-2013 2018 2020-2025
IN,Frankton,municipality,annual,1,,2021 2023-2024
IN,Fredericksburg,municipality,biennial,,,1998
IN,Fremont,municipality,biennial,,,1999
IN,Fremont,municipality,biennial,,,2001
IN,Fremont,municipality,biennial,,,2007
IN,French Lick,municipality,annual,1,,2015-2021 2024
IN,French Lick,municipality,biennial,,,1998
IN,French Lick,municipality,biennial,,,2000
IN,French Lick,municipality,biennial,,,2004
IN,French Lick,municipality,biennial,,,2006
IN,French Lick,municipality,biennial,,,2008
IN,French Lick,municipality,biennial,,,2010
IN,French Lick,municipality,biennial,,,2012
IN,French Lick,municipality,biennial,,,2014
IN,Fulton,municipality,biennial,,,2000
IN,Fulton,municipality,biennial,,,2012
IN,Fulton County,county,annual,1,,1998-2005 2008 2010-2014 2020-2025
IN,Galveston,municipality,biennial,,,1998
IN,Garrett,municipality,annual,1,,1999-2000 2007 2010-2011
IN,Gary,municipality,annual,1,,1998-2024
IN,Gas City,municipality,annual,1,,1998 2002 2007-2008 2010 2023
IN,Gaston,municipality,annual,1,,2019 2021
IN,Geneva,municipality,annual,1,,2000
IN,Geneva,municipality,biennial,,,2006
IN,Geneva,municipality,biennial,,,2008
IN,Geneva,municipality,biennial,,,2012
IN,Gentryville,municipality,biennial,,,1999
IN,Georgetown,municipality,biennial,,,2003
IN,Georgetown,municipality,biennial,,,2011
IN,Gibson County,county,annual,1,,1998-2002 2005-2007 2009-2014 2020-2024
IN,Glenwood,municipality,biennial,,,2001
IN,Glenwood,municipality,biennial,,,2003
IN,Glenwood,municipality,biennial,,,2011
IN,Goodland,municipality,biennial,,,2000
IN,Goodland,municipality,biennial,,,2002
IN,Goshen,municipality,annual,1,,1999-2014 2016-2018 2020-2024
IN,Gosport,municipality,annual,1,,2024
IN,Gosport,municipality,biennial,,,2002
IN,Grabill,municipality,annual,1,,2022
IN,Grabill,municipality,biennial,,,2001
IN,Grandview,municipality,biennial,,,2012
IN,Grant County,county,annual,1,,1998-2024
IN,Greencastle,municipality,annual,1,,2000-2002 2004 2007 2012-2016 2023
IN,Greene County,county,annual,1,,2002-2003 2005 2008-2010 2012-2016 2018-2022
IN,Greenfield,municipality,annual,1,,2006 2015 2020-2024
IN,Greens Fork,municipality,biennial,,,2005
IN,Greensburg,municipality,annual,1,,1998 2000-2003 2005 2007-2012 2018-2025
IN,Greentown,municipality,annual,1,,2013-2014 2018
IN,Greentown,municipality,biennial,,,2004
IN,Greentown Town,municipality,biennial,,,2001
IN,Greenwood,municipality,annual,1,,2002 2004-2006 2008 2010-2012 2014-2015 2018-2025
IN,Griffith,municipality,annual,1,,2003 2010-2012
IN,Hamilton,municipality,biennial,,,2000
IN,Hamilton,municipality,biennial,,,2002
IN,Hamilton County,county,annual,1,,1998-2025
IN,Hamlet,municipality,biennial,,,2011
IN,Hammond,municipality,annual,1,,1998-2024
IN,Hancock County,county,annual,1,,1998-2024
IN,Hanover,municipality,biennial,,,1999
IN,Hanover,municipality,biennial,,,2002
IN,Hanover,municipality,biennial,,,2004
IN,Harmony,municipality,biennial,,,2002
IN,Harrison County,county,annual,1,,1998-2024
IN,Hartford City,municipality,annual,1,,1998-1999 2002 2006 2010-2013
IN,Hartsville,municipality,biennial,,,2007
IN,Haubstadt,municipality,biennial,,,2002
IN,Haubstadt,municipality,biennial,,,2012
IN,Haubstadt - Wastewater Utility,municipality,biennial,,,2000
IN,Hazleton,municipality,annual,1,,2022
IN,Hazleton,municipality,biennial,,,1999
IN,Hazleton,municipality,biennial,,,2012
IN,Hebron,municipality,annual,1,,2003
IN,Hebron,municipality,biennial,,,2002
IN,Hendricks County,county,annual,1,,1998-2024
IN,Henry County,county,annual,1,,1998-2024
IN,Highland,municipality,annual,1,,1998 2004 2009-2011 2020
IN,Hobart,municipality,annual,1,,2005 2008 2011-2025
IN,Holland,municipality,biennial,,,1998
IN,Hope,municipality,annual,1,,2012
IN,Hope,municipality,biennial,,,1999
IN,Hope,municipality,biennial,,,2003
IN,Hope,municipality,biennial,,,2011
IN,Howard County,county,annual,1,,1998-2015 2017-2018 2020-2025
IN,Huntertown,municipality,annual,1,,2025
IN,Huntertown,municipality,biennial,,,2008
IN,Huntingburg,municipality,annual,1,,2000-2003 2010-2011 2018 2024-2025
IN,Huntington,municipality,annual,1,,2000-2003 2005-2006 2009-2014 2017 2020-2021 2025
IN,Huntington County,county,annual,1,,2001-2018 2020-2024
IN,Hymera,municipality,biennial,,,2008
IN,Hymera,municipality,biennial,,,2012
IN,Indianapolis,municipality,annual,1,,1998-2025
IN,Ingalls,municipality,biennial,,,2001
IN,Ingalls,municipality,biennial,,,2003
IN,Ingalls,municipality,biennial,,,2005
IN,Jackson County,county,annual,1,,1999 2003 2006-2009 2012-2024
IN,Jackson County,county,biennial,,,2005
IN,Jamestown,municipality,annual,1,,1999
IN,Jamestown,municipality,biennial,,,2003
IN,Jasonville,municipality,annual,1,,2000 2005
IN,Jasper,municipality,annual,1,,1999-2002 2011-2012 2019-2020 2024
IN,Jasper County,county,annual,1,,2000-2002 2004-2014 2020-2022
IN,Jay County,county,annual,1,,2002-2014 2016-2024
IN,Jefferson County,county,annual,1,,1998 2000-2004 2006 2010-2011 2013-2014 2020-2024
IN,Jeffersonville,municipality,annual,1,,1998-2003 2005-2006 2008-2016 2020-2023
IN,Jennings County,county,annual,1,,2000 2003 2006 2010-2014 2017 2019-2023
IN,Johnson County,county,annual,1,,1998-2024
IN,Jonesboro,municipality,annual,1,,1998 2005 2024
IN,Kempton,municipality,annual,1,,2016
IN,Kendallville,municipality,annual,1,,2005-2006 2010-2014 2019-2020 2024-2025
IN,Kennard,municipality,annual,1,,2013-2014
IN,Kennard,municipality,biennial,,,2001
IN,Kentland,municipality,annual,1,,2014 2021 2024
IN,Kentland,municipality,biennial,,,1998
IN,Kentland,municipality,biennial,,,2012
IN,Kewanna,municipality,annual,1,,2000 2024
IN,Kewanna,municipality,biennial,,,2010
IN,Kingman,municipality,annual,1,,2023
IN,Kingman,municipality,biennial,,,2012
IN,Kingsford Heights,municipality,biennial,,,1998
IN,Kirkl,municipality,biennial,,,2000
IN,Kirkl,municipality,biennial,,,2002
IN,Kirkl,municipality,biennial,,,2011
IN,Knightstown,municipality,annual,1,,2020-2021
IN,Knox,municipality,annual,1,,2000 2007 2010 2012-2013 2020
IN,Knox County,county,annual,1,,2000 2002-2006 2008-2010 2012-2024
IN,Kokomo,municipality,annual,1,,1998-2024
IN,Kosciusko County,county,annual,1,,1998 2000-2025
IN,La Porte,municipality,annual,1,,2023-2024
IN,La Porte County,county,annual,1,,2024
IN,Ladoga,municipality,biennial,,,2001
IN,Ladoga,municipality,biennial,,,2009
IN,Ladoga,municipality,biennial,,,2011
IN,Ladoga,municipality,biennial,,,2013
IN,Lafayette,municipality,annual,1,,1998-2019 2021-2025
IN,Lafontaine,municipality,annual,1,,2023
IN,Lafontaine,municipality,biennial,,,2006
IN,Lafontaine,municipality,biennial,,,2010
IN,Lagrange,municipality,biennial,,,2002
IN,Lagrange,municipality,biennial,,,2006
IN,Lagrange County,county,annual,1,,1999 2001 2007 2009-2016 2018 2020-2024
IN,Lagro,municipality,biennial,,,2004
IN,Lagro,municipality,biennial,,,2012
IN,Lake County,county,annual,1,,1998-2018 2020-2024
IN,Lake Station,municipality,annual,1,,2002 2009 2012-2013
IN,Lanesville,municipality,biennial,,,2006
IN,Lanesville,municipality,biennial,,,2011
IN,Lapaz,municipality,biennial,,,2013
IN,Lapel,municipality,biennial,,,2001
IN,Lapel,municipality,biennial,,,2006
IN,Lapel,municipality,biennial,,,2012
IN,Laporte,municipality,annual,1,,1998-2003 2005-2016 2018-2022
IN,Laporte County,county,annual,1,,1998-1999 2001-2008 2010 2012-2023
IN,Lawrence,municipality,annual,1,,2009 2011-2012 2017-2020 2022-2024
IN,Lawrence County,county,annual,1,,1998-2015 2017-2024
IN,Lawrenceburg,municipality,annual,1,,1998 2023
IN,Leavenworth,municipality,biennial,,,1998
IN,Leavenworth,municipality,biennial,,,2002
IN,Lebanon,municipality,annual,1,,2016 2020 2022
IN,Leesburg,municipality,biennial,,,2009
IN,Lewisville,municipality,biennial,,,1998
IN,Lewisville,municipality,biennial,,,2001
IN,Liberty,municipality,biennial,,,2000
IN,Liberty,municipality,biennial,,,2008
IN,Liberty,municipality,biennial,,,2010
IN,Ligonier,municipality,annual,1,,2002 2012
IN,Linden,municipality,biennial,,,2000
IN,Linden,municipality,biennial,,,2002
IN,Linden,municipality,biennial,,,2008
IN,Linden,municipality,biennial,,,2012
IN,Linton,municipality,annual,1,,1998 2000 2002 2013-2014
IN,Lizton,municipality,biennial,,,1998
IN,Lizton,municipality,biennial,,,2000
IN,Logansport,municipality,annual,1,,1998-2003 2005 2010 2012-2014 2020 2022-2024
IN,Long Beach,municipality,biennial,,,2006
IN,Long Beach,municipality,biennial,,,2008
IN,Loogootee,municipality,annual,1,,2002-2003 2008
IN,Lowell,municipality,annual,1,,2000-2001 2005-2006 2010-2013
IN,Lynn,municipality,biennial,,,1998
IN,Lynnville,municipality,annual,1,,2019
IN,Lynnville,municipality,biennial,,,1998
IN,Lynnville,municipality,biennial,,,2009
IN,Lyons,municipality,biennial,,,2007
IN,Lyons,municipality,biennial,,,2009
IN,Lyons,municipality,biennial,,,2011
IN,Macy,municipality,biennial,,,2011
IN,Madison,municipality,annual,1,,2000-2001 2003-2011 2013-2014 2016 2018-2023
IN,Madison County,county,annual,1,,1998-2008 2010-2024
IN,Marengo,municipality,biennial,,,1999
IN,Marengo,municipality,biennial,,,2001
IN,Marengo,municipality,biennial,,,2012
IN,Marion,municipality,annual,1,,1998-2008 2010-2024
IN,Marion County,county,annual,1,,1998-2009 2011-2025
IN,Markle,municipality,annual,1,,2001
IN,Markle,municipality,biennial,,,1998
IN,Marshall,municipality,biennial,,,2007
IN,Marshall County,county,annual,1,,1998-2001 2004-2006 2009-2024
IN,Martin County,county,annual,1,,2003 2005 2007 2012
IN,Martinsville,municipality,annual,1,,2003 2006-2010 2020-2025
IN,Mccordsville,municipality,biennial,,,2000
IN,Medaryville,municipality,biennial,,,2004
IN,Mentone,municipality,biennial,,,1998
IN,Mentone,municipality,biennial,,,2003
IN,Mentone,municipality,biennial,,,2012
IN,Merrillville,municipality,annual,1,,1999-2000 2005 2010-2014 2020
IN,Miami County,county,annual,1,,2001 2004 2006 2008 2010 2012-2014 2016 2019-2024
IN,Michigan City,municipality,annual,1,,1998-2000 2002-2024
IN,Michigantown,municipality,annual,1,,2002
IN,Middlebury,municipality,annual,1,,2013-2014
IN,Middlebury,municipality,biennial,,,1999
IN,Middlebury,municipality,biennial,,,2008
IN,Middletown,municipality,annual,1,,2014 2017
IN,Milan,municipality,annual,1,,2016
IN,Milan,municipality,biennial,,,2001
IN,Milan,municipality,biennial,,,2004
IN,Milford,municipality,biennial,,,1999
IN,Milltown,municipality,biennial,,,1998
IN,Milltown,municipality,biennial,,,2000
IN,Milltown,municipality,biennial,,,2002
IN,Milton,municipality,biennial,,,2011
IN,Mishawaka,municipality,annual,1,,1998-2015 2018 2020-2024
IN,Mitchell,municipality,annual,1,,2003 2008 2010-2011
IN,Mitchell,municipality,biennial,,,2002
IN,Modoc,municipality,biennial,,,2007
IN,Modoc,municipality,biennial,,,2009
IN,Monon,municipality,biennial,,,2002
IN,Monon,municipality,biennial,,,2012
IN,Monpelier,municipality,annual,1,,2002
IN,Monroe,municipality,biennial,,,1999
IN,Monroe City,municipality,annual,1,,2021
IN,Monroe City,municipality,biennial,,,2002
IN,Monroe City,municipality,biennial,,,2011
IN,Monroe County,county,annual,1,,1998-2024
IN,Monroeville,municipality,annual,1,,2020
IN,Monroeville,municipality,biennial,,,2009
IN,Monrovia,municipality,biennial,,,2000
IN,Monrovia,municipality,biennial,,,2002
IN,Monrovia,municipality,biennial,,,2009
IN,Monterey,municipality,biennial,,,1999
IN,Monterey,municipality,biennial,,,2001
IN,Montezuma,municipality,annual,1,,2014 2024-2025
IN,Montezuma,municipality,biennial,,,2008
IN,Montezuma,municipality,biennial,,,2010
IN,Montezuma,municipality,biennial,,,2012
IN,Montgomery,municipality,biennial,,,2009
IN,Montgomery County,county,annual,1,,1998-2004 2007-2014 2018-2024
IN,Monticello,municipality,annual,1,,1998-1999 2001 2003 2010 2012 2015-2016 2023
IN,Montpelier,municipality,annual,1,,2007 2012
IN,Moores Hill,municipality,biennial,,,1998
IN,Moores Hill,municipality,biennial,,,2011
IN,Mooresville,municipality,annual,1,,1998 2010-2013 2025
IN,Morgan County,county,annual,1,,1998 2001-2002 2004-2017 2019-2025
IN,Morgantown,municipality,annual,1,,2016
IN,Morgantown,municipality,biennial,,,2000
IN,Morgantown,municipality,biennial,,,2011
IN,Morocco,municipality,annual,1,,2012
IN,Morocco,municipality,biennial,,,2011
IN,Morocco -,municipality,annual,1,,2000
IN,Mount Etna,municipality,biennial,,,2009
IN,Mount Vernon,municipality,annual,1,,2001 2003 2007 2009 2011-2013 2020
IN,Msd Wayne Township,township,biennial,,,2001
IN,Msd Wayne Township,township,biennial,,,2003
IN,Mt Etna,municipality,biennial,,,1999
IN,Mt. Vernon,municipality,annual,1,,2002
IN,Mulberry,municipality,biennial,,,2001
IN,Mulberry,municipality,biennial,,,2003
IN,Muncie,municipality,annual,1,,1998-2024
IN,Munster,municipality,annual,1,,2008 2012 2014 2016 2020
IN,Napoleon,municipality,biennial,,,2003
IN,Napoleon,municipality,biennial,,,2011
IN,Nappanee,municipality,annual,1,,1998 2002 2009-2010 2012-2013 2016-2019 2021
IN,Nashville,municipality,annual,1,,2018 2024
IN,Nashville,municipality,biennial,,,2011
IN,New Albany,municipality,annual,1,,1998-1999 2008-2010 2012-2024
IN,New Carlisle,municipality,biennial,,,2001
IN,New Castle,municipality,annual,1,,2001-2002 2006 2009-2012 2019-2024
IN,New Castle,municipality,biennial,,,2000
IN,New Chicago,municipality,annual,1,,2022
IN,New Chicago,municipality,biennial,,,2013
IN,New Harmony,municipality,biennial,,,1999
IN,New Harmony,municipality,biennial,,,2001
IN,New Harmony,municipality,biennial,,,2003
IN,New Harmony,municipality,biennial,,,2005
IN,New Harmony,municipality,biennial,,,2007
IN,New Haven,municipality,annual,1,,2005-2007 2016 2020-2021 2024-2025
IN,New Market,municipality,annual,1,,2024
IN,New Market,municipality,biennial,,,2002
IN,New Palestine,municipality,biennial,,,2001
IN,New Richmond,municipality,annual,1,,2024
IN,New Richmond,municipality,biennial,,,1999
IN,New Richmond,municipality,biennial,,,2001
IN,New Richmond,municipality,biennial,,,2010
IN,New Richmond,municipality,biennial,,,2012
IN,New Ross,municipality,biennial,,,1999
IN,New Whiteland,municipality,annual,1,,1999
IN,Newberry,municipality,biennial,,,1999
IN,Newburgh,municipality,biennial,,,1999
IN,Newburgh,municipality,biennial,,,2001
IN,Newburgh,municipality,biennial,,,2007
IN,Newburgh,municipality,biennial,,,2009
IN,Newburgh,municipality,biennial,,,2011
IN,Newburgh,municipality,biennial,,,2013
IN,Newport,municipality,annual,1,,2014 2021
IN,Newport,municipality,biennial,,,2013
IN,Newton County,county,annual,1,,2000 2011 2020
IN,Noble County,county,annual,1,,1998-2004 2006-2024
IN,Noblesville,municipality,annual,1,,2008-2009 2012 2020-2025
IN,North Judson,municipality,annual,1,,2019-2020
IN,North Judson,municipality,biennial,,,2002
IN,North Judson,municipality,biennial,,,2004
IN,North Judson,municipality,biennial,,,2012
IN,North Liberty,municipality,annual,1,,2019 2024
IN,North Liberty,municipality,biennial,,,2004
IN,North Liberty,municipality,biennial,,,2012
IN,North Manchester,municipality,annual,1,,1998 2000 2009 2013-2014
IN,North Township,township,annual,1,,2014
IN,North Vernon,municipality,annual,1,,1999 2003 2005-2006 2008 2010-2017
IN,North Webster,municipality,annual,1,,1999 2016-2017
IN,Oakland City,municipality,annual,1,,1998 2002 2011-2013 2015
IN,Oaktown,municipality,biennial,,,1998
IN,Oaktown,municipality,biennial,,,2000
IN,Oaktown,municipality,biennial,,,2006
IN,Oaktown,municipality,biennial,,,2008
IN,Oaktown,municipality,biennial,,,2012
IN,Odon,municipality,biennial,,,2012
IN,Ohio County,county,annual,1,,1998-2000 2002
IN,Oldenburg,municipality,biennial,,,1999
IN,Oldenburg,municipality,biennial,,,2012
IN,Oolitic,municipality,biennial,,,2000
IN,Oolitic,municipality,biennial,,,2012
IN,Orange County,county,annual,1,,1998 2001 2003 2006-2015 2018 2020
IN,Orange County,county,biennial,,,2005
IN,Orestes,municipality,biennial,,,1998
IN,Orestes,municipality,biennial,,,2003
IN,Orestes,municipality,biennial,,,2005
IN,Orestes,municipality,biennial,,,2007
IN,Orleans,municipality,biennial,,,2013
IN,Osgood,municipality,biennial,,,1998
IN,Osgood,municipality,biennial,,,2000
IN,Osgood,municipality,biennial,,,2002
IN,Osgood,municipality,biennial,,,2012
IN,Ossian,municipality,annual,1,,2000 2010
IN,Otterbe,municipality,biennial,,,1999
IN,Otterbe,municipality,biennial,,,2003
IN,Owen County,county,annual,1,,1998-1999 2001 2004-2005 2009-2013 2020
IN,Owensville,municipality,annual,1,,1998 2025
IN,Owensville,municipality,biennial,,,2003
IN,Oxford,municipality,annual,1,,2018-2019 2025
IN,Oxford,municipality,biennial,,,2002
IN,Oxford,municipality,biennial,,,2010
IN,Palmyra,municipality,biennial,,,2003
IN,Palmyra,municipality,biennial,,,2005
IN,Paoli,municipality,annual,1,,2014 2016-2017 2019-2020 2022-2024
IN,Paoli,municipality,biennial,,,1999
IN,Paoli,municipality,biennial,,,2001
IN,Paoli,municipality,biennial,,,2003
IN,Paoli,municipality,biennial,,,2005
IN,Paoli,municipality,biennial,,,2007
IN,Paoli,municipality,biennial,,,2011
IN,Paragon,municipality,biennial,,,2002
IN,Paragon,municipality,biennial,,,2007
IN,Parke County,county,annual,1,,1998-2008 2010 2012-2014 2020-2021
IN,Parker City,municipality,biennial,,,2002
IN,Patoka,municipality,biennial,,,2002
IN,Patriot,municipality,annual,1,,1998
IN,Patriot,municipality,biennial,,,2000
IN,Patriot,municipality,biennial,,,2007
IN,Pendleton,municipality,annual,1,,2023-2024
IN,Pendleton,municipality,biennial,,,2001
IN,Pennville,municipality,biennial,,,2000
IN,Perry County,county,annual,1,,1999 2005-2009 2011 2013 2020 2023-2024
IN,Perrysville,municipality,biennial,,,2002
IN,Peru,municipality,annual,1,,1999-2000 2004-2006 2009-2012
IN,Petersburg,municipality,annual,1,,2000 2002 2013 2022-2024
IN,Petersburg City Hall,municipality,annual,1,,2025
IN,Pierceton,municipality,annual,1,,2005
IN,Pierceton,municipality,biennial,,,2000
IN,Pike County,county,annual,1,,2000 2011-2012 2020-2021
IN,Pine Village,municipality,annual,1,,2015-2016
IN,Plainfield,municipality,annual,1,,2006-2007 2009-2013 2020
IN,Plainfield,municipality,biennial,,,2000
IN,Plymouth,municipality,annual,1,,1999 2007-2008 2011 2015 2021-2023 2025
IN,Portage,municipality,annual,1,,2006 2008 2010-2013 2020-2021 2024
IN,Porter County,county,annual,1,,1998-2024
IN,Portland,municipality,annual,1,,1999 2010-2013 2021-2025
IN,Posey County,county,annual,1,,1998 2005 2011 2020-2021
IN,Poseyville,municipality,biennial,,,1998
IN,Poseyville,municipality,biennial,,,2000
IN,Poseyville,municipality,biennial,,,2005
IN,Poseyville,municipality,biennial,,,2011
IN,Prince's Lakes,municipality,biennial,,,2001
IN,Prince's Lakes,municipality,biennial,,,2011
IN,Prince's Lakes,municipality,biennial,,,2013
IN,Princes Lakes,municipality,biennial,,,1999
IN,Princeton,municipality,annual,1,,2000 2005 2008 2010-2011 2013-2015 2020-2024
IN,Pulaski County,county,annual,1,,2002-2003 2006 2008 2010-2012 2020-2021
IN,Putnam County,county,annual,1,,2002 2004-2010 2012-2015 2020-2023
IN,Randolph County,county,annual,1,,2000-2006 2008-2013 2019-2023
IN,Redkey,municipality,annual,1,,2016-2017 2019
IN,Redkey,municipality,biennial,,,2009
IN,Remington,municipality,annual,1,,2016-2018
IN,Remington,municipality,biennial,,,2004
IN,Remington,municipality,biennial,,,2012
IN,Rensselaer,municipality,annual,1,,2000 2005 2009-2010 2012 2016-2017 2022-2024
IN,Reynolds,municipality,biennial,,,2014
IN,Richmond,municipality,annual,1,,1998-2012 2014-2024
IN,Ridgeville,municipality,annual,1,,2012 2024
IN,Ridgeville,municipality,biennial,,,2001
IN,Ridgeville,municipality,biennial,,,2011
IN,Riley,municipality,biennial,,,1998
IN,Riley,municipality,biennial,,,2000
IN,Riley,municipality,biennial,,,2010
IN,Ripley County,county,annual,1,,1998 2000-2001 2004-2007 2011 2013-2014 2020-2025
IN,Rising Sun,municipality,annual,1,,1998-1999
IN,Roachdale,municipality,annual,1,,2014 2017
IN,Roachdale,municipality,biennial,,,2001
IN,Roachdale,municipality,biennial,,,2012
IN,Rockport,municipality,annual,1,,2000-2002 2010 2024-2025
IN,Rockville,municipality,annual,1,,2020 2024
IN,Rockville,municipality,biennial,,,2000
IN,Rockville,municipality,biennial,,,2002
IN,Rockville,municipality,biennial,,,2011
IN,Rockville,municipality,biennial,,,2013
IN,Rosedale,municipality,biennial,,,2009
IN,Royal Center,municipality,annual,1,,2019
IN,Royal Center,municipality,biennial,,,2003
IN,Rush County,county,annual,1,,2003-2004 2008-2010 2020-2024
IN,Rushville,municipality,annual,1,,1999 2003 2005-2006 2010 2014-2016 2018-2021 2023
IN,Russellville,municipality,biennial,,,2003
IN,Russiaville,municipality,biennial,,,2006
IN,Saint Joseph County,county,annual,1,,1998 2009
IN,Salamonia,municipality,biennial,,,1999
IN,Salem,municipality,annual,1,,1998 2001 2004-2006 2010-2022
IN,Sandborn,municipality,biennial,,,2007
IN,Sandborn,municipality,biennial,,,2009
IN,Santa Claus,municipality,annual,1,,2009 2024
IN,Santa Claus,municipality,biennial,,,2000
IN,Santa Claus,municipality,biennial,,,2002
IN,Schererville,municipality,annual,1,,2002 2008-2012 2018 2020
IN,Schneider,municipality,annual,1,,2015
IN,Scott County,county,annual,1,,1998 2002 2010-2013 2017-2021
IN,Scottsburg,municipality,annual,1,,1998-2002 2004-2005 2009-2014 2020-2024
IN,Seelyville,municipality,annual,1,,2023
IN,Sellersburg,municipality,annual,1,,2003
IN,Seymour,municipality,annual,1,,1998-1999 2001-2003 2009 2011-2016 2020-2024
IN,Sharpsville,municipality,biennial,,,2005
IN,Shelburn,municipality,biennial,,,1999
IN,Shelburn,municipality,biennial,,,2001
IN,Shelburn,municipality,biennial,,,2007
IN,Shelburn,municipality,biennial,,,2011
IN,Shelburn,municipality,biennial,,,2013
IN,Shelby County,county,annual,1,,1998-2013 2016 2018 2020 2022-2024
IN,Shelbyville,municipality,annual,1,,1998 2006 2008-2011 2020-2021 2024
IN,Sheridan,municipality,biennial,,,1998
IN,Shipshewana,municipality,biennial,,,2002
IN,Shirley,municipality,annual,1,,2021-2022
IN,Shoals,municipality,annual,7,,2010
IN,Shoals,municipality,biennial,,,2004
IN,Shoals,municipality,biennial,,,2012
IN,Sidney,municipality,biennial,,,2006
IN,Sidney,municipality,biennial,,,2008
IN,Silver Lake,municipality,biennial,,,2000
IN,Silver Lake,municipality,biennial,,,2011
IN,South Bend,municipality,annual,1,,1999-2024
IN,South Bend City,municipality,annual,1,,1998
IN,South Jacksonville,municipality,annual,5,,2003
IN,South Whitley,municipality,annual,1,,2010
IN,South Whitley,municipality,biennial,,,2006
IN,South Whitley,municipality,biennial,,,2012
IN,South Whitley,municipality,biennial,,,2014
IN,Speedway,municipality,annual,1,,1999-2001 2010-2014 2016
IN,Spencer,municipality,biennial,,,1999
IN,Spencer,municipality,biennial,,,2008
IN,Spencer,municipality,biennial,,,2010
IN,Spencer,municipality,biennial,,,2012
IN,Spencer County,county,annual,1,,1998-2000 2005 2009 2011-2012 2020
IN,Spiceland,municipality,biennial,,,2000
IN,Springport,municipality,annual,1,,2015
IN,Spurgeon,municipality,annual,1,,2022-2023
IN,St John,municipality,biennial,,,2009
IN,St Joseph County,county,annual,1,,1999 2004
IN,St Leon,municipality,biennial,,,2000
IN,St. Joe,municipality,biennial,,,2002
IN,St. Joseph County,county,annual,1,,2000-2003 2005-2008 2010-2015 2017-2022 2024-2025
IN,St. Leon,municipality,biennial,,,2012
IN,St. Paul,municipality,biennial,,,2003
IN,Starke County,county,annual,1,,2000 2002-2004 2008-2011 2013 2019-2022
IN,Staunton,municipality,biennial,,,1998
IN,Staunton,municipality,biennial,,,2005
IN,Staunton,municipality,biennial,,,2007
IN,Steuben County,county,annual,1,,1999-2024
IN,Stilesville,municipality,biennial,,,1998
IN,Stilesville,municipality,biennial,,,2000
IN,Stilesville,municipality,biennial,,,2010
IN,Stinesville,municipality,annual,1,,2017
IN,Sullivan,municipality,annual,1,,2001 2006-2008 2022
IN,Sullivan County,county,annual,1,,1998 2005 2008-2009 2012-2013 2021 2023-2024
IN,Summitville,municipality,annual,1,,2020-2021
IN,Summitville,municipality,biennial,,,1998
IN,Summitville,municipality,biennial,,,2013
IN,Sunman,municipality,biennial,,,2012
IN,Swayzee,municipality,biennial,,,2011
IN,Sweetser,municipality,annual,1,,2014
IN,Switz City,municipality,biennial,,,2005
IN,Switzerland County,county,annual,1,,1998 2001 2012-2013 2020
IN,Syracuse,municipality,annual,1,,2001 2013
IN,Syracuse,municipality,biennial,,,2006
IN,Syracuse,municipality,biennial,,,2008
IN,Tell City,municipality,annual,1,,1998-2000 2002-2003 2006-2008 2010-2014 2022
IN,Tennyson,municipality,biennial,,,2000
IN,Terre Haute,municipality,annual,1,,1998-2024
IN,Thorntown,municipality,annual,1,,2022
IN,Thorntown,municipality,biennial,,,1998
IN,Tippecanoe County,county,annual,1,,1998-2008 2010-2024
IN,Tipton,municipality,annual,1,,2001-2002 2010-2012 2016
IN,Trafalgar,municipality,annual,1,,2023
IN,Trafalgar,municipality,biennial,,,2002
IN,Union City,municipality,annual,1,,2000 2007 2010-2011 2013 2019-2021 2023
IN,Union County,county,annual,1,,1998 2006 2012-2013 2020-2024
IN,Upland,municipality,annual,1,,2023-2024
IN,Upland,municipality,biennial,,,2007
IN,Upland,municipality,biennial,,,2009
IN,Valparaiso,municipality,annual,1,,2000-2002 2008-2009 2011-2024
IN,Valparasio,municipality,annual,1,,2010
IN,Van Buren,municipality,biennial,,,2002
IN,Van Buren,municipality,biennial,,,2010
IN,Vanderburgh County,county,annual,1,,1998-2024
IN,Veedersburg,municipality,biennial,,,1998
IN,Veedersburg,municipality,biennial,,,2011
IN,Vermillion County,county,annual,1,,1998-2008 2011 2014 2017 2020 2023-2024
IN,Vernon,municipality,biennial,,,2000
IN,Versailles,municipality,biennial,,,2000
IN,Versailles,municipality,biennial,,,2002
IN,Vevay,municipality,biennial,,,2012
IN,Vigo County,county,annual,1,,2001-2013 2015-2017 2019-2024
IN,Vincennes,municipality,annual,1,,1998 2000 2002-2004 2007-2010 2013-2014 2016 2019-2024
IN,Wabash,municipality,annual,1,,1998 2002-2003 2005-2006 2010-2011 2013-2014 2016 2018
IN,Wabash County,county,annual,1,,2003-2006 2008 2010-2016 2018-2024
IN,Walkerton,municipality,annual,1,,2014-2015 2021
IN,Walkerton,municipality,biennial,,,2001
IN,Walkerton,municipality,biennial,,,2003
IN,Walkerton,municipality,biennial,,,2011
IN,Walkerton,municipality,biennial,,,2013
IN,Walton,municipality,biennial,,,2009
IN,Walton,municipality,biennial,,,2011
IN,Warren,municipality,biennial,,,2003
IN,Warren County,county,annual,1,,2004
IN,Warrick County,county,annual,1,,1998-1999 2001-2018 2020-2024
IN,Warsaw,municipality,annual,1,,1998-2003 2006 2015 2018 2020-2021
IN,Washington,municipality,annual,1,,2007 2010 2012-2013 2019-2022
IN,Washington County,county,annual,1,,1998-2004 2006-2009 2012-2014 2017 2020
IN,Waterloo,municipality,annual,1,,1998 2012 2016
IN,Waterloo,municipality,biennial,,,2000
IN,Waveland,municipality,biennial,,,2011
IN,Wayne County,county,annual,1,,1998-2024
IN,Wayne Township,township,annual,1,,2020-2024
IN,Waynetown,municipality,annual,1,,2017
IN,Waynetown,municipality,biennial,,,2002
IN,Waynetown,municipality,biennial,,,2012
IN,Wells County,county,annual,1,,2004-2005 2009-2014 2018-2024
IN,West College Corner,municipality,biennial,,,1998
IN,West College Corner,municipality,biennial,,,2000
IN,West College Corner,municipality,biennial,,,2008
IN,West College Corner,municipality,biennial,,,2010
IN,West Lafayette,municipality,annual,1,,1998-2017 2020 2022-2024
IN,West Terre Haute,municipality,annual,1,,2017 2019-2020
IN,West Terre Haute,municipality,biennial,,,2010
IN,West Terre Haute Town,municipality,annual,1,,1998
IN,Westfield,municipality,annual,1,,2003 2008-2009 2011-2017 2019-2020 2024
IN,Westport,municipality,annual,1,,2021-2022 2025
IN,Westport,municipality,biennial,,,2014
IN,Westville,municipality,annual,1,,2014
IN,Westville,municipality,biennial,,,2000
IN,White County,county,annual,1,,2000-2008 2010-2017 2019-2024
IN,Whiteland,municipality,biennial,,,2003
IN,Whitestown,municipality,annual,1,,2013-2014 2023
IN,Whitestown,municipality,biennial,,,1998
IN,Whitestown,municipality,biennial,,,2010
IN,Whitley County,county,annual,1,,1998-2008 2010-2024
IN,Williamsport,municipality,biennial,,,2002
IN,Williamsport,municipality,biennial,,,2004
IN,Winamac,municipality,annual,1,,2019
IN,Winamac,municipality,biennial,,,2001
IN,Winamac,municipality,biennial,,,2005
IN,Winamac,municipality,biennial,,,2011
IN,Winchester,municipality,annual,1,,2002
IN,Windfall,municipality,biennial,,,2001
IN,Windfall,municipality,biennial,,,2007
IN,Windfall,municipality,biennial,,,2009
IN,Windfall,municipality,biennial,,,2011
IN,Wingate,municipality,biennial,,,2012
IN,Winona Lake,municipality,annual,1,,2002 2010 2013
IN,Winona Lake,municipality,biennial,,,2007
IN,Winona Lake,municipality,biennial,,,2009
IN,Winona Lake,municipality,biennial,,,2012
IN,Winslow,municipality,biennial,,,1998
IN,Winslow,municipality,biennial,,,2002
IN,Winslow,municipality,biennial,,,2012
IN,Wolcott,municipality,annual,1,,2019
IN,Wolcott,municipality,biennial,,,2008
IN,Wolcott,municipality,biennial,,,2012
IN,Wolcottville,municipality,biennial,,,2000
IN,Wolcottville,municipality,biennial,,,2008
IN,Woodburn,municipality,annual,1,,2010
IN,Worthington,municipality,biennial,,,1999
IN,Worthington,municipality,biennial,,,2011
IN,Zionsville,municipality,annual,1,,2010-2011 2020 2024
IA,Ackley,municipality,annual,7,,2003 2012
IA,Adair,municipality,annual,7,,2003-2004 2011
IA,Adair County,county,annual,7,,1999-2000 2006 2009 2011 2016
IA,Adams County,county,annual,7,,1998 2000-2001 2003 2005 2021
IA,Adel,municipality,annual,7,,2018-2025
IA,Afton,municipality,annual,7,,1999
IA,Akron,municipality,annual,7,,2013-2014
IA,Alb,municipality,annual,7,,1998 2003 2006 2009 2023
IA,Alden,municipality,annual,7,,2011-2012
IA,Algona,municipality,annual,7,,2014 2024
IA,Allamakee County,county,annual,7,,2003 2006 2009-2010 2013-2018 2022 2025
IA,Alta,municipality,annual,7,,2012
IA,Alta Vista,municipality,annual,7,,2005
IA,Altoona,municipality,annual,7,,2004 2010 2021 2024-2025
IA,Ames,municipality,annual,7,,1998-2025
IA,Anamosa,municipality,annual,7,,2009 2011-2013 2018
IA,Anita,municipality,annual,7,,2000 2014 2022 2024
IA,Ankeny,municipality,annual,7,,1999 2002-2003 2005-2006 2011-2014 2017-2018 2021-2025
IA,Ankeny City,municipality,annual,7,,1998
IA,Appanoose County,county,annual,7,,1998-2000 2003 2005-2011 2014
IA,Arnolds Park,municipality,annual,7,,2006 2010
IA,Asbury,municipality,annual,7,,2004 2006-2007
IA,Ashton,municipality,annual,7,,2023
IA,Atkins,municipality,annual,7,,2025
IA,Atlantic,municipality,annual,7,,2003-2009 2013-2015 2019 2021 2023-2024
IA,Atlantic City,municipality,annual,7,,1998
IA,Audubon,municipality,annual,7,,2002-2004 2021-2023
IA,Audubon County,county,annual,7,,1999-2000 2004-2005 2008 2011
IA,Aurel,municipality,annual,7,,2000
IA,Aurora,municipality,annual,7,,2007
IA,Avoca,municipality,annual,7,,2013
IA,Bancroft,municipality,annual,7,,2007
IA,Barnes City,municipality,annual,7,,2016
IA,Baxter,municipality,annual,7,,2010 2012
IA,Beacon,municipality,annual,7,,2003
IA,Bedford,municipality,annual,7,,2000 2014 2022-2024
IA,Belle Plaine,municipality,annual,7,,2011-2012
IA,Bellevue,municipality,annual,7,,2003
IA,Belmond,municipality,annual,7,,2011-2012 2014 2016
IA,Benton County,county,annual,7,,1998-1999 2002-2003 2005-2006 2008-2012 2014 2017 2019-2025
IA,Bernard - Sewer Funds,municipality,annual,7,,2002
IA,Bertram Disaster Grants-Public Assistance,municipality,annual,7,,2017
IA,Bettendorf,municipality,annual,7,,1998-2002 2004-2018 2020-2025
IA,Birmingham,municipality,annual,7,,2001
IA,Black Hawk County,county,annual,7,,1998-2019 2022-2025
IA,Blairstown,municipality,annual,7,,2001 2003
IA,Blairstown,municipality,biennial,,,2002
IA,Blencoe,municipality,annual,7,,2019
IA,Bloomfield,municipality,annual,7,,2000 2002 2004-2005 2007 2011-2013 2015-2016 2023
IA,Bondurant,municipality,annual,7,,1999 2001 2015
IA,Boone,municipality,annual,7,,2000 2002-2006 2008 2011-2014 2016 2023-2024
IA,Boone County,county,annual,7,,1998-2000 2005-2011
IA,Brandon,municipality,annual,7,,2020
IA,Brayton,municipality,annual,7,,2020
IA,Bremer County,county,annual,7,,1999-2000 2005 2011-2012 2023-2024
IA,Brighton,municipality,annual,7,,2022-2025
IA,Britt,municipality,annual,7,,2011
IA,Brooklyn,municipality,annual,7,,2007 2011-2012
IA,Buchanan County,county,annual,7,,1998-2002 2005-2006 2009-2011 2020-2022
IA,Buena Vista County,county,annual,7,,2004-2008 2010-2015 2020-2022
IA,Burlington,municipality,annual,7,,1998-2024
IA,Burt,municipality,annual,7,,2003
IA,Butler County,county,annual,7,,2000 2002-2003 2008-2012 2014-2015
IA,Calhoun County,county,annual,7,,2008
IA,Calmar,municipality,annual,7,,2004
IA,Camanche,municipality,annual,7,,2012 2014
IA,Cambridge,municipality,annual,7,,2002 2011
IA,Carlisle,municipality,annual,7,,2004 2010-2012 2015
IA,Carroll,municipality,annual,7,,1998 2000 2004-2007 2011-2013
IA,Carroll County,county,annual,7,,1998-2000 2002-2003 2006 2009-2011 2014 2023-2024
IA,Carson,municipality,annual,7,,2007
IA,Carter Lake,municipality,annual,7,,2011-2012 2022
IA,Cascade,municipality,annual,7,,1998
IA,Cass County,county,annual,7,,1998-2001 2003-2005 2007-2017 2022-2024
IA,Castal,municipality,annual,7,,2002
IA,Cedar County,county,annual,7,,1998 2001-2002 2006-2007 2009-2012 2015 2018 2022-2023
IA,Cedar Falls,municipality,annual,7,,1998-2025
IA,Cedar Rapids,municipality,annual,7,,2000-2025
IA,Cedar Rapids City,municipality,annual,7,,1998
IA,Center Point,municipality,annual,7,,2024-2025
IA,Centerville,municipality,annual,7,,1999 2002 2007-2009 2011-2012 2015-2016 2022
IA,Central City,municipality,annual,7,,2003-2004
IA,Cerro Gordo County,county,annual,7,,1998-2017 2019-2025
IA,Chariton,municipality,annual,7,,1998 2002 2008-2009 2012 2015-2016
IA,Charles City,municipality,annual,7,,1998-2025
IA,Cherokee,municipality,annual,7,,2000-2004 2015 2017 2025
IA,Cherokee City,municipality,annual,7,,1998
IA,Cherokee County,county,annual,7,,2003 2006-2007 2014-2016
IA,Chickasaw County,county,annual,7,,2000 2002 2006 2008 2013
IA,Clarinda,municipality,annual,7,,2006-2008 2011 2023
IA,Clarion,municipality,annual,7,,2021 2023-2025
IA,Clarke County,county,annual,7,,2000-2003 2008-2009 2023
IA,Clarksville,municipality,annual,7,,2013
IA,Clay County,county,annual,7,,1999-2003 2005-2006 2009 2015
IA,Clayton County,county,annual,7,,1999-2003 2005-2006 2008-2009 2011-2015 2018 2021 2023-2025
IA,Clear Lake,municipality,annual,7,,2002 2004 2006 2009 2011-2013 2015 2023
IA,Clermont,municipality,annual,7,,2009
IA,Clinton,municipality,annual,7,,1998-2008 2012-2025
IA,Clinton County,county,annual,7,,1998-2015 2018-2025
IA,Clive,municipality,annual,7,,2004-2005 2008-2011 2025
IA,Coggon,municipality,annual,7,,2017
IA,Colfax,municipality,annual,7,,2000 2003 2014
IA,College Springs,municipality,annual,7,,2006
IA,Colo,municipality,annual,7,,2004
IA,Columbus City,municipality,annual,7,,2002
IA,Columbus Junction,municipality,annual,7,,2002 2013-2015
IA,Conrad,municipality,annual,7,,2011
IA,Coon Rapids,municipality,biennial,,,2003
IA,Coralville,municipality,annual,7,,1998-2008 2010-2015 2017-2025
IA,Corning,municipality,annual,7,,2003-2004 2013 2015 2024-2025
IA,Correctionville,municipality,annual,7,,2001
IA,Corydon,municipality,annual,7,,2002 2006
IA,Council Bluffs,municipality,annual,7,,1998-2025
IA,Crawford County,county,annual,7,,1998-2012 2015-2016 2019-2021 2023-2024
IA,Crawfordsville,municipality,annual,7,,2010
IA,Crescent,municipality,annual,7,,2003 2015
IA,Cresco,municipality,annual,7,,2008
IA,Creston,municipality,annual,7,,1998-1999 2005-2006 2009-2013 2017 2019 2021-2025
IA,Dallas County,county,annual,7,,1999-2000 2002-2006 2008-2015 2017 2019-2025
IA,Davenport,municipality,annual,7,,1998-2013 2017-2025
IA,Davis County,county,annual,7,,2000 2003 2008 2011 2014-2017 2023-2025
IA,Dayton,municipality,annual,7,,2002-2003
IA,De Soto,municipality,annual,7,,1998
IA,Decatur County,county,annual,7,,2001
IA,Decorah,municipality,annual,7,,2004-2006 2009 2011-2013 2017 2019
IA,Delaware County,county,annual,7,,2001 2003-2004 2006 2009 2011-2014 2024-2025
IA,Denison,municipality,annual,7,,1998 2000-2003 2007 2010 2013 2016 2022-2023
IA,Derby,municipality,annual,7,,2006
IA,Des Moines,municipality,annual,7,,1998-2025
IA,Des Moines County,county,annual,7,,1998-2015 2018-2024
IA,Dewitt,municipality,annual,7,,1998 2001-2003 2006-2007 2009-2010 2013
IA,Dickinson County,county,annual,7,,1998 2005-2008 2010 2013 2017-2018 2020-2021 2025
IA,Dow City,municipality,annual,7,,2001
IA,Dubuque,municipality,annual,7,,2000-2025
IA,Dubuque City,municipality,annual,7,,1998-1999
IA,Dubuque County,county,annual,7,,1998-2025
IA,Dunkerton,municipality,annual,7,,2000-2001
IA,Dyersville,municipality,annual,7,,1998 2000-2003 2010-2013 2022-2025
IA,Eagle Grove,municipality,annual,7,,2000 2004 2013-2015
IA,Earlham,municipality,annual,7,,2001-2003
IA,Eddyville,municipality,annual,7,,2001 2011-2012 2016-2017
IA,Edgewood,municipality,annual,7,,2006 2012
IA,Eldon,municipality,annual,7,,1998
IA,Eldora,municipality,annual,7,,2001 2006-2007 2011
IA,Eldridge,municipality,annual,7,,2002 2012 2018 2023
IA,Elgin,municipality,annual,7,,2012-2013
IA,Elk Horn,municipality,annual,7,,2002 2006
IA,Elk Run Heights,municipality,annual,7,,2006 2008
IA,Elkader,municipality,annual,7,,2000 2007 2009-2013
IA,Elkport,municipality,annual,7,,2006-2007
IA,Elliott,municipality,annual,7,,2023
IA,Elma,municipality,annual,7,,2009
IA,Emmetsburg,municipality,annual,7,,1999 2006 2025
IA,Essex,municipality,annual,7,,2010
IA,Estherville,municipality,annual,7,,2003-2004 2010 2015 2024-2025
IA,Estherville City,municipality,annual,7,,1998
IA,Evansdale,municipality,annual,7,,1999-2000 2017 2025
IA,Exira,municipality,annual,7,,2003
IA,Exira-Revision Recd New Rpt Id- Rptid 831123,municipality,annual,7,,2019
IA,Fairfax,municipality,annual,7,,2007
IA,Fairfield,municipality,annual,7,,2001-2011 2016-2017 2019-2024
IA,Farley,municipality,annual,7,,2005
IA,Farnhamville,municipality,annual,7,,2013 2024
IA,Fayette,municipality,annual,7,,2000
IA,Fayette County,county,annual,7,,1998-2006 2008-2012 2015-2017 2019-2020 2023-2025
IA,Fenton,municipality,annual,7,,2013
IA,Floyd County,county,annual,7,,2000 2003 2006 2009-2010 2014-2017 2019 2024
IA,Forest City,municipality,annual,7,,1999-2000 2003 2005 2007 2009 2015 2025
IA,Fort Dodge,municipality,annual,7,,1998-2018 2021-2025
IA,Fort Madison,municipality,annual,7,,2000-2003 2005-2016 2018-2022 2025
IA,Fort Madison City,municipality,annual,7,,1999
IA,Franklin County,county,annual,7,,2000 2009 2012-2013 2015 2020
IA,Fredonia,municipality,annual,7,,2002
IA,Fremont,municipality,annual,7,,2012
IA,Fremont County,county,annual,7,,2012-2014 2020-2022
IA,Galva,municipality,annual,7,,1998
IA,Garnavillo,municipality,annual,7,,2011
IA,Garner,municipality,annual,7,,2010-2011
IA,George,municipality,annual,7,,2007 2012
IA,Glenwood,municipality,annual,7,,2010 2023-2025
IA,Glidden,municipality,annual,7,,2022
IA,Goodell,municipality,annual,7,,2022-2023
IA,Granger,municipality,annual,7,,2000
IA,Greene,municipality,annual,7,,2010 2012
IA,Greene County,county,annual,7,,1998-1999 2002-2003 2006-2008 2010 2021 2024
IA,Grimes,municipality,annual,7,,2000-2002 2014-2015 2018-2024
IA,Grinnell,municipality,annual,7,,2006 2008-2017 2020-2025
IA,Griswold,municipality,annual,7,,2013
IA,Grundy County,county,annual,7,,1999 2001-2004 2006 2008 2012-2013 2015 2017 2025
IA,Guthrie Center,municipality,annual,7,,2012 2015
IA,Guthrie County,county,annual,7,,2001-2002 2005 2009-2011
IA,Guttenberg,municipality,annual,7,,2011
IA,Hamburg,municipality,annual,7,,2003 2020-2021
IA,Hamilton County,county,annual,7,,2009-2011 2014-2016 2022
IA,Hancock,municipality,annual,7,,2016
IA,Hancock County,county,annual,7,,2004-2009 2011
IA,Harcourt,municipality,annual,7,,2001
IA,Hardin County,county,annual,7,,2006 2022
IA,Harlan,municipality,annual,7,,2002 2004 2006 2009 2016 2023-2024
IA,Harpers Ferry,municipality,annual,7,,2022
IA,Harrison County,county,annual,7,,1998 2003 2007-2011 2021
IA,Hartford,municipality,annual,7,,2001
IA,Hartley,municipality,annual,7,,2005 2010
IA,Hastings,municipality,annual,7,,2013
IA,Hawarden,municipality,annual,7,,2002 2025
IA,Hawkeye,municipality,annual,7,,2005
IA,Hazleton,municipality,annual,7,,2000
IA,Hedrick,municipality,annual,7,,2010-2011
IA,Henderson,municipality,annual,7,,2023
IA,Henry County,county,annual,7,,1998 2010-2011 2021-2022
IA,Hiawatha,municipality,annual,7,,1998 2006 2022
IA,Howard County,county,annual,7,,2009-2010 2014 2017-2018 2021-2023
IA,Hubbard,municipality,annual,7,,2008
IA,Hudson,municipality,annual,7,,2007
IA,Humboldt,municipality,annual,7,,2001 2009 2011-2015 2023 2025
IA,Humeston,municipality,annual,7,,2006
IA,Huxley,municipality,annual,7,,2002-2003
IA,Ida County,county,annual,7,,1999
IA,Independence,municipality,annual,7,,1998 2000-2003 2008-2011 2023-2024
IA,Indianola,municipality,annual,7,,2023
IA,Iowa City,municipality,annual,7,,1998-2025
IA,Iowa County,county,annual,7,,1998 2002 2004 2009 2015 2020-2024
IA,Iowa Falls,municipality,annual,7,,2008 2010 2012 2016-2017 2021
IA,Iowa Falls City,municipality,annual,7,,1998-1999 2003
IA,Jackson County,county,annual,7,,1999-2004 2006 2008-2010 2012-2013 2021-2022 2025
IA,Jasper County,county,annual,7,,1998-2015 2017-2018 2021-2024
IA,Jeferson County,county,annual,7,,2002
IA,Jefferson,municipality,annual,7,,2010-2013 2020-2024
IA,Jefferson County,county,annual,7,,2022-2024
IA,Jesup,municipality,annual,7,,2012
IA,Johnson County,county,annual,7,,1998-2023
IA,Johnston,municipality,annual,7,,1999 2004 2006-2011 2018 2021-2025
IA,Joice Water And Waste Disposal Systems For Rural Comm. Program,municipality,annual,7,,2016
IA,Jones County,county,annual,7,,2003 2005-2006 2008-2010 2013 2015 2021-2022
IA,Kalona,municipality,annual,7,,2004
IA,Kensett,municipality,annual,7,,2000-2001
IA,Keokuk,municipality,annual,7,,1999-2015 2020 2023
IA,Keokuk City,municipality,annual,7,,1998
IA,Keokuk County,county,annual,7,,1998-2000 2023-2024
IA,Keosauqua,municipality,annual,7,,2011
IA,Keota,municipality,annual,7,,2003
IA,Kimballton,municipality,annual,7,,2021 2023
IA,Kiron,municipality,other,,18,2000
IA,Knoxville,municipality,annual,7,,2005-2006 2010-2012 2018 2020-2021 2024
IA,Kossuth County,county,annual,7,,1998-2001 2005 2021-2022
IA,La Porte City,municipality,annual,7,,2010
IA,Lake Mills,municipality,annual,7,,2012
IA,Lake Park,municipality,annual,7,,1998
IA,Lake View,municipality,annual,7,,2000 2002-2003 2013
IA,Lamoni,municipality,annual,7,,2010 2014 2019
IA,Lamont,municipality,annual,7,,2014
IA,Lansing,municipality,annual,7,,2018
IA,Latimer,municipality,annual,7,,2002
IA,Laurens,municipality,annual,7,,2006 2010
IA,Le Mars,municipality,annual,7,,2000-2005 2007-2008 2012-2013 2022-2024
IA,Leclaire,municipality,annual,7,,2023
IA,Lee County,county,annual,7,,1998-2016 2018-2025
IA,Lemars,municipality,annual,7,,2010
IA,Lenox,municipality,annual,7,,1999
IA,Leon,municipality,annual,7,,2005 2010-2011 2013-2014
IA,Lewis,municipality,annual,7,,2021-2022
IA,Linn County,county,annual,7,,1998-2025
IA,Littleport,municipality,annual,7,,2000
IA,Livermore,municipality,annual,7,,2011
IA,Logan,municipality,annual,7,,2001
IA,Lohrville,municipality,annual,7,,2002
IA,Lone Rock,municipality,annual,7,,2014
IA,Lone Tree,municipality,annual,7,,2000
IA,Long Grove,municipality,annual,7,,2009
IA,Louisa County,county,annual,7,,2009-2016 2021 2023
IA,Lowden,municipality,annual,7,,2007
IA,Lucas County,county,annual,7,,2001 2003 2008-2010 2015 2020 2023
IA,Lyon County,county,annual,7,,2004 2011 2015-2017 2022 2025
IA,Madison County,county,annual,7,,1999 2001 2003 2006-2013 2016 2018
IA,Madrid,municipality,annual,7,,2013
IA,Magnol,municipality,annual,7,,2018
IA,Mahaska County,county,annual,7,,1998-2004 2006 2009-2010 2012-2013
IA,Malvern,municipality,annual,7,,2005 2015 2021-2023 2025
IA,Manchester,municipality,annual,7,,2000-2001 2003 2006 2008-2011 2013
IA,Manly,municipality,annual,7,,2011
IA,Manning,municipality,annual,7,,2000 2008 2014
IA,Mapleton,municipality,annual,7,,2007 2013
IA,Maquoketa,municipality,annual,7,,1999-2003 2005-2008 2010-2012 2021-2023
IA,Marcus,municipality,annual,7,,1999
IA,Marengo,municipality,annual,7,,2015
IA,Marion,municipality,annual,7,,1998 2000-2002 2009-2011 2016 2020-2023 2025
IA,Marion County,county,annual,7,,1998-2025
IA,Marshall County,county,annual,7,,1998-2013 2015 2021-2025
IA,Marshalltown,municipality,annual,7,,1999-2001 2003-2006 2008-2025
IA,Marshalltown City,municipality,annual,7,,1998
IA,Mason City,municipality,annual,7,,1998-2025
IA,Masonville,municipality,annual,7,,2003
IA,Massena,municipality,annual,7,,2021-2022 2025
IA,Maynard,municipality,annual,7,,1999
IA,Mcgregor,municipality,annual,7,,2017
IA,Mediapolis,municipality,annual,7,,1999 2011
IA,Melbourne,municipality,annual,7,,2006
IA,Melcher-Dallas,municipality,annual,7,,2007
IA,Mills County,county,annual,7,,1998-2001 2007-2012 2014-2016 2018-2023
IA,Minburn,municipality,annual,7,,2014-2015
IA,Minden,municipality,annual,7,,2006
IA,Missouri Valley,municipality,annual,7,,2007 2022-2023
IA,Mitchell County,county,annual,7,,2000 2010 2015
IA,Mitchellville,municipality,annual,7,,2005-2006
IA,Modale,municipality,annual,7,,2007-2008
IA,Mondamin,municipality,annual,7,,2024
IA,Monona,municipality,annual,7,,2005-2007
IA,Monona County,county,annual,7,,1998-2001 2004 2006 2008-2010 2012-2013 2016 2021-2022
IA,Monroe County,county,annual,7,,2000 2006 2009 2024
IA,Montezuma,municipality,annual,7,,2012 2016 2025
IA,Montgomery County,county,annual,7,,1999-2003 2006 2009-2011 2021
IA,Monticello,municipality,annual,7,,1999 2012-2014 2018 2024-2025
IA,Montour,municipality,annual,7,,2012
IA,Moulton,municipality,annual,7,,2014-2015
IA,Mount Ayr,municipality,annual,7,,2006-2007 2013
IA,Mount Pleasant,municipality,annual,7,,2009 2011-2016 2019-2020 2023
IA,Moville,municipality,annual,7,,2003
IA,Mt Pleasant,municipality,annual,7,,1998 2000
IA,Mt. Pleasant,municipality,annual,7,,2003 2005-2007
IA,Murray,municipality,annual,7,,2019 2025
IA,Muscatine,municipality,annual,7,,1998-2025
IA,Muscatine County,county,annual,7,,1998-2015 2021 2025
IA,Mystic,municipality,annual,7,,2014
IA,Nashua,municipality,annual,7,,2011 2021
IA,Neola,municipality,annual,7,,2022-2024
IA,Nevada,municipality,annual,7,,2005-2007
IA,New Hampton,municipality,annual,7,,1999 2002-2003
IA,New Liberty,municipality,annual,7,,1999-2000
IA,New London,municipality,annual,7,,2006
IA,New Market,municipality,annual,7,,2024-2025
IA,New Sharon,municipality,annual,7,,2002
IA,Newton,municipality,annual,7,,1998-2000 2002-2004 2008-2012 2016-2017 2019 2021-2025
IA,Nora Springs,municipality,annual,7,,2009
IA,North English,municipality,annual,7,,2021-2022
IA,North Liberty,municipality,annual,7,,1998-2001 2007 2011 2015-2019 2022-2025
IA,Northwood,municipality,annual,7,,2001-2002
IA,Norwalk,municipality,annual,7,,2001 2024
IA,Norway,municipality,annual,7,,2003
IA,O'Brien County,county,annual,7,,1999 2001-2002 2014 2017-2018 2021
IA,Oakville,municipality,annual,7,,2009-2012
IA,Odebolt,municipality,annual,7,,2001-2002
IA,Oelwein,municipality,annual,7,,2004-2013 2023-2024
IA,Ogden,municipality,annual,7,,2011
IA,Onawa,municipality,annual,7,,2002 2025
IA,Orange City,municipality,annual,7,,2023
IA,Osceola,municipality,annual,7,,2010-2011 2014-2016 2022 2024
IA,Osceola County,county,annual,7,,2025
IA,Oskaloosa,municipality,annual,7,,2001 2003-2006 2008 2010 2012 2018-2021 2023-2025
IA,Oskaloosa City,municipality,annual,7,,1998-1999
IA,Ottumwa,municipality,annual,7,,1998-2025
IA,Pacific Junction,municipality,annual,7,,2022
IA,Page County,county,annual,7,,1998-2011 2021
IA,Palo,municipality,annual,7,,2009-2014
IA,Palo Alto County,county,annual,7,,2003 2010 2021 2024
IA,Panora,municipality,annual,7,,2003
IA,Parkersburg,municipality,annual,7,,2001 2010 2013
IA,Pella,municipality,annual,7,,2000 2002-2003 2011-2018 2022-2023
IA,Peosta,municipality,annual,7,,1999 2021-2022
IA,Perry,municipality,annual,7,,1999-2000 2003 2007 2009-2011 2015-2017 2020-2025
IA,Pisgah,municipality,annual,7,,2020
IA,Pleasant Hill,municipality,annual,7,,2007 2020-2022 2025
IA,Pleasantville,municipality,annual,7,,1998
IA,Plymouth County,county,annual,7,,1998-2004 2006-2012 2014-2015 2018-2019 2021 2023 2025
IA,Pocahontas,municipality,annual,7,,2005-2006 2008 2010 2012
IA,Pocahontas County,county,annual,7,,2010-2011 2025
IA,Polk County,county,annual,7,,1998-1999 2001-2025
IA,Portsmouth,municipality,annual,7,,2020
IA,Postville,municipality,annual,7,,2003 2005-2006 2009
IA,Pottawattamie County,county,annual,7,,1998-2025
IA,Poweshiek County,county,annual,7,,2004 2006 2008-2009 2015 2020 2022
IA,Prairie City,municipality,annual,7,,2001 2008
IA,Princeton,municipality,annual,7,,2011
IA,Promise City,municipality,annual,7,,2011
IA,Quasqueton,municipality,annual,7,,2003 2011
IA,Quimby,municipality,annual,7,,2020
IA,Radcliffe,municipality,annual,7,,2006
IA,Randal,municipality,annual,7,,2002
IA,Raymond,municipality,annual,7,,2010
IA,Red Oak,municipality,annual,7,,1998 2000-2002 2008-2010 2012 2016
IA,Redfield,municipality,annual,7,,2001
IA,Reinbeck,municipality,annual,7,,2005
IA,Remsen,municipality,annual,7,,2010
IA,Ringgold County,county,annual,7,,1998 2009-2011 2014
IA,Riverton,municipality,annual,7,,2003
IA,Robins,municipality,annual,7,,2010 2021
IA,Rock Rapids,municipality,annual,7,,1999 2015-2017
IA,Rock Valley,municipality,annual,7,,2010-2011 2015 2020
IA,Rockford,municipality,annual,7,,2014
IA,Rockwell City,municipality,annual,7,,2005
IA,Roland,municipality,annual,7,,1998
IA,Rowan,municipality,annual,7,,2018-2019
IA,Royal,municipality,annual,7,,2007
IA,Rusell,municipality,annual,7,,2022
IA,Ruthven,municipality,annual,7,,2007 2022
IA,Sac City,municipality,annual,7,,2002 2005 2010-2012
IA,Sac County,county,annual,7,,2003 2006 2009
IA,Sanborn,municipality,annual,7,,2003
IA,Scott County,county,annual,7,,1998-2024
IA,Sergeant Bluff,municipality,annual,7,,2010-2011 2013 2025
IA,Sheffield,municipality,annual,7,,2012
IA,Shelby,municipality,annual,7,,2008 2021
IA,Shelby County,county,annual,7,,2000-2004 2008-2011 2018 2022-2023
IA,Sheldon,municipality,annual,7,,2000-2002 2007 2014 2019 2023
IA,Shell Rock,municipality,annual,7,,2011-2012
IA,Shellsburg,municipality,annual,7,,2004 2010
IA,Shenandoah,municipality,annual,7,,2005 2008-2009 2011-2012 2014 2017 2022 2024-2025
IA,Shenandoah City,municipality,annual,7,,2003
IA,Sibley,municipality,annual,7,,2013
IA,Sidney,municipality,annual,7,,2021
IA,Sigourney,municipality,annual,7,,1998 2002-2003 2008-2010 2012
IA,Silver City,municipality,annual,7,,2006
IA,Sioux Center,municipality,annual,7,,1998-1999 2001-2004 2011 2013 2024-2025
IA,Sioux City,municipality,annual,7,,1998-2025
IA,Sioux County,county,annual,7,,1998-1999 2001-2006 2008 2010-2011 2015 2021-2025
IA,Slater,municipality,annual,7,,2003-2004
IA,Soldier,municipality,annual,7,,2023
IA,South English,municipality,annual,7,,2012
IA,South Sioux City,municipality,annual,10,,2025
IA,Spencer,municipality,annual,7,,1998-2004 2010 2013-2016 2019
IA,Spirit Lake,municipality,annual,7,,2004 2007 2009 2015
IA,St Charles,municipality,annual,7,,2012
IA,St Lucas,municipality,annual,7,,1999
IA,St. Ansgar,municipality,annual,7,,2011
IA,St. Charles,municipality,annual,7,,2010
IA,St. Paul,municipality,annual,7,,2002
IA,Stanhope,municipality,annual,7,,2003
IA,Stanton,municipality,annual,7,,2014
IA,State Center,municipality,annual,7,,1999
IA,Storm Lake,municipality,annual,7,,1999 2001 2003-2006 2009 2012-2022 2025
IA,Story County,county,annual,7,,1998-2017 2019-2025
IA,Stratford,municipality,annual,7,,2011 2015
IA,Strawberry Point,municipality,annual,7,,2006-2007
IA,Stuart,municipality,annual,7,,2003 2011
IA,Sully,municipality,annual,7,,2000
IA,Sumner,municipality,annual,7,,2004-2005 2025
IA,Sutherland,municipality,annual,7,,2006
IA,Tama,municipality,annual,7,,2003 2021
IA,Tama County,county,annual,7,,1998-1999 2003 2005-2010 2013-2015 2018 2022-2025
IA,Taylor County,county,annual,7,,1998 2002 2011 2014 2017 2019
IA,Tiffin,municipality,annual,7,,2000
IA,Toledo,municipality,annual,7,,2007 2010
IA,Traer,municipality,annual,7,,2002
IA,Tripoli,municipality,annual,7,,2001
IA,Union County,county,annual,7,,1998 2008-2017 2020
IA,Urbana,municipality,annual,7,,2010
IA,Urbandale,municipality,annual,7,,2005-2006 2008-2017 2019 2021 2023
IA,Ute,municipality,annual,7,,2024-2025
IA,Van Buren County,county,annual,7,,2003-2004 2012-2013
IA,Van Horne,municipality,annual,7,,2002-2003
IA,Victor,municipality,annual,7,,2007
IA,Villisca,municipality,annual,7,,2023
IA,Vinton,municipality,annual,7,,2008 2012 2018
IA,Volga,municipality,annual,7,,2000-2001
IA,Walford,municipality,annual,7,,2004
IA,Walnut,municipality,annual,7,,2018
IA,Wapello,municipality,annual,7,,2000 2006 2015
IA,Wapello County,county,annual,7,,1998-2006 2008-2015 2019 2022-2024
IA,Warren County,county,annual,7,,1998-2016 2018 2021-2022 2024
IA,Washington,municipality,annual,7,,2011-2012 2014-2015 2020 2023-2025
IA,Washington County,county,annual,7,,1998-1999 2002-2004 2006 2012-2013 2021
IA,Waterloo,municipality,annual,7,,1998 2000-2025
IA,Waukee,municipality,annual,7,,1999 2005 2007 2009-2010 2012 2015 2017-2019 2022 2024
IA,Waukon,municipality,annual,7,,2003
IA,Waverly,municipality,annual,7,,2000-2002 2009-2012 2015-2017 2020-2021 2023-2024
IA,Wayne County,county,annual,7,,2008-2009 2011
IA,Webster City,municipality,annual,7,,1998-2001 2003 2008-2009 2013 2017-2018 2021 2024
IA,Webster County,county,annual,7,,1998-2010 2012-2025
IA,Wellman,municipality,annual,7,,2001-2002 2010
IA,Wesley,municipality,annual,7,,2012
IA,West Bend,municipality,annual,7,,2023
IA,West Branch,municipality,annual,7,,2003
IA,West Burlington,municipality,annual,7,,2009
IA,West Des Moines,municipality,annual,7,,1998-2002 2005 2007-2024
IA,West Liberty,municipality,annual,7,,2001
IA,West Union,municipality,annual,7,,2012-2014
IA,Westgate,municipality,annual,7,,2001
IA,Wheatland,municipality,annual,7,,2007
IA,Williamsburg,municipality,annual,7,,1998 2011
IA,Windsor Heights,municipality,annual,7,,1999 2002 2012
IA,Winnebago County,county,annual,7,,2006 2012
IA,Winneshiek County,county,annual,7,,1998-2012 2014-2023
IA,Winterset,municipality,annual,7,,2000
IA,Woden,municipality,annual,7,,2015-2016
IA,Woodbine,municipality,annual,7,,2003-2004 2023-2025
IA,Woodbury County,county,annual,7,,1998-2024
IA,Woodward,municipality,annual,7,,2004 2012
IA,Worth County,county,annual,7,,2000
IA,Wright County,county,annual,7,,1999 2002 2009-2011 2022
IA,Wyoming,municipality,annual,7,,2002 2010 2012
KS,Abilene,municipality,annual,1,,1998 2000 2006-2008 2011-2012 2015
KS,Alexander,municipality,annual,1,,2012
KS,Allen County,county,annual,1,,2007-2008 2010 2020 2022 2024
KS,Alma,municipality,annual,1,,2011-2013
KS,Almena,municipality,annual,1,,2003 2019
KS,Alta Vista,municipality,annual,1,,2002 2011
KS,Andale,municipality,other,,13,2004
KS,Anderson County,county,annual,1,,2002-2003 2007 2020
KS,Andover,municipality,annual,1,,2002-2003 2023
KS,Anthony,municipality,annual,1,,2002 2005-2006 2010-2013
KS,Argonia,municipality,annual,1,,2002
KS,Arkansas City,municipality,annual,1,,1999-2004 2010-2011 2021-2022
KS,Arma,municipality,annual,1,,2002-2003
KS,Atchison,municipality,annual,1,,1998-2004 2007 2009-2010 2012-2014 2022-2025
KS,Atchison County,county,annual,1,,2020
KS,Atwood,municipality,annual,1,,2003-2004 2009-2012 2016
KS,Auburn,municipality,annual,1,,1999
KS,Augusta,municipality,annual,1,,1998-2002 2011-2012 2022-2024
KS,Baldwin City,municipality,annual,1,,1998-1999 2002 2007-2008
KS,Barber County,county,annual,1,,2020
KS,Barton County,county,annual,1,,1998-2000 2003 2006-2011 2013-2014 2020-2024
KS,Basehor,municipality,annual,1,,2020 2022
KS,Baxter Springs,municipality,annual,1,,2000-2003
KS,Belleville,municipality,annual,1,,2003 2005 2012
KS,Beloit,municipality,annual,1,,1998 2016 2021 2023 2025
KS,Bern,municipality,annual,1,,2002
KS,Bogue,municipality,annual,1,,2017
KS,Bonner Springs,municipality,annual,1,,2000-2003 2007 2010 2013-2015 2020-2021 2023-2025
KS,Bourbon County,county,annual,1,,2011 2020-2022
KS,Bronson,municipality,annual,1,,2013
KS,Brookville,municipality,annual,1,,2004 2007
KS,Brown County,county,annual,1,,2020 2023
KS,Bucklin,municipality,annual,1,,2007-2008 2010
KS,Buffalo,municipality,annual,1,,2000
KS,Burden,municipality,annual,1,,2002
KS,Burlingame,municipality,annual,1,,2012
KS,Burlington,municipality,annual,1,,2010 2013
KS,Burr Oak,municipality,annual,1,,2024
KS,Burrton,municipality,annual,1,,2010
KS,Butler County,county,annual,1,,1998-2025
KS,Caldwell,municipality,annual,1,,2010 2012 2022-2023
KS,Caney,municipality,annual,1,,2004 2020-2022
KS,Carbondale,municipality,annual,1,,1999-2003
KS,Carbondale City,municipality,annual,1,,1998
KS,Centralia,municipality,annual,1,,1999 2001
KS,Chanute,municipality,annual,1,,1998 2001-2003 2005 2008 2011-2013 2020 2022
KS,Chase,municipality,annual,1,,2009
KS,Chase County,county,annual,1,,2001 2005-2006 2008
KS,Chautauqua County,county,annual,1,,2009 2020
KS,Cherokee County,county,annual,1,,1999-2000 2002-2003 2007-2014 2017 2020 2022
KS,Cherryvale,municipality,annual,1,,1998 2003 2007 2010
KS,Chetopa,municipality,annual,1,,2011-2014
KS,Cheyenne County,county,annual,1,,2007 2009 2011-2012 2015 2020
KS,Cimarron,municipality,annual,1,,2017 2021
KS,Clark County,county,annual,1,,2021
KS,Clay Center,municipality,annual,1,,1999 2008 2010 2024-2025
KS,Clay County,county,annual,1,,2003 2020
KS,Cloud County,county,annual,1,,2004 2020-2022
KS,Coffey County,county,annual,1,,2002 2005 2020 2022
KS,Coffeyville,municipality,annual,1,,2001-2004 2007-2011 2014 2016-2017 2020 2025
KS,Coffeyville City,municipality,annual,1,,1999
KS,Colby,municipality,annual,1,,2004-2013 2020 2022
KS,Collyer,municipality,annual,1,,2003
KS,Colwich,municipality,annual,1,,2000-2001
KS,Concordia,municipality,annual,1,,2011 2020-2021 2024
KS,Conway Springs,municipality,annual,1,,2018 2021
KS,Cottonwood Falls,municipality,annual,1,,2014
KS,Cowley County,county,annual,1,,2001-2002 2020
KS,Crawford County,county,annual,1,,1998-2024
KS,Cuba,municipality,annual,1,,2015
KS,Culver,municipality,annual,1,,2013
KS,Decatur County,county,annual,1,,2002-2003
KS,Deerfield,municipality,annual,1,,2000
KS,Delphos,municipality,annual,1,,2013
KS,Derby,municipality,annual,1,,2010-2012 2020
KS,Dickinson County,county,annual,1,,2002 2008 2012-2014 2017
KS,Dodge City,municipality,annual,1,,2000-2007 2009-2010 2012-2014 2017-2024
KS,Doniphan County,county,annual,1,,2000 2020 2022 2024
KS,Douglas County,county,annual,1,,1998-2024
KS,Douglass,municipality,annual,1,,2016
KS,Edgerton,municipality,annual,1,,2003 2012-2013
KS,Edna,municipality,annual,1,,2017
KS,Edwards County,county,annual,1,,2024
KS,Edwardsville,municipality,annual,1,,1998 2004 2019
KS,El Dorado,municipality,annual,1,,1999-2000 2003-2006 2009-2012 2020-2024
KS,El Dorado City,municipality,annual,1,,1998
KS,Elk County,county,annual,1,,2002-2003 2010
KS,Ellis,municipality,annual,1,,1998 2010 2020
KS,Ellis County,county,annual,1,,2000 2002-2003 2006-2008 2013 2020 2022-2023
KS,Ellsworth,municipality,annual,1,,2002 2021-2022
KS,Ellsworth County,county,annual,1,,2003 2008 2020
KS,Elwood,municipality,annual,1,,2002 2004
KS,Emmett,municipality,annual,1,,2010
KS,Emporia,municipality,annual,1,,1998-2000 2002 2010 2012-2013 2017-2023
KS,Enterprise,municipality,annual,1,,2019
KS,Erie,municipality,annual,1,,2001-2002 2007 2010
KS,Eudora,municipality,annual,1,,2022
KS,Eureka,municipality,annual,1,,2000-2001 2022
KS,Fairway,municipality,annual,1,,2001-2002
KS,Finney County,county,annual,1,,1998-2017 2019-2025
KS,Ford County,county,annual,1,,1998-1999 2001-2004 2009-2011 2013 2015 2020-2024
KS,Fort Scott,municipality,annual,1,,1998-1999 2001 2003 2006-2012 2020-2023
KS,Franklin County,county,annual,1,,1998 2001-2003 2005-2011 2020 2022-2024
KS,Franknlin County,county,annual,1,,2004
KS,Fredonia,municipality,annual,1,,2002 2007-2008 2012 2020-2022
KS,Frontenac,municipality,annual,1,,2012
KS,Galena,municipality,annual,1,,2001-2004 2012
KS,Galva,municipality,annual,1,,2019-2020
KS,Garden City,municipality,annual,1,,1998-2017 2020-2025
KS,Garden Plain,municipality,annual,1,,2010-2011
KS,Gardner,municipality,annual,1,,2001-2003 2012-2014 2020-2021
KS,Garnett,municipality,annual,1,,1998 2002 2005 2007 2009-2010 2023
KS,Geary County,county,annual,1,,2015-2016 2020 2022 2024
KS,Geneseo,municipality,annual,1,,2007
KS,Girard,municipality,annual,1,,2012-2015 2023-2024
KS,Goddard,municipality,annual,1,,2025
KS,Goodland,municipality,annual,1,,1999-2000 2009-2013 2022-2024
KS,Gove County,county,annual,1,,2020
KS,Graham County,county,annual,1,,2002 2010 2020
KS,Grandview Plaza,municipality,annual,1,,2003
KS,Grant County,county,annual,1,,2002-2003 2007 2020 2022-2023
KS,Gray County,county,annual,1,,2020
KS,Great Bend,municipality,annual,1,,2001-2010 2013-2014 2019-2025
KS,Great Bend City,municipality,annual,1,,1998
KS,Greeley County,county,annual,1,,2000
KS,Greensburg,municipality,annual,1,,2002 2007-2012
KS,Greenwood County,county,annual,1,,2010-2011 2020 2022
KS,Gridley,municipality,annual,1,,2003 2020-2021
KS,Hamilton County,county,annual,1,,1998 2006-2007 2020
KS,Hanover,municipality,annual,1,,2021-2022
KS,Harper,municipality,annual,1,,2005 2010
KS,Harper County,county,annual,1,,2008-2009 2020-2021
KS,Hartford,municipality,annual,1,,2002
KS,Harvey County,county,annual,1,,2001 2003 2008-2013 2020-2022 2024-2025
KS,Harveyville,municipality,annual,1,,2003
KS,Haskell County,county,annual,1,,2020
KS,Haven,municipality,annual,1,,2012-2014
KS,Haviland,municipality,annual,1,,2016
KS,Hays,municipality,annual,1,,2000-2001 2003 2005 2007 2010 2013-2018 2020-2025
KS,Haysville,municipality,annual,1,,1999
KS,Herington,municipality,annual,1,,2000 2005 2007
KS,Herington City,municipality,annual,1,,1999
KS,Hiawatha,municipality,annual,1,,2005 2012-2014 2016-2017 2019-2022
KS,Highland,municipality,annual,1,,2013 2023
KS,Hill City,municipality,annual,1,,2003 2010-2011 2013-2014
KS,Hillsboro,municipality,annual,1,,2005-2006 2008-2009
KS,Hodgeman County,county,annual,1,,2022
KS,Hoisington,municipality,annual,1,,2001-2002 2010
KS,Hope,municipality,annual,1,,2019
KS,Horton,municipality,annual,1,,2009-2010 2013-2015 2021-2022
KS,Howard,municipality,annual,1,,2002 2016
KS,Hoxie,municipality,annual,1,,2019-2020
KS,Hugoton,municipality,annual,1,,2010
KS,Humboldt,municipality,annual,1,,1998-2001 2010 2018-2019 2023 2025
KS,Hutchinson,municipality,annual,1,,1999 2001-2013 2015-2018 2020-2021
KS,Independence,municipality,annual,1,,1998-2016 2020 2022-2024
KS,Iola,municipality,annual,1,,2001 2007-2009 2012-2014 2023
KS,Jackson County,county,annual,1,,1998 2002-2003 2006 2020-2024
KS,Jamestown,municipality,annual,1,,2003-2004
KS,Jefferson County,county,annual,1,,1998 2002 2007 2010 2020-2022
KS,Jetmore,municipality,annual,1,,2009 2019
KS,Jewell,municipality,annual,1,,1999-2000
KS,Jewell County,county,annual,1,,2004 2020
KS,Johnson City,municipality,annual,1,,2021-2025
KS,Johnson County,county,annual,1,,1998-2024
KS,Junction City,municipality,annual,1,,1998-2003 2005-2010 2012 2014-2018 2020 2023-2024
KS,Kanorado,municipality,annual,1,,2008
KS,Kearny County,county,annual,1,,1999 2020
KS,Kingman,municipality,annual,1,,2000-2003 2020 2023
KS,Kingman County,county,annual,1,,2020
KS,Kinsley,municipality,annual,1,,1999 2013
KS,Kiowa,municipality,annual,1,,2022
KS,Kiowa County,county,annual,1,,2002 2007-2011
KS,Kirwin,municipality,annual,1,,2003
KS,La Cygne,municipality,annual,1,,2002 2016-2017 2022-2023
KS,La Cygne City,municipality,annual,1,,1998
KS,Labette County,county,annual,1,,1998 2002 2005-2009 2011 2020-2024
KS,Lacrosse,municipality,annual,1,,2011-2012
KS,Lacygne,municipality,annual,1,,2018
KS,Laharpe,municipality,annual,1,,1999-2001
KS,Lakin,municipality,annual,1,,2012-2013
KS,Lansing,municipality,annual,1,,2003-2006 2020 2022 2024
KS,Larned,municipality,annual,1,,1999 2001-2002 2008 2012 2014 2024-2025
KS,Lawrence,municipality,annual,1,,1999 2001-2024
KS,Leavenworth,municipality,annual,1,,1998-2000 2002-2023
KS,Leavenworth County,county,annual,1,,1998-2016 2020-2024
KS,Leawood,municipality,annual,1,,2002 2004 2010 2015 2020 2023 2025
KS,Lecompton,municipality,annual,1,,2000
KS,Lenexa,municipality,annual,1,,1999-2015 2017 2020-2022 2024
KS,Leon,municipality,annual,1,,2002
KS,Leoti,municipality,annual,1,,2004-2005 2014-2015
KS,Leroy,municipality,annual,1,,2003 2016
KS,Liberal,municipality,annual,1,,1998-2003 2005-2007 2009 2011-2017 2019-2025
KS,Lincoln County,county,annual,1,,1998-1999 2011
KS,Lindsborg,municipality,annual,1,,2010-2011
KS,Linn County,county,annual,1,,2001-2003 2010 2020 2022-2024
KS,Linn Valley,municipality,annual,1,,2014-2015 2022-2024
KS,Linwood,municipality,annual,1,,2023
KS,Lost Springs,municipality,annual,1,,2003
KS,Lyndon,municipality,annual,1,,2006 2017-2019
KS,Lyon County,county,annual,1,,1998-2000 2003 2010-2012 2014 2020-2022
KS,Lyon County,county,annual,10,,2001-2002
KS,Lyons,municipality,annual,1,,2003 2010 2012-2014 2016 2025
KS,Madison,municipality,annual,1,,1998-2000
KS,Maize,municipality,annual,1,,2002-2003 2005 2022
KS,Manhattan,municipality,annual,1,,1998-2024
KS,Mankato,municipality,annual,1,,2001 2007 2022
KS,Marion,municipality,annual,1,,2002 2006-2007
KS,Marion County,county,annual,1,,2004-2005 2007-2009 2020 2022
KS,Marshall County,county,annual,1,,2001-2002 2020
KS,Marysville,municipality,annual,1,,1998 2000 2002 2004 2011 2013 2021 2024
KS,Mccracken,municipality,annual,1,,2001
KS,Mclouth,municipality,annual,1,,2000-2002
KS,Mcpherson,municipality,annual,1,,1998 2005 2020 2023
KS,Mcpherson County,county,annual,1,,2002 2020
KS,Meade,municipality,annual,1,,2006
KS,Meade County,county,annual,1,,2020 2022
KS,Medicine Lodge,municipality,annual,1,,2009 2016-2017
KS,Meriden,municipality,annual,1,,1998 2006
KS,Merriam,municipality,annual,1,,2002 2005
KS,Miami County,county,annual,1,,1998 2000 2002 2004-2007 2010 2020-2024
KS,Minneola,municipality,annual,1,,2021
KS,Mission,municipality,annual,1,,2002 2008 2010
KS,Mission Hills,municipality,annual,1,,2002-2006
KS,Mitchell County,county,annual,1,,1998 2003 2020-2021
KS,Moline,municipality,annual,1,,2003-2004 2017-2018
KS,Montgomery County,county,annual,1,,2003-2007 2009-2010 2012 2020 2022-2024
KS,Moran,municipality,annual,1,,2000
KS,Morris County,county,annual,1,,2003 2020
KS,Morton County,county,annual,1,,2011 2021
KS,Mound City,municipality,annual,1,,2005
KS,Moundridge,municipality,annual,1,,2015
KS,Muscotah,municipality,annual,1,,2011
KS,Nemaha County,county,annual,1,,2001-2002 2020
KS,Neodesha,municipality,annual,1,,2005 2008-2009 2011 2019-2021
KS,Neodesha City,municipality,annual,1,,1998-1999
KS,Neosho County,county,annual,1,,2005 2007 2020-2021
KS,Neosho Rapids,municipality,annual,1,,2009
KS,Ness City,municipality,annual,1,,2002 2017 2023
KS,Newton,municipality,annual,1,,1999-2002 2004-2014 2020-2022 2025
KS,Nickerson,municipality,annual,1,,2009-2010
KS,Norton,municipality,annual,1,,2010-2012
KS,Norton County,county,annual,1,,2003 2008 2010 2020
KS,Nortonville,municipality,annual,1,,2004 2011
KS,Oakley,municipality,annual,1,,2008 2012-2013
KS,Oberlin,municipality,annual,1,,2003 2012-2016 2020
KS,Ogden,municipality,annual,1,,2003
KS,Olathe,municipality,annual,1,,1998-2003 2005-2024
KS,Onaga,municipality,annual,1,,2002 2005 2009-2010
KS,Oneida,municipality,annual,1,,1999
KS,Osage City,municipality,annual,1,,2006
KS,Osage County,county,annual,1,,2011
KS,Osawatomie,municipality,annual,1,,1998-2000 2002-2003 2007-2008 2010-2011 2022 2025
KS,Osborne,municipality,annual,1,,2002 2020
KS,Osborne County,county,annual,1,,1999 2002-2004 2018-2020
KS,Oswego,municipality,annual,1,,1999-2000 2005-2006 2011-2012 2014
KS,Otis,municipality,annual,1,,2020
KS,Ottawa,municipality,annual,1,,1999 2002-2004 2006 2010-2013 2020 2022-2025
KS,Ottawa County,county,annual,1,,2020
KS,Overbrook,municipality,annual,1,,2023
KS,Overland Park,municipality,annual,1,,1998-2007 2009-2025
KS,Palco,municipality,annual,1,,2004
KS,Parsons,municipality,annual,1,,1998-2004 2006-2013 2016 2022-2023
KS,Pawnee County,county,annual,1,,2020
KS,Peabody,municipality,annual,1,,2001
KS,Phillips County,county,annual,1,,2003 2020
KS,Phillipsburg,municipality,annual,1,,2002-2003 2012 2015 2021
KS,Pittsburg,municipality,annual,1,,1998-2025
KS,Pleasanton,municipality,annual,1,,2014-2015
KS,Pomona,municipality,annual,1,,2004
KS,Pottawatomie County,county,annual,1,,2003 2008-2011 2020-2022
KS,Potwin,municipality,annual,1,,2002
KS,Prairie Village,municipality,annual,1,,2023-2024
KS,Pratt,municipality,annual,1,,2002 2006 2013-2014 2016
KS,Pratt County,county,annual,1,,2020
KS,Rawlins County,county,annual,1,,2006 2011 2020 2024
KS,Reading,municipality,annual,1,,2012
KS,Reno County,county,annual,1,,1998-2025
KS,Rice County,county,annual,1,,2007 2009 2020
KS,Riley County,county,annual,1,,1998 2000-2003 2010-2024
KS,Robinson,municipality,annual,1,,2014
KS,Roeland Park,municipality,annual,1,,2006-2007
KS,Rooks County,county,annual,1,,2009-2012 2020
KS,Rose Hill,municipality,annual,1,,2008
KS,Rozel,municipality,annual,1,,2010
KS,Rush Center,municipality,annual,1,,2001 2014
KS,Rush County,county,annual,1,,2020 2022
KS,Russell,municipality,annual,1,,1998 2002 2005-2007 2013 2018 2020-2022 2024
KS,Russell County,county,annual,1,,2003-2004 2020
KS,Russell Russell,municipality,annual,1,,1999
KS,Sabetha,municipality,annual,1,,2010
KS,Salina,municipality,annual,1,,1998-1999 2005 2008 2010 2013-2015 2020-2021 2023-2024
KS,Saline County,county,annual,1,,2001-2011 2014-2016 2018-2024
KS,Scott City,municipality,annual,1,,2009 2025
KS,Scott County,county,annual,1,,2012 2020
KS,Scranton,municipality,annual,1,,2011-2012 2015-2016
KS,Sedan,municipality,annual,1,,2001 2007 2019-2020
KS,Sedgwick,municipality,annual,1,,2003
KS,Sedgwick County,county,annual,1,,1998-2025
KS,Seneca,municipality,annual,1,,2002-2003 2012
KS,Severy,municipality,annual,1,,2016
KS,Seward County,county,annual,1,,1998 2009-2011 2013-2014 2020-2024
KS,Sharon Springs,municipality,annual,1,,2003
KS,Shawnee,municipality,annual,1,,2000-2005 2010-2011 2013-2015 2017 2020-2021 2023-2025
KS,Shawnee County,county,annual,1,,1998-2022
KS,Sherman County,county,annual,1,,2020
KS,Smith Center,municipality,annual,1,,2009-2010 2013 2020
KS,Smith Center City,municipality,annual,1,,1998
KS,Smith County,county,annual,1,,2020
KS,Solomon,municipality,annual,1,,2005-2006
KS,South Haven,municipality,annual,1,,2008
KS,South Hutchinson,municipality,annual,1,,2002-2003
KS,Spring Hill,municipality,annual,1,,2000 2023
KS,St. John,municipality,annual,1,,2013
KS,St. Marys,municipality,annual,1,,2001-2002
KS,Stafford County,county,annual,1,,2020
KS,Stanton County,county,annual,1,,2009 2017 2025
KS,Sterling,municipality,annual,1,,2010-2011
KS,Stevens County,county,annual,1,,2009-2011 2020-2021
KS,Stockton,municipality,annual,1,,2009-2010
KS,Strong City,municipality,annual,1,,2001 2014-2015 2021
KS,Sumner County,county,annual,1,,1998 2010-2011 2020-2024
KS,Thomas County,county,annual,1,,2000 2020
KS,Tonganoxie,municipality,annual,1,,2000 2013-2014 2020 2023
KS,Topeka,municipality,annual,1,,1998-2025
KS,Toronto,municipality,annual,1,,2023
KS,Trego County,county,annual,1,,2003
KS,Troy,municipality,annual,1,,2014
KS,Turon,municipality,annual,1,,2020
KS,Udall,municipality,annual,1,,2015
KS,Uniontown,municipality,annual,1,,2014
KS,Valley Center,municipality,annual,1,,2025
KS,Vermillion,municipality,annual,1,,2022-2023
KS,Victoria,municipality,annual,1,,2010 2020-2022
KS,Wabaunsee County,county,annual,1,,2020
KS,Wallace,municipality,annual,1,,2000
KS,Wamego,municipality,annual,1,,2000
KS,Washington,municipality,annual,1,,2020-2021
KS,Washington County,county,annual,1,,1999 2020
KS,Waterville,municipality,annual,1,,2007-2008
KS,Wathena,municipality,annual,1,,2000
KS,Wellington,municipality,annual,1,,2000 2002-2005 2009-2011 2014 2017-2018 2024
KS,Westmoreland,municipality,annual,1,,2002
KS,Westphalia,municipality,annual,1,,1999
KS,Wetmore,municipality,annual,1,,2018
KS,Wheaton,municipality,annual,1,,1999
KS,Whitewater,municipality,annual,1,,2004
KS,Wichita,municipality,annual,1,,1998-2021 2023-2025
KS,Willowbrook,municipality,annual,1,,2004
KS,Wilsey,municipality,annual,1,,2005
KS,Wilson,municipality,annual,1,,2001-2004
KS,Wilson County,county,annual,1,,2002 2007 2020
KS,Winchester,municipality,annual,1,,1999 2002
KS,Winfield,municipality,annual,1,,1998-1999 2001-2006
KS,Woodston,municipality,annual,1,,2011
KS,Yates Center,municipality,annual,1,,2002-2003 2010-2011 2020
KY,Adair County,county,annual,7,,2000
KY,Adairville,municipality,annual,7,,2015
KY,Albany,municipality,annual,7,,2001 2005-2008 2010
KY,Alexandria,municipality,annual,7,,2022
KY,Arlington,municipality,annual,7,,1998 2002
KY,Ashland,municipality,annual,7,,1998-2015 2017-2025
KY,Auburn,municipality,annual,7,,2013 2021-2023
KY,Auburn City,municipality,annual,7,,1998
KY,Bardstown,municipality,annual,7,,1998-1999 2005 2010-2012 2020-2021 2023-2025
KY,Bardwell,municipality,annual,7,,2009
KY,Barlow,municipality,annual,7,,2011
KY,Beattyville,municipality,annual,7,,1998 2001-2003 2005-2006 2008-2012 2014 2024
KY,Beaver Dam,municipality,annual,7,,2008-2009
KY,Bedford,municipality,annual,7,,2022
KY,Bellevue,municipality,annual,7,,2000 2023
KY,Benton,municipality,annual,7,,1999 2004 2023 2025
KY,Berea,municipality,annual,7,,2002 2005 2009-2010 2014-2015 2017-2018 2020-2025
KY,Berry,municipality,annual,7,,2014
KY,Bloomfield,municipality,annual,7,,2001 2014
KY,Bonnieville,municipality,annual,7,,2007
KY,Booneville,municipality,annual,7,,1998-2000 2003-2004 2006 2009 2019 2022-2023 2025
KY,Bowling Green,municipality,annual,7,,1998-2005 2007-2020
KY,Bradfordsville,municipality,annual,7,,2011
KY,Brandenburg,municipality,annual,7,,2000
KY,Brooksville,municipality,annual,7,,2015
KY,Brownsville,municipality,annual,7,,2012-2013
KY,Buckhorn,municipality,annual,7,,2016
KY,Burkesville,municipality,annual,7,,2009-2010
KY,Burnside,municipality,annual,7,,1998-1999 2006-2007
KY,Butler,municipality,annual,7,,1998 2001 2007
KY,Cadiz,municipality,annual,7,,1999 2001-2003 2007 2011 2019-2021
KY,Calvert City,municipality,annual,7,,2000 2010
KY,Campbellsville,municipality,annual,1,,2016
KY,Campbellsville,municipality,annual,7,,1998-1999 2001 2003 2008-2015 2017 2019-2020 2024-2025
KY,Campton,municipality,annual,7,,2000-2001 2004-2005 2011-2015 2023-2024
KY,Caneyville,municipality,annual,7,,2022-2023
KY,Carlisle,municipality,annual,7,,1999-2001 2014
KY,Carrollton,municipality,annual,7,,2001-2003 2005-2007 2010-2011 2014 2016 2020 2022 2024
KY,Carter County,county,annual,7,,2011
KY,Catlettsburg City,municipality,annual,7,,1998
KY,Centertown,municipality,annual,7,,2003-2004 2010
KY,Central City,municipality,annual,7,,2002 2016 2018 2020-2023
KY,Clarkson,municipality,annual,7,,2000 2019
KY,Clay,municipality,annual,7,,2009
KY,Clinton,municipality,annual,7,,1998-1999 2009 2014
KY,Cloverport,municipality,annual,7,,2006
KY,Cloverport City,municipality,annual,7,,1998
KY,Coal Run Village,municipality,annual,7,,2021
KY,Columbia,municipality,annual,7,,2002-2003 2005-2007 2009 2022 2025
KY,Concord,municipality,annual,7,,2002
KY,Corbin,municipality,annual,7,,2002 2006-2007 2022-2023
KY,Corinth,municipality,annual,7,,1998 2004
KY,Covington,municipality,annual,7,,1998-2002 2004-2024
KY,Crestwood,municipality,annual,7,,1999 2001
KY,Cynthiana,municipality,annual,7,,1998-2001 2006-2009 2015-2016 2020 2024
KY,Danville,municipality,annual,7,,2011 2014-2017 2019-2025
KY,Dawson Springs,municipality,annual,7,,2001-2002 2011 2014
KY,Dayton,municipality,annual,7,,2000
KY,Drakesboro,municipality,annual,7,,1998 2001 2003 2012-2013
KY,Earlington,municipality,annual,7,,2001-2003 2013
KY,Eddyville,municipality,annual,7,,1998 2004-2005
KY,Edgewood,municipality,annual,7,,2015 2020
KY,Edmonton,municipality,annual,7,,1999 2003 2014-2015 2021
KY,Elizabethtown,municipality,annual,7,,1998-2003 2005-2006 2008-2015 2017 2020-2025
KY,Elkhorn City,municipality,annual,7,,2009
KY,Elkton,municipality,annual,7,,1998-2000 2005 2008
KY,Eminence,municipality,annual,7,,1998 2004 2015
KY,Erlanger,municipality,annual,7,,2013-2014 2020-2022
KY,Eubanks,municipality,annual,7,,1999 2005 2010-2011
KY,Falmouth,municipality,annual,7,,1999-2001 2006 2008-2009
KY,Flatwoods,municipality,annual,7,,2023-2024
KY,Fleming Neon,municipality,annual,7,,2024
KY,Fleming-Neon,municipality,annual,7,,2011
KY,Flemingsburg,municipality,annual,7,,2003 2013 2015
KY,Fleminsburg,municipality,annual,7,,2014
KY,Florence,municipality,annual,7,,2009 2012 2015 2020-2022
KY,Fort Mitchell,municipality,annual,7,,2024
KY,Fort Thomas,municipality,annual,7,,2012 2020-2021
KY,Frankfort,municipality,annual,7,,1999-2003 2007 2009-2025
KY,Frankfort City,municipality,annual,7,,1998
KY,Franklin,municipality,annual,7,,2004-2005 2007 2012-2013 2022
KY,Franklin,municipality,biennial,,,2003
KY,Franklin County,county,annual,7,,2006
KY,Frenchburg,municipality,annual,7,,1998-2001 2007 2009
KY,Ft. Wright,municipality,annual,7,,2021
KY,Fulton,municipality,annual,7,,2000 2013
KY,Gamaliel,municipality,annual,7,,2015
KY,Georgetown,municipality,annual,7,,2004 2007-2009 2012 2020-2022 2024-2025
KY,Glasgow,municipality,annual,7,,1998-2004 2009-2012 2014 2020 2022
KY,Glencoe,municipality,annual,7,,2002
KY,Grand Rivers,municipality,annual,7,,2003 2015-2017
KY,Grayson,municipality,annual,7,,1999 2003-2005
KY,Greensburg,municipality,annual,7,,2009-2010 2012-2016
KY,Greenup,municipality,annual,7,,1999 2003-2004
KY,Guthrie,municipality,annual,7,,2003 2014
KY,Hanson,municipality,annual,7,,1999 2008 2012
KY,Hardinsburg,municipality,annual,7,,2006-2007 2012 2018
KY,Hardinsburg City,municipality,annual,7,,1998
KY,Harlan,municipality,annual,7,,1999
KY,Harlan County,county,annual,7,,1999
KY,Harrodsburg,municipality,annual,7,,1998-2006 2012 2015-2019 2024
KY,Hartford,municipality,annual,7,,2004 2007 2010-2011 2014-2015 2018-2019
KY,Hawesville,municipality,annual,7,,2004
KY,Hazard,municipality,annual,7,,1999 2001-2017 2019-2021 2023-2025
KY,Hazard City,municipality,annual,7,,1998
KY,Henderson,municipality,annual,7,,1998-2025
KY,Hickman,municipality,annual,7,,2001-2002 2005 2007 2009 2012
KY,Highland Heights,municipality,annual,7,,2022
KY,Hillview,municipality,annual,7,,2010 2021-2023
KY,Hindman,municipality,annual,7,,1998-2001 2003 2020-2022
KY,Hodgenville,municipality,annual,7,,2000 2005-2008
KY,Hopkinsville,municipality,annual,7,,1998-2016 2020-2025
KY,Horse Cave,municipality,annual,7,,2006-2007 2014
KY,Hyden,municipality,annual,7,,2010-2012
KY,Independence,municipality,annual,7,,2001 2020-2022
KY,Irvine,municipality,annual,7,,1998 2017-2019
KY,Irvington,municipality,annual,7,,2001-2002
KY,Island,municipality,annual,7,,2003
KY,Jackson,municipality,annual,7,,2004-2006 2010-2014 2017-2018 2020-2025
KY,Jamestown,municipality,annual,7,,1999 2002 2007-2010 2014-2015 2021 2025
KY,Jeffersontown,municipality,annual,7,,2014-2017 2019
KY,Jenkins,municipality,annual,7,,2012-2016 2024
KY,La Grange,municipality,annual,7,,2021
KY,Lacenter,municipality,annual,7,,2005 2010
KY,Lafayette,municipality,annual,7,,2000
KY,Lancaster,municipality,annual,7,,1998-2003 2006 2020-2022
KY,Lawrenceburg,municipality,annual,7,,1998 2018 2021-2023
KY,Lebanon,municipality,annual,7,,2002 2006 2011
KY,Lebanon Junction,municipality,annual,7,,2001-2003
KY,Lebanon Junction City,municipality,annual,7,,1999
KY,Leitchfield,municipality,annual,7,,1998 2007 2012-2013 2020-2021 2023
KY,Lewisport,municipality,annual,7,,1998-1999 2005
KY,Liberty,municipality,annual,7,,2002 2006-2007 2009-2010 2012 2018 2025
KY,Livermore,municipality,annual,7,,2003-2009 2012-2013
KY,London,municipality,annual,7,,2003-2004 2006-2007 2013-2015
KY,Louisa,municipality,annual,7,,2002-2004 2007 2010 2012-2013
KY,Louisville,municipality,annual,7,,1998-2002
KY,Ludlow,municipality,annual,7,,2012
KY,Madisonville,municipality,annual,7,,2002-2012 2015-2016 2020 2022-2025
KY,Madisonville City,municipality,annual,7,,1998
KY,Manchester,municipality,annual,7,,2008-2010
KY,Marion,municipality,annual,7,,2003-2005
KY,Martin,municipality,annual,7,,2014
KY,Mayfield,municipality,annual,7,,2006 2009-2011
KY,Maysville,municipality,annual,7,,1998-2006 2011-2012 2014-2021
KY,Mccracken County,county,annual,7,,1998-1999 2001-2003 2006 2009
KY,Mckee,municipality,annual,7,,2005
KY,Melbourne,municipality,annual,7,,1998-1999
KY,Middlesboro,municipality,annual,7,,2021 2023
KY,Middlesborough,municipality,annual,7,,1998-1999 2003
KY,Midway,municipality,annual,7,,1998-1999 2001-2002 2004-2005
KY,Millersburg,municipality,annual,7,,1999 2001 2004
KY,Milton,municipality,annual,7,,2001
KY,Monticello,municipality,annual,7,,1998 2000 2003-2006 2014 2023
KY,Monticello City,municipality,annual,7,,1999
KY,Morehead,municipality,annual,7,,2000-2007 2009-2013 2015-2016 2018 2021-2024
KY,Morganfield,municipality,annual,7,,2017-2018 2021 2024
KY,Morgantown,municipality,annual,7,,2011
KY,Mount Sterling,municipality,annual,7,,2000 2012-2013 2020-2021 2023-2024
KY,Mount Washington,municipality,annual,7,,2020
KY,Mt Sterling,municipality,annual,7,,2001
KY,Mt Washington,municipality,annual,7,,2011
KY,Mt. Sterling,municipality,annual,7,,2003-2004 2006
KY,Mt. Vernon,municipality,annual,7,,2000 2008-2009
KY,Mt. Washington,municipality,annual,7,,2023-2024
KY,Muldraugh,municipality,annual,7,,2022-2023
KY,Munfordville,municipality,annual,7,,1998-1999
KY,Murray,municipality,annual,7,,2001-2004 2006 2009 2011 2013-2023
KY,Murray City,municipality,annual,7,,1999
KY,New Castle,municipality,annual,7,,2003
KY,New Haven,municipality,annual,7,,2017
KY,New Haven City,municipality,annual,7,,1998
KY,Newport,municipality,annual,7,,1999-2000 2002-2004 2011-2014 2017 2020-2022 2024
KY,Newport City,municipality,annual,7,,1998
KY,Nicholasville,municipality,annual,7,,1998-2001 2007-2010 2014-2015 2020 2023-2025
KY,North Middletown,municipality,annual,7,,2012-2013
KY,Oak Grove,municipality,annual,7,,2002 2005
KY,Olive Hill,municipality,annual,7,,2000 2003 2009 2014
KY,Owensboro,municipality,annual,7,,1999-2025
KY,Owensboro City,municipality,annual,7,,1998
KY,Owingsville,municipality,annual,7,,2004 2009-2010 2012 2015
KY,Paducah,municipality,annual,7,,1998 2000-2025
KY,Paducah City,municipality,annual,7,,1999
KY,Paintsville,municipality,annual,7,,2001-2006 2009-2015 2018-2019 2021-2023
KY,Paris,municipality,annual,7,,1998-2001 2005-2006 2009 2011 2015 2022-2023
KY,Park City,municipality,annual,7,,2017
KY,Pikeville,municipality,annual,7,,1999-2006 2010-2015 2017-2025
KY,Pikeville City,municipality,annual,7,,1998
KY,Pikeville Economic And Industrial Development Co,municipality,annual,7,,2022
KY,Pineville,municipality,annual,7,,2017 2025
KY,Porvidence,municipality,annual,7,,2003
KY,Powderly,municipality,annual,7,,2002-2003
KY,Prestonsburg,municipality,annual,7,,2021
KY,Princeton,municipality,annual,7,,2002 2005 2009-2010 2014 2022-2023
KY,Radcliff,municipality,annual,7,,1999 2006 2010 2012 2017-2018 2020-2021 2023-2024
KY,Richmond,municipality,annual,7,,1998 2000-2021 2023-2025
KY,Rockcastle County,county,annual,7,,1998
KY,Rowan County,county,annual,7,,2007
KY,Russell,municipality,annual,7,,2013 2021-2022
KY,Russell Springs,municipality,annual,7,,2002 2005
KY,Russell Springs City,municipality,annual,7,,1998
KY,Russellville,municipality,annual,7,,1999-2000 2011
KY,Sacramento,municipality,annual,7,,2011
KY,Sadieville,municipality,annual,7,,2009
KY,Saint Matthews,municipality,annual,7,,2023
KY,Salyerville,municipality,annual,7,,2006
KY,Scottsville,municipality,annual,7,,2000 2023-2025
KY,Sebree,municipality,annual,7,,2022
KY,Sharpsburg,municipality,annual,7,,2014
KY,Shelbyville,municipality,annual,7,,1999-2000 2020 2024
KY,Shepherdsville,municipality,annual,7,,2021 2023-2025
KY,Shively,municipality,annual,7,,2020-2021 2023
KY,Somerset,municipality,annual,7,,1999-2006 2008-2009 2012-2016 2020-2025
KY,South Shore,municipality,annual,7,,2000-2003 2009 2015 2023 2025
KY,Sparta,municipality,annual,7,,2002
KY,Springfield,municipality,annual,7,,1998-1999 2004 2006 2009-2010 2014-2015 2017 2023
KY,St. Matthews,municipality,annual,7,,2020
KY,Stamping Ground,municipality,annual,7,,2000-2001
KY,Stanford,municipality,annual,7,,1999-2001 2012 2019-2020
KY,Stanton,municipality,annual,7,,1999 2001 2013 2020
KY,Sturgis,municipality,annual,7,,2009 2014
KY,Taylorsville,municipality,annual,7,,1999-2002 2004-2005 2012
KY,Tompkinsville,municipality,annual,7,,1999-2002 2015
KY,Uniontown,municipality,annual,7,,1998 2012
KY,Vanceburg,municipality,annual,7,,2012-2014 2023
KY,Vanceburg City,municipality,annual,7,,1998
KY,Versailles,municipality,annual,7,,2011-2012 2021-2025
KY,Warren County,county,annual,7,,1998 2002
KY,Warsaw,municipality,annual,7,,2009-2011
KY,Wayland,municipality,annual,7,,1998
KY,West Liberty,municipality,annual,7,,2002-2003 2006-2008 2012-2015 2024
KY,West Point,municipality,annual,7,,1998
KY,White Plains,municipality,annual,7,,1999-2003
KY,Whitesburg,municipality,annual,7,,1998-1999 2001 2004 2020
KY,Whitley County,county,annual,7,,1999
KY,Wickliffe,municipality,annual,7,,2001-2002
KY,Williamsburg,municipality,annual,7,,2002-2005
KY,Williamstown,municipality,annual,7,,2003 2010 2012 2017-2018
KY,Wilmore,municipality,annual,7,,2000-2003 2005 2012-2013 2017-2018
KY,Wilmore City,municipality,annual,7,,1998-1999
KY,Winchester,municipality,annual,7,,1998 2001 2003 2005-2013 2016-2017 2020-2021 2023-2025
KY,Wingo,municipality,annual,7,,2004-2005
KY,Worthville,municipality,annual,7,,1999
KY,Wurtland,municipality,annual,7,,2001-2003
LA,Abbeville,municipality,annual,1,,1998-1999 2001-2006 2008-2010 2012 2014 2016 2019 2021-2024
LA,Abita Springs,municipality,annual,1,,2005-2006 2021 2025
LA,Addis,municipality,annual,1,,2011
LA,Albany,municipality,annual,7,,2010-2012 2019 2022
LA,Alexandria,municipality,annual,5,,1998-2025
LA,Amite City,municipality,annual,7,,2004 2006 2011-2012 2024-2025
LA,Arcadia,municipality,annual,1,,2010
LA,Arnaudville,municipality,annual,7,,2010 2016
LA,Ascension Parish,county,annual,1,,1998-2018
LA,Baker,municipality,annual,7,,2012-2014 2022-2025
LA,Baldwin,municipality,annual,7,,2002-2003 2009
LA,Ball,municipality,annual,1,,2003 2010
LA,Ball,municipality,annual,7,,2024-2025
LA,Basile,municipality,annual,7,,1999 2025
LA,Bastrop,municipality,annual,7,,2000-2002 2004-2006 2008-2014 2021 2023
LA,Bastrop City,municipality,annual,7,,1998
LA,Benton,municipality,annual,1,,2001 2012 2024
LA,Bernice,municipality,annual,1,,2011-2012 2023
LA,Berwick,municipality,annual,10,,1999 2003 2020 2023 2025
LA,Blanchard,municipality,annual,7,,2010-2011 2013-2015 2021 2023 2025
LA,Bogalusa,municipality,annual,1,,1998-2003 2005-2006 2008-2012 2015-2018 2020-2022
LA,Bonita,municipality,annual,7,,1999 2013
LA,Bossier City,municipality,annual,1,,1998-2024
LA,Boyce,municipality,annual,6,,2001 2003 2010 2013-2014
LA,Breaux Bridge,municipality,annual,7,,2012 2015 2019 2023-2025
LA,Breaux Bridge City,municipality,annual,7,,1999
LA,Broussard,municipality,annual,7,,1999 2002-2003 2006 2012 2015 2023
LA,Bunkie,municipality,annual,7,,2000 2009 2025
LA,Caddo Parish,county,annual,1,,2007
LA,Campti,municipality,annual,7,,2001
LA,Carencro,municipality,annual,12,,2003 2010-2011 2016-2020 2023-2024
LA,Central,municipality,annual,7,,2009 2017 2021-2022 2025
LA,Chataignier,municipality,annual,7,,2019
LA,Chatham,municipality,annual,7,,1998 2024
LA,Church Point,municipality,annual,10,,2001 2003 2022 2025
LA,Clarks,municipality,annual,7,,2002 2009
LA,Clayton,municipality,annual,7,,1999 2001 2011 2024
LA,Clinton,municipality,annual,1,,2015
LA,Colfax,municipality,annual,7,,1998 2007 2010 2025
LA,Collinston,municipality,annual,1,,2000-2001
LA,Columbia,municipality,annual,7,,1998 2003
LA,Cotton Valley,municipality,annual,1,,2000-2008
LA,Cottonport,municipality,annual,7,,1998 2001 2025
LA,Coushatta,municipality,annual,1,,2003
LA,Covington,municipality,annual,1,,1998-2002 2005-2006 2011-2012 2022-2023
LA,Covington,municipality,annual,7,,2007
LA,Crowley,municipality,annual,9,,1999-2000 2004-2005 2007-2010 2015 2017-2018 2023-2024
LA,Cullen,municipality,annual,7,,1998-1999 2010
LA,De Ridder,municipality,annual,10,,2000
LA,Delcambre,municipality,annual,5,,2007 2009-2010 2012 2019-2020
LA,Delhi,municipality,annual,7,,2024
LA,Delhi,municipality,annual,10,,1998 2007 2010-2011 2013-2015
LA,Denham Springs,municipality,annual,7,,1998-2000 2006 2009 2011-2012 2017-2025
LA,Dequincy,municipality,annual,10,,2000 2002-2003 2010-2012 2020-2021
LA,Deridder,municipality,annual,10,,2003-2004 2013 2020-2024
LA,Deridder City,municipality,annual,10,,1998
LA,Dixie Inn,municipality,annual,7,,1999 2003
LA,Dodson,municipality,annual,7,,2025
LA,Donaldsonville,municipality,annual,7,,2000-2015 2017-2025
LA,Donaldsonville City,municipality,annual,7,,1998-1999
LA,Dry Prong,municipality,annual,7,,2000
LA,Duson,municipality,annual,1,,1998-1999 2001 2003-2004 2008
LA,Duson Town Hall,municipality,annual,1,,2025
LA,East Hodge,municipality,annual,7,,1998
LA,Elizabeth,municipality,annual,7,,2018
LA,Elton,municipality,annual,1,,2003
LA,Epps,municipality,annual,1,,2000
LA,Erath,municipality,annual,7,,1998 2002 2016-2017
LA,Eros,municipality,annual,1,,2004
LA,Estherwood,municipality,annual,7,,2015
LA,Eunice,municipality,annual,7,,1998-2000 2005-2006 2008 2010 2014 2016 2021 2023-2025
LA,Farmerville,municipality,annual,7,,2012 2015-2016 2018 2021-2022 2024
LA,Fenton,municipality,annual,6,,2000
LA,Ferriday,municipality,annual,7,,2001-2006 2011 2014-2017
LA,Ferriday Town,municipality,annual,7,,2000
LA,Florien,municipality,annual,10,,1998 2001
LA,Folsom,municipality,annual,7,,1999 2003
LA,Forest Hill,municipality,annual,7,,1999-2000 2013
LA,Franklin,municipality,annual,5,,1998-2004 2006 2009-2013 2022-2024
LA,Franklinton,municipality,annual,11,,2000-2004 2006 2009 2018-2019
LA,Gibsland,municipality,annual,7,,2002
LA,Gilbert,municipality,annual,7,,1999-2000
LA,Golden Meadow,municipality,annual,1,,2006 2010 2014 2016-2020 2023-2024
LA,Gonzales,municipality,annual,6,,2012 2015-2016 2018-2022
LA,Grambling,municipality,annual,1,,2010 2024
LA,Gramercy,municipality,annual,7,,2008-2010 2014 2016 2022
LA,Grand Coteau,municipality,annual,7,,2008
LA,Grand Isle,municipality,annual,7,,2000-2003 2006-2014 2022
LA,Greenwood,municipality,annual,7,,1999-2002 2016-2017
LA,Gretna,municipality,annual,4,,2001-2003 2007-2024
LA,Gretna City,municipality,annual,4,,1998 2000
LA,Grosse Tete,municipality,annual,1,,2011-2012
LA,Gueydan,municipality,annual,1,,2000 2011
LA,Hammond,municipality,annual,7,,1998-2003 2005-2020 2022-2025
LA,Harahan,municipality,annual,1,,2006 2012 2020 2022-2024
LA,Harrisonburg,municipality,annual,7,,1999-2001 2009 2023-2025
LA,Haughton,municipality,annual,1,,2013 2021-2022 2024
LA,Haynesville,municipality,annual,7,,1999
LA,Haynesville,municipality,biennial,,,2004
LA,Heflin,municipality,annual,1,,1998 2000
LA,Henderson,municipality,annual,7,,2006-2007 2025
LA,Hessmer,municipality,annual,9,,2008
LA,Homer,municipality,annual,1,,2019-2020
LA,Homer,municipality,annual,7,,1998-1999 2002
LA,Homer,municipality,other,,9,2003
LA,Hornbeck,municipality,annual,7,,2023
LA,Ida,municipality,annual,1,,2010
LA,Independence,municipality,annual,7,,2002 2012 2015-2016
LA,Independence Town,municipality,annual,7,,1998
LA,Iota,municipality,annual,7,,1998 2001 2014
LA,Iowa,municipality,annual,7,,1999 2001 2005 2009 2011 2022-2023
LA,Iowa Town,municipality,annual,7,,1998
LA,Jackson,municipality,annual,10,,2005 2024
LA,Jean Lafitte,municipality,annual,7,,2006 2009-2016 2019-2020 2023
LA,Jeanerette,municipality,annual,7,,2005-2006 2010-2011 2016-2021 2024
LA,Jefferson Parish,county,annual,1,,1998-2004 2006-2024
LA,Jena,municipality,annual,1,,1998 2019
LA,Jennings,municipality,annual,7,,2002 2010 2013
LA,Jonesboro,municipality,annual,7,,2004 2008 2011 2023-2024
LA,Jonesville,municipality,annual,7,,2002 2006-2007 2009 2012-2015
LA,Kaplan,municipality,annual,7,,2000 2005-2006 2009 2015 2024-2025
LA,Kenner,municipality,annual,7,,1999-2025
LA,Kenner City,municipality,annual,7,,1998
LA,Kentwood,municipality,annual,1,,1998 2000-2002 2010-2012
LA,Killian,municipality,biennial,,,1999
LA,Kinder,municipality,annual,7,,2001 2008 2011-2012 2021 2023-2024
LA,Lafourche Parish,county,annual,1,,2003-2005
LA,Lake Arthur,municipality,annual,8,,2005-2006 2025
LA,Lake Charles,municipality,annual,10,,1998-2025
LA,Lake Providence,municipality,annual,7,,2000 2003-2006 2008 2010 2013 2015
LA,Lecompte,municipality,annual,7,,1999 2003
LA,Leesville,municipality,annual,7,,1998-1999 2003 2005-2006 2011-2012 2014-2015 2018-2023
LA,Leonville,municipality,annual,7,,2000 2014 2016
LA,Lisbon,municipality,annual,1,,2023-2024
LA,Livingston,municipality,annual,1,,1998 2007 2014 2022
LA,Livonia,municipality,annual,1,,2010 2012-2013
LA,Lockport,municipality,annual,7,,2012-2013 2015
LA,Logansport,municipality,annual,1,,2012
LA,Loreauville,municipality,annual,7,,2004 2013
LA,Lutcher,municipality,annual,5,,2014-2015 2023
LA,Madisionville,municipality,annual,7,,2023
LA,Mamou,municipality,annual,1,,2009-2010 2021-2022
LA,Mandeville,municipality,annual,9,,1999-2004 2006-2015 2019 2023-2024
LA,Mangham,municipality,annual,7,,2009
LA,Mansfield,municipality,annual,1,,1998 2002 2007 2009-2013 2020 2022
LA,Mansura,municipality,annual,7,,2014 2024-2025
LA,Many,municipality,annual,7,,2000 2004 2009 2015 2021
LA,Maringouin,municipality,annual,10,,1999 2001 2006
LA,Marion,municipality,annual,1,,2011-2012 2019 2023-2024
LA,Marksville,municipality,annual,7,,2008 2022-2023
LA,Maurice,municipality,annual,7,,2008 2011-2012 2019-2021 2025
LA,Mcnary,municipality,annual,7,,2000
LA,Melville,municipality,annual,10,,1999 2002
LA,Mer Rouge,municipality,annual,1,,2003
LA,Mermentau,municipality,annual,7,,2015
LA,Merryville,municipality,annual,7,,2000
LA,Minden,municipality,annual,10,,1998-1999 2002-2003 2005 2009-2010 2013 2018-2019 2024-2025
LA,Monroe,municipality,annual,5,,1998-2005 2007-2025
LA,Montgomery,municipality,annual,8,,2002
LA,Moreauville,municipality,annual,7,,2003
LA,Morgan City,municipality,annual,1,,1998 2005 2007-2012 2015 2022 2024-2025
LA,Morganza,municipality,annual,7,,1999 2003
LA,Napoleonville,municipality,annual,1,,2002 2013
LA,Natchitoches,municipality,annual,6,,1998-1999 2002-2006 2008-2016 2018 2021-2023
LA,New Iberia,municipality,annual,11,,1998-2025
LA,New Llano,municipality,annual,7,,1999
LA,New Orleans,municipality,annual,1,,1998-1999 2001-2025
LA,New Roads,municipality,annual,1,,2004 2009-2012 2024-2025
LA,Newellton,municipality,annual,7,,2000-2001 2003
LA,Newellton Town,municipality,annual,7,,1998
LA,North Hodge,municipality,annual,10,,1999
LA,Oak Grove,municipality,annual,7,,1998-2000 2019
LA,Oakdale,municipality,annual,7,,2002-2003 2006-2007 2011-2012 2021-2024
LA,Oberlin,municipality,annual,7,,2002-2003 2006 2008 2011 2019-2020 2024-2025
LA,Oil City,municipality,annual,1,,2002 2006 2012
LA,Ol,municipality,annual,7,,2013 2021 2024
LA,Opelousas,municipality,annual,9,,1998-2004 2006-2007 2009-2011 2013-2014 2020 2022-2025
LA,Palmetto,municipality,annual,8,,2005-2006
LA,Parks,municipality,annual,7,,1999
LA,Pearl River,municipality,annual,1,,1999 2009 2012-2013 2019
LA,Pine Prairie,municipality,annual,1,,2008
LA,Pineville,municipality,annual,7,,1998-1999 2002 2006-2007 2010-2014 2019-2025
LA,Plaquemine,municipality,annual,11,,1998-2016 2018 2024
LA,Plaucheville,municipality,annual,7,,1998 2003
LA,Pleasant Hill,municipality,annual,1,,2001
LA,Pollock,municipality,annual,1,,1999-2000
LA,Ponchatou,municipality,annual,7,,1998-1999 2006 2010 2017 2020-2021 2025
LA,Rayne,municipality,annual,10,,1999-2000 2003-2006 2009-2010 2021-2022 2024-2025
LA,Rayville,municipality,annual,7,,1999-2007 2010-2016
LA,Reeves,municipality,annual,7,,2012
LA,Ringgold,municipality,annual,1,,1998
LA,Rosedale,municipality,annual,1,,2009 2012
LA,Roseland,municipality,annual,1,,2002
LA,Rosepine,municipality,annual,7,,1999 2025
LA,Ruston,municipality,annual,10,,1998 2001-2011 2013-2025
LA,Ruston Lousiana,municipality,annual,10,,1999
LA,Saint Charles Parish,county,annual,1,,1998-1999
LA,Saline,municipality,annual,7,,2000
LA,Sarepta,municipality,annual,7,,1999
LA,Scott,municipality,annual,7,,2014 2020 2022-2025
LA,Shreveport,municipality,annual,1,,1999-2024
LA,Shreveport City,municipality,annual,1,,1998
LA,Sibley,municipality,annual,7,,1999-2003 2005 2025
LA,Sibley,municipality,other,,18,1998
LA,Sicily Island,municipality,annual,7,,2001
LA,Sikes,municipality,annual,7,,2001
LA,Simmesport,municipality,annual,7,,1998
LA,Simsboro,municipality,annual,7,,2000 2004 2024-2025
LA,Slaughter,municipality,annual,7,,2008-2009
LA,Slidell,municipality,annual,7,,1998-2025
LA,Sorrento,municipality,annual,7,,2005
LA,South Mansfield,municipality,annual,7,,1998
LA,Springfield,municipality,annual,7,,2004-2005
LA,Springhill,municipality,annual,7,,1999 2002-2003 2006-2009 2014-2017 2024-2025
LA,Springhill City,municipality,annual,7,,1998
LA,St Bernard Parish,county,annual,1,,2000
LA,St Charles Parish,county,annual,1,,2025
LA,St Gabriel,municipality,annual,7,,2000
LA,St Martinville,municipality,annual,7,,1999
LA,St Tammany Parish,county,annual,1,,2000
LA,St. Charles Parish,county,annual,1,,2000-2017 2019
LA,St. Francisville,municipality,annual,7,,2024-2025
LA,St. Francisville,municipality,annual,9,,2012
LA,St. Gabriel,municipality,annual,7,,2001-2002 2004 2012 2014-2015 2017-2018
LA,St. James Parish,county,annual,1,,2005-2025
LA,St. Joseph,municipality,annual,7,,2001
LA,St. Martinville,municipality,annual,7,,1998 2001 2003-2005 2009-2011 2013 2017-2018 2020 2022 2025
LA,St. Tammany Parish,county,annual,1,,2001-2004 2006-2024
LA,St.Gabriel,municipality,annual,7,,2013 2020
LA,Sterlington,municipality,annual,1,,2010-2011
LA,Sulphur,municipality,annual,7,,1998-1999 2006 2009-2011 2013 2021-2025
LA,Sunset,municipality,annual,7,,2011 2023 2025
LA,Tallulah,municipality,annual,7,,1998-1999 2001-2003 2005-2008 2010 2014 2016-2017 2024
LA,Tangipahoa,municipality,annual,7,,2002
LA,Thibodaux,municipality,annual,1,,1998 2000-2025
LA,Tickfaw,municipality,annual,7,,2001
LA,Tullos,municipality,annual,7,,2002 2007
LA,Urania,municipality,annual,7,,2003 2010
LA,Vidalia,municipality,annual,7,,1998-1999 2002 2006 2008-2009 2011-2012 2015-2017
LA,Ville Platte,municipality,annual,7,,2000-2004 2006-2018 2020-2025
LA,Ville Platte Town,municipality,annual,7,,1999
LA,Vinton,municipality,annual,10,,2010-2011 2023
LA,Vivian,municipality,annual,7,,2000 2005 2008-2009 2012 2017 2023 2025
LA,Walker,municipality,annual,1,,2002 2008 2010-2012 2016-2017 2019-2020 2022-2024
LA,Walker New City Hall,municipality,annual,1,,2025
LA,Washington,municipality,annual,7,,2003 2008 2010
LA,Waterproof,municipality,annual,7,,2000-2003
LA,Waterproof Town,municipality,annual,7,,1999
LA,Welsh,municipality,annual,6,,1998-1999 2001 2003 2006 2022
LA,West Monroe,municipality,annual,7,,1998-2025
LA,Westlake,municipality,annual,7,,2000-2001 2003-2004 2008-2014 2016-2018 2023-2024
LA,Westwego,municipality,annual,1,,2005-2006 2008-2009 2013 2015-2016 2020-2021 2024
LA,White Castle,municipality,annual,10,,2011
LA,Wilson,municipality,annual,7,,1998
LA,Winnfield,municipality,annual,7,,1998 2004-2005 2010-2014 2025
LA,Winnsboro,municipality,annual,7,,2005-2007 2010-2011 2013 2023
LA,Wisner,municipality,annual,7,,1998-2000 2013
LA,Woodworth,municipality,annual,6,,2010
LA,Woodworth,municipality,annual,7,,2012
LA,Youngsville,municipality,annual,7,,1998 2003-2004 2011 2017 2021-2025
LA,Zachary,municipality,annual,7,,2009 2012-2015 2018
LA,Zachary,municipality,annual,11,,1998
LA,Zwolle,municipality,annual,6,,2000-2001
ME,Acton,municipality,annual,7,,2023
ME,Andover,municipality,annual,1,,1999
ME,Androscoggin County,county,annual,1,,2005-2007
ME,Anson,municipality,annual,1,,2002
ME,Aroostook County,county,annual,1,,2000-2012 2020-2024
ME,Aroostook County,county,annual,7,,2024
ME,Arrowsic,municipality,annual,7,,2024
ME,Ashland,municipality,annual,1,,2014 2018 2021
ME,Auburn,municipality,annual,7,,1998-2024
ME,Augusta,municipality,annual,7,,1998-2000 2002-2004 2006-2024
ME,Baileyville,municipality,annual,7,,2024
ME,Bangor,municipality,annual,7,,1998-2024
ME,Bar Harbor,municipality,annual,7,,1998 2000-2001 2005 2012-2013 2021-2025
ME,Bath,municipality,annual,7,,1998-2012 2014 2018-2025
ME,Beals,municipality,annual,1,,2003
ME,Belfast,municipality,annual,7,,1998 2002 2005 2007 2010-2013 2015-2017 2019-2022
ME,Berwick,municipality,annual,7,,1999 2017 2024-2025
ME,Biddeford,municipality,annual,7,,1998-2001 2003-2023
ME,Blue Hill,municipality,annual,1,,1999-2000 2002 2008 2010-2012 2021
ME,Boothbay,municipality,annual,7,,1998 2010
ME,Brewer,municipality,annual,7,,1998-2025
ME,Bridgton,municipality,annual,7,,2000 2020-2024
ME,Brownville,municipality,annual,1,,2010 2017 2025
ME,Brownville,municipality,annual,7,,1999
ME,Brunswick,municipality,annual,7,,1999-2025
ME,Brunswick Town,municipality,annual,7,,1998
ME,Bucksport,municipality,annual,7,,1998-2011 2017
ME,Calais,municipality,annual,7,,1999-2001 2003-2024
ME,Calais City,municipality,annual,7,,1998
ME,Camden,municipality,annual,7,,2020-2025
ME,Canton,municipality,annual,1,,2005-2007
ME,Cape Elizabeth,municipality,annual,7,,1998 2001-2015 2021-2025
ME,Caribou,municipality,annual,1,,1998-2024
ME,Chelsea,municipality,annual,1,,1998-1999
ME,Corinna,municipality,annual,1,,2001-2002 2023-2024
ME,Cornish,municipality,annual,2,,1998-2000
ME,Cumberland County,county,annual,1,,1998-2003 2005-2022
ME,Cumberland County,county,annual,7,,2023-2025
ME,Damariscotta,municipality,annual,1,,1999
ME,Dedham,municipality,annual,7,,2021
ME,Dexter,municipality,annual,7,,2009-2011 2014
ME,Dixfield,municipality,annual,7,,1998
ME,Dover Foxcroft Town,municipality,annual,7,,2000
ME,Dover-Foxcroft,municipality,annual,7,,2001-2002 2008 2010-2015
ME,Durham,municipality,annual,1,,2001
ME,Eagle Lake,municipality,annual,7,,2016
ME,East Machias,municipality,annual,7,,2021
ME,East Millinocket,municipality,annual,7,,2001-2004 2017 2019-2025
ME,Eastport,municipality,annual,7,,1999-2006 2008-2015 2021-2024
ME,Eastport City,municipality,annual,7,,1998
ME,Eliot,municipality,annual,7,,2019
ME,Ellsworth,municipality,annual,7,,1999-2003 2005 2007-2024
ME,Ellsworth City,municipality,annual,7,,1998
ME,Eustis,municipality,annual,1,,2001
ME,Fairfield,municipality,annual,7,,2001 2010
ME,Falmouth,municipality,annual,7,,2000 2002-2004 2006-2016 2018 2020-2025
ME,Falmouth Town,municipality,annual,7,,1998 2001
ME,Farmington,municipality,annual,1,,2011 2013
ME,Fort Fairfield,municipality,annual,7,,2000 2002-2003 2005 2023
ME,Fort Fairfield Town,municipality,annual,7,,1998-1999
ME,Franklin,municipality,annual,3,,2011
ME,Franklin County,county,annual,1,,2000-2001
ME,Freeport,municipality,annual,7,,2000-2009
ME,Freeport Town,municipality,annual,7,,1998-1999
ME,Fryeburg,municipality,annual,7,,2025
ME,Gardiner,municipality,annual,7,,2000-2001 2003-2013 2015-2017 2021-2023 2025
ME,Gardiner City,municipality,annual,7,,1998-1999
ME,Glenburn,municipality,annual,7,,1999 2003 2023
ME,Gorham,municipality,annual,7,,1998-2016 2018-2024
ME,Gouldsboro,municipality,annual,7,,2012
ME,Greenbush,municipality,annual,7,,2011 2021
ME,Greene,municipality,annual,7,,2025
ME,Greenville,municipality,annual,7,,2010-2013 2017-2019
ME,Hampden,municipality,annual,7,,2010
ME,Hancock,municipality,annual,7,,2021-2022
ME,Hancock County,county,annual,1,,2001-2015 2019-2024
ME,Hartland,municipality,annual,1,,1999 2005-2006
ME,Hartland,municipality,annual,7,,2011-2012 2019-2025
ME,Hermon,municipality,annual,7,,2003 2006-2015 2017 2021-2025
ME,Hiram,municipality,annual,1,,2007
ME,Houlton,municipality,annual,1,,1999-2000 2005-2006 2009 2012 2020-2021 2023
ME,Howland,municipality,annual,1,,2007
ME,Jay,municipality,annual,7,,1998-1999 2001-2003 2006-2011 2020-2021 2025
ME,Jefferson,municipality,annual,1,,2002-2003
ME,Jonesport,municipality,annual,7,,1998 2001-2003 2006 2011
ME,Kenebunkport,municipality,annual,7,,2025
ME,Kennebec County,county,annual,7,,2011-2012 2022-2025
ME,Kennebunk,municipality,annual,7,,1998 2009 2012
ME,Kennebunkport,municipality,annual,7,,2018 2022-2024
ME,Kittery,municipality,annual,7,,1998-2005 2007-2024
ME,Kittery Town Hall,municipality,annual,7,,2025
ME,Knox County,county,annual,1,,2002-2013 2015-2025
ME,Lewiston,municipality,annual,7,,2000-2025
ME,Lewiston City,municipality,annual,7,,1998-1999
ME,Limerick,municipality,annual,1,,1999-2000
ME,Limestone,municipality,annual,7,,1998-2005 2010-2011 2017 2021-2022 2024
ME,Lincolnville,municipality,annual,7,,2021
ME,Lisbon,municipality,annual,7,,1998-2024
ME,Livermore Falls,municipality,annual,7,,2000 2021-2024
ME,Lubec,municipality,annual,7,,1998-2000
ME,Machias,municipality,annual,7,,1998 2001-2023
ME,Machiasport,municipality,annual,7,,1998 2010
ME,Madawaska,municipality,annual,7,,1998-2011 2014-2016 2020-2025
ME,Madison,municipality,annual,7,,2001
ME,Mapleton,municipality,annual,1,,2002
ME,Mars Hill,municipality,annual,2,,1998 2001
ME,Mechanic Falls,municipality,annual,7,,1998-2003
ME,Milbridge,municipality,annual,7,,2005 2010-2011
ME,Milford,municipality,annual,7,,1999-2002
ME,Millinocket,municipality,annual,7,,1999-2024
ME,Millinocket Town,municipality,annual,7,,1998
ME,Milo,municipality,annual,1,,2000 2010 2013 2025
ME,Monmouth,municipality,annual,7,,1998 2001-2002 2007 2009
ME,Monson,municipality,annual,2,,2001
ME,Mount Desert,municipality,annual,7,,2017
ME,New Portland,municipality,annual,1,,2001
ME,Newport,municipality,annual,1,,2000-2001
ME,Norridgewock,municipality,annual,1,,1999 2004 2006
ME,Norway,municipality,annual,7,,2004 2006 2011-2012 2021 2023
ME,Norway Town,municipality,annual,7,,1998
ME,Oakland,municipality,annual,7,,2001 2003
ME,Old Orchard Beach,municipality,annual,7,,1998-2005 2007-2009 2022 2024-2025
ME,Old Orchard Beach Town Hall,municipality,annual,7,,2024
ME,Old Town,municipality,annual,7,,1998-2010 2014 2016 2018 2024
ME,Orland,municipality,annual,1,,1998 2000-2001
ME,Orono,municipality,annual,7,,1998-2009
ME,Orrington,municipality,annual,7,,2003 2021-2022 2024
ME,Oxford,municipality,annual,7,,2015-2018
ME,Oxford County,county,annual,1,,2020 2024
ME,Paris,municipality,annual,7,,2003 2008 2011
ME,Penobscot County,county,annual,1,,2006 2010 2015-2020 2022-2024
ME,Phillips,municipality,annual,2,,2001
ME,Pittsfield,municipality,annual,1,,2003-2006 2009-2013 2016 2023
ME,Pittsfield Town,municipality,annual,1,,1999
ME,Poland,municipality,annual,7,,1998 2000 2002-2005
ME,Portage Lake,municipality,annual,1,,1999
ME,Portland,municipality,annual,7,,1998-2025
ME,Presque Isle,municipality,annual,1,,1998-2003 2005-2024
ME,Princeton,municipality,annual,7,,2010 2014 2018
ME,Randolph,municipality,annual,7,,2011
ME,Rangeley,municipality,annual,7,,1998-2000 2012 2019-2020
ME,Raymond,municipality,annual,7,,2003 2009
ME,Readfield,municipality,annual,7,,2003
ME,Richmond,municipality,annual,7,,2001-2003 2006-2007 2009-2010
ME,Rockland,municipality,annual,7,,2003 2005-2019 2021-2025
ME,Rumford,municipality,annual,7,,2019
ME,Saco,municipality,annual,7,,1998-2000 2002-2009 2015-2024
ME,Sanford,municipality,annual,7,,1998-2025
ME,Scarborough,municipality,annual,7,,1998-2024
ME,Searsport,municipality,annual,1,,2002 2006-2007 2022
ME,Skowhegan,municipality,annual,7,,2009 2014-2018
ME,Skowhegan,municipality,other,,18,2008
ME,South Berwick,municipality,annual,7,,1998
ME,South Portland,municipality,annual,7,,1998-2025
ME,Southwest Harbor,municipality,annual,7,,2004-2005 2013-2014
ME,Steuben,municipality,annual,1,,2002
ME,Stonington,municipality,annual,1,,2015
ME,Sweden,municipality,annual,1,,2025
ME,Thomaston,municipality,annual,7,,2007-2009 2012-2013 2015
ME,Thomaston Town,municipality,annual,7,,1998
ME,Topsham,municipality,annual,7,,2024
ME,Trenton,municipality,annual,7,,1998
ME,Van Buren,municipality,annual,7,,1999-2000 2002 2004 2006-2007 2009 2017 2023-2024
ME,Vassalboro,municipality,annual,7,,2011-2013 2019 2021
ME,Vinalhaven,municipality,annual,7,,2003-2004
ME,Waldoboro,municipality,annual,7,,2004-2006
ME,Washburn,municipality,annual,2,,2005-2006 2021
ME,Washington County,county,annual,1,,2006 2010
ME,Waterville,municipality,annual,7,,1998-2024
ME,West Bath,municipality,annual,7,,2002-2008 2011
ME,Westbrook,municipality,annual,7,,1998-1999 2001-2009 2014-2024
ME,Wilton,municipality,annual,7,,1998-1999 2002 2013-2014 2016
ME,Windham,municipality,annual,7,,1998 2000-2009 2025
ME,Windham,municipality,biennial,,,1999
ME,Winslow,municipality,annual,7,,1998-2017 2019-2024
ME,Winter Harbor,municipality,annual,7,,2001-2004
ME,Winter Harbor Town,municipality,annual,7,,1999
ME,Winthrop,municipality,annual,7,,1998-2000 2004-2011 2014-2015 2018-2019 2021-2025
ME,Wiscasset,municipality,annual,1,,1999 2001-2002
ME,Wiscasset,municipality,annual,7,,2019 2022-2025
ME,Yarmouth,municipality,annual,7,,1998-1999 2001 2003 2005-2015 2020-2025
ME,York,municipality,annual,7,,1998-2012 2014-2024
ME,York County,county,annual,1,,2006 2009-2011
ME,York County,county,annual,7,,2021-2025
MA,Abington,municipality,annual,7,,1998 2000-2006 2008-2024
MA,Acton,municipality,annual,7,,2002-2014 2021-2024
MA,Acushnet,municipality,annual,7,,1999 2001-2015 2021-2023
MA,Acushnet Town,municipality,annual,7,,2000
MA,Adams,municipality,annual,7,,1998-2001 2003-2006 2009 2011-2015 2019 2021-2025
MA,Agawam,municipality,annual,7,,1998-2025
MA,Amesbury,municipality,annual,7,,1999-2024
MA,Amherst,municipality,annual,7,,1999-2024
MA,Andover,municipality,annual,7,,1998-2008 2010-2024
MA,Arlington,municipality,annual,7,,1998-2025
MA,Ashburnham,municipality,annual,7,,1998 2007 2009 2013 2015
MA,Ashby,municipality,annual,7,,2002 2006 2010 2012-2013 2023
MA,Ashfield,municipality,annual,7,,2000 2007 2012
MA,Ashland,municipality,annual,7,,1999-2001 2003 2006-2023
MA,Ashland Town,municipality,annual,7,,1998
MA,Athol,municipality,annual,7,,1998-2000 2002 2004-2013 2016 2020-2025
MA,Attleboro,municipality,annual,7,,1998-2025
MA,Auburn,municipality,annual,7,,1998-2025
MA,Avon,municipality,annual,7,,2010-2014 2016-2017 2021-2025
MA,Ayer,municipality,annual,7,,1998-2015 2017 2020-2021 2023-2025
MA,Barnstable,municipality,annual,7,,1999-2024
MA,Barnstable County,county,annual,7,,1998-2025
MA,Barre,municipality,annual,7,,2002 2004-2006 2010
MA,Becket,municipality,annual,7,,2009 2013
MA,Bedford,municipality,annual,7,,1999-2025
MA,Bedford Town,municipality,annual,7,,1998
MA,Belchertown,municipality,annual,7,,1999-2024
MA,Belchertown Town,municipality,annual,7,,1998
MA,Bellingham,municipality,annual,7,,1998-1999 2001-2010 2012-2024
MA,Bellingham Mass,municipality,annual,7,,2000
MA,Bellinhgam,municipality,annual,7,,2011
MA,Belmont,municipality,annual,7,,1999-2001 2003-2025
MA,Belmont Town,municipality,annual,7,,1998
MA,Berkley,municipality,annual,7,,2003 2011 2021-2024
MA,Beverly,municipality,annual,7,,1998-2001 2003-2008 2010-2025
MA,Billerica,municipality,annual,7,,1998-1999 2001-2024
MA,Blackstone,municipality,annual,7,,2001 2007 2024-2025
MA,Blandford,municipality,annual,7,,2004-2007
MA,Boston,municipality,annual,7,,1998-2001 2003-2025
MA,Bourne,municipality,annual,7,,1998-2009 2011-2025
MA,Boxford,municipality,annual,7,,2005 2011 2015 2021-2023
MA,Boylston,municipality,annual,7,,2023-2024
MA,Braintree,municipality,annual,7,,1999-2023
MA,Braintree Town,municipality,annual,7,,1998
MA,Brewster,municipality,annual,7,,2010-2013 2021 2023-2025
MA,Bridgewater,municipality,annual,7,,2017-2018 2021-2025
MA,Brimfield,municipality,annual,7,,2007-2009 2012 2025
MA,Bristol County,county,annual,7,,2000-2002 2004-2014 2023-2025
MA,Brockton,municipality,annual,7,,1998-2001 2003-2021
MA,Brookfield,municipality,annual,7,,2006-2007 2009 2011 2020 2022-2024
MA,Brookline,municipality,annual,7,,1999-2024
MA,Buckland,municipality,annual,7,,2004 2009 2012-2013 2017 2024
MA,Burlington,municipality,annual,7,,1999-2025
MA,Burlington Town,municipality,annual,7,,1998
MA,Cambridge,municipality,annual,7,,1999-2025
MA,Canton,municipality,annual,7,,1998-2025
MA,Carlisle,municipality,annual,7,,2021-2025
MA,Carver,municipality,annual,7,,1998-2010 2012-2023
MA,Charlton,municipality,annual,7,,1999-2000 2010 2021-2022 2024-2025
MA,Charlton Town,municipality,annual,7,,1998
MA,Chatham,municipality,annual,7,,1999 2001-2002 2007-2015 2018 2020 2022
MA,Chatham Town,municipality,annual,7,,1998
MA,Chelmsford,municipality,annual,7,,1998-2025
MA,Chelsea,municipality,annual,7,,1998-2007 2009-2025
MA,Cheshire,municipality,annual,7,,1999 2013
MA,Chester,municipality,annual,7,,1998 2001-2006 2012 2024
MA,Chesterfield,municipality,annual,7,,1998 2002-2012 2015 2017-2025
MA,Chicopee,municipality,annual,7,,1998-2025
MA,Clinton,municipality,annual,7,,1998 2001 2008-2024
MA,Cohasset,municipality,annual,7,,2000 2002-2003 2009-2015 2020-2024
MA,Colrain,municipality,annual,7,,1999 2001-2002 2018
MA,Concord,municipality,annual,7,,2000-2024
MA,Conway,municipality,annual,7,,2012
MA,Cummington,municipality,annual,7,,1998-2005
MA,Dalton,municipality,annual,7,,2023-2024
MA,Danvers,municipality,annual,7,,1998-2025
MA,Dartmouth,municipality,annual,7,,1998-2024
MA,Dartmouth Town Hall,municipality,annual,7,,2025
MA,Dedham,municipality,annual,7,,1998-2000 2002 2004-2025
MA,Deerfield,municipality,annual,7,,2003 2010 2021-2025
MA,Dennis,municipality,annual,7,,2002-2006 2008-2011 2013-2015 2017-2023 2025
MA,Dighton,municipality,annual,7,,2023
MA,Douglas,municipality,annual,7,,1999-2000 2002 2006-2016 2021-2025
MA,Dover,municipality,annual,7,,2022
MA,Dracut,municipality,annual,7,,1999-2021 2023-2024
MA,Dracut Town,municipality,annual,7,,1998
MA,Dudley,municipality,annual,7,,2021-2025
MA,Dukes County,county,annual,7,,1999-2007 2009-2013 2015-2024
MA,Duxbury,municipality,annual,7,,1998-2024
MA,East Bridgewater,municipality,annual,7,,1998-2000 2003-2022 2024-2025
MA,East Bridgwater,municipality,annual,7,,2023
MA,East Brookfield,municipality,annual,7,,2025
MA,East Longmeadow,municipality,annual,7,,1998-2025
MA,Eastham,municipality,annual,7,,2000-2006 2017-2024
MA,Eastham Town,municipality,annual,7,,1998-1999
MA,Easthampton,municipality,annual,7,,1998-2025
MA,Easton,municipality,annual,7,,1999-2021
MA,Easton Town,municipality,annual,7,,1998
MA,Edgartown,municipality,annual,7,,2009-2025
MA,Egremont,municipality,annual,7,,1999-2002 2022-2024
MA,Enfield,municipality,annual,7,,2024
MA,Erving,municipality,annual,7,,2017 2024
MA,Essex,municipality,annual,7,,2007
MA,Essex County,county,annual,7,,1998
MA,Everett,municipality,annual,7,,1998-1999 2001-2003 2005-2024
MA,Fairhaven,municipality,annual,7,,1998-2025
MA,Fall River,municipality,annual,7,,1998-2025
MA,Falmouth,municipality,annual,7,,1998-2025
MA,Fitchburg,municipality,annual,7,,1998-2024
MA,Florida,municipality,annual,7,,2000
MA,Foxborough,municipality,annual,7,,1998 2000-2025
MA,Foxborough Mass,municipality,annual,7,,1999
MA,Framingham,municipality,annual,7,,1998-2024
MA,Franklin,municipality,annual,7,,1998-2005 2007-2025
MA,Freetown,municipality,annual,7,,2011-2013 2021 2025
MA,Gardner,municipality,annual,7,,1998-2025
MA,Georgetown,municipality,annual,7,,2000-2016 2019 2021-2024
MA,Gill,municipality,annual,7,,2000
MA,Gloucester,municipality,annual,7,,1998-2025
MA,Grafton,municipality,annual,7,,1998-2000 2002-2025
MA,Granby,municipality,annual,7,,2003-2015 2021 2023-2024
MA,Great Barrington,municipality,annual,7,,2017 2023-2024
MA,Greenfield,municipality,annual,7,,1998-2023
MA,Groton,municipality,annual,7,,2021-2024
MA,Groveland,municipality,annual,7,,2001
MA,Hadley,municipality,annual,7,,1999 2021-2022
MA,Halifax,municipality,annual,7,,2013 2016 2021
MA,Hamilton,municipality,annual,7,,2017 2023 2025
MA,Hampden,municipality,annual,7,,1998-2000
MA,Hanover,municipality,annual,7,,1999-2024
MA,Hanson,municipality,annual,7,,2021-2022
MA,Hardwick,municipality,annual,7,,1999-2003 2007 2009 2011-2012 2014 2024-2025
MA,Harvard,municipality,annual,7,,2009-2011 2021-2025
MA,Harwich,municipality,annual,7,,1998-2001 2006-2010 2016 2021
MA,Hatfield,municipality,annual,7,,2004 2022
MA,Haverhill,municipality,annual,7,,1999-2016 2018-2024
MA,Haverhill City,municipality,annual,7,,1998
MA,Hawley,municipality,annual,7,,2012
MA,Heath,municipality,annual,7,,2012
MA,Hingham,municipality,annual,7,,1999-2005 2007-2025
MA,Hinsdale,municipality,annual,7,,1999-2000 2003-2004
MA,Holbrook,municipality,annual,7,,1998-2023
MA,Holden,municipality,annual,7,,2009-2011 2024
MA,Holland,municipality,annual,7,,2012 2022 2024-2025
MA,Holliston,municipality,annual,7,,1998-1999 2001-2002 2005 2007-2016 2018-2024
MA,Holyoke,municipality,annual,1,,2025
MA,Holyoke,municipality,annual,7,,1998-2013 2015-2023
MA,Holyoke,municipality,annual,8,,2014
MA,Hopedale,municipality,annual,7,,2002-2003 2006 2009-2012 2021-2023
MA,Hopkinton,municipality,annual,7,,2001-2003 2005-2008 2010-2025
MA,Hudson,municipality,annual,7,,1998-2021
MA,Hull,municipality,annual,7,,1998-2003 2005-2011 2013 2015-2025
MA,Huntington,municipality,annual,7,,2002 2017 2024
MA,Ipswich,municipality,annual,7,,1998 2000-2022 2024
MA,Kingston,municipality,annual,7,,2009 2021 2023-2024
MA,Lakeville,municipality,annual,7,,2003 2010-2011 2022
MA,Lancaster,municipality,annual,7,,2006 2009 2013 2015
MA,Lanesborough,municipality,annual,7,,2003-2004 2007-2009
MA,Lawrence,municipality,annual,7,,1998-2025
MA,Lee,municipality,annual,7,,1998-2000 2002-2004 2006 2009-2015 2017 2020-2025
MA,Leicester,municipality,annual,7,,1998-2025
MA,Lenox,municipality,annual,7,,1998 2002-2003 2005-2006 2009-2012 2021-2025
MA,Leominster,municipality,annual,7,,1998-2025
MA,Lexington,municipality,annual,7,,1999-2000 2002-2021
MA,Lincoln,municipality,annual,7,,2002 2011 2014 2021-2025
MA,Littleton,municipality,annual,7,,2002-2004 2006 2008-2014 2021-2025
MA,Longmeadow,municipality,annual,7,,1998-2025
MA,Lowell,municipality,annual,7,,1998-1999 2001-2025
MA,Ludlow,municipality,annual,7,,1999-2018 2020
MA,Ludlow Town,municipality,annual,7,,1998
MA,Lunenburg,municipality,annual,7,,2001-2006 2008-2019 2021-2024
MA,Lynn,municipality,annual,7,,1998-2001 2005-2023
MA,Lynnfield,municipality,annual,7,,2001-2017 2019-2021 2023-2025
MA,Malden,municipality,annual,7,,1999-2025
MA,Malden City,municipality,annual,7,,1998
MA,Mansfield,municipality,annual,7,,1998-2025
MA,Marblehead,municipality,annual,7,,1998-2024
MA,Marion,municipality,annual,7,,2021
MA,Marlborough,municipality,annual,7,,1999-2000 2002-2025
MA,Marshfield,municipality,annual,7,,1998-2006 2008-2024
MA,Mashpee,municipality,annual,7,,1998-2000 2002-2025
MA,Mattapoisett,municipality,annual,7,,2021
MA,Maynard,municipality,annual,7,,1998-2006 2008-2025
MA,Medfield,municipality,annual,7,,2000-2025
MA,Medford,municipality,annual,7,,1998-2002 2004-2025
MA,Medway,municipality,annual,7,,1998-2002 2004-2025
MA,Melrose,municipality,annual,7,,1999-2000 2002-2025
MA,Mendon,municipality,annual,7,,2025
MA,Merrimac,municipality,annual,7,,2021-2023
MA,Methuen,municipality,annual,7,,1999-2024
MA,Middleborough,municipality,annual,7,,1998-2024
MA,Middlefield,municipality,annual,7,,2001
MA,Middleton,municipality,annual,7,,2011-2012 2021-2022 2024-2025
MA,Milford,municipality,annual,7,,1999-2025
MA,Milford Town,municipality,annual,7,,1998
MA,Millbury,municipality,annual,7,,1998-2000 2002-2025
MA,Millis,municipality,annual,7,,2003 2005 2009-2015 2021-2025
MA,Millville,municipality,annual,7,,2001-2003 2007
MA,Milton,municipality,annual,7,,1998-2025
MA,Monroe,municipality,annual,7,,2018
MA,Monson,municipality,annual,7,,1998-2024
MA,Montague,municipality,annual,7,,1999-2006 2008-2017 2020-2025
MA,Montague,municipality,annual,8,,2018
MA,Monterey,municipality,annual,7,,2001 2020-2021
MA,Nahant,municipality,annual,7,,2013 2021
MA,Nantucket,municipality,annual,7,,1998-2025
MA,Natick,municipality,annual,7,,1998-2007 2010-2016 2018-2024
MA,Needham,municipality,annual,7,,1999 2001-2002 2004-2006 2008-2024
MA,Needham Town,municipality,annual,7,,1998
MA,New Bedford,municipality,annual,4,,2016
MA,New Bedford,municipality,annual,7,,1998-2015 2017-2025
MA,Newbury,municipality,annual,7,,2025
MA,Newburyport,municipality,annual,7,,1999-2023
MA,Newton,municipality,annual,7,,1998-2024
MA,Norfolk,municipality,annual,7,,2009 2011-2012 2021-2025
MA,Norfolk County,county,annual,7,,2000 2004-2011 2015 2021-2024
MA,North Adams,municipality,annual,7,,1998-2024
MA,North Andover,municipality,annual,7,,1998-1999 2001-2025
MA,North Attleboro,municipality,annual,7,,2008
MA,North Attleborough,municipality,annual,7,,1998-2007 2009-2024
MA,North Brookfield,municipality,annual,7,,2000 2002-2019 2021-2025
MA,North Reading,municipality,annual,7,,1999-2018 2020-2025
MA,Northampton,municipality,annual,7,,2004-2025
MA,Northampton City,municipality,annual,7,,1998-1999
MA,Northampton Massachuesetts,municipality,annual,7,,2000-2001
MA,Northborough,municipality,annual,7,,2009 2011-2012 2021-2025
MA,Northbridge,municipality,annual,7,,1998-2006 2009-2025
MA,Norton,municipality,annual,7,,1998-2025
MA,Norwell,municipality,annual,7,,2002-2004 2006-2015 2020-2025
MA,Norwood,municipality,annual,7,,1998-2025
MA,Oak Bluffs,municipality,annual,7,,2003-2023
MA,Oakham,municipality,annual,7,,1999
MA,Orange,municipality,annual,7,,1998-2024
MA,Orleans,municipality,annual,7,,2000
MA,Otis,municipality,annual,7,,1999-2000
MA,Oxford,municipality,annual,7,,1998-2025
MA,Palmer,municipality,annual,7,,1998-2025
MA,Pawtucket,municipality,annual,7,,2023
MA,Paxton,municipality,annual,7,,2009-2010 2025
MA,Peabody,municipality,annual,7,,1998-2023
MA,Pembroke,municipality,annual,7,,2003-2007 2010-2025
MA,Pepperell,municipality,annual,7,,2023 2025
MA,Phillipston,municipality,annual,7,,2014
MA,Pittsfield,municipality,annual,7,,1998-2019 2021-2025
MA,Plainfield Mass,municipality,annual,7,,2008
MA,Plainville,municipality,annual,7,,2009 2011-2014 2021-2024
MA,Plymouth,municipality,annual,7,,1998-2024
MA,Plymouth County,county,annual,7,,2000-2003 2020-2021
MA,Portsmouth,municipality,annual,7,,2025
MA,Princeton,municipality,annual,7,,2009-2010
MA,Provincetown,municipality,annual,7,,1998 2000-2025
MA,Quincy,municipality,annual,7,,1998-2024
MA,Randolph,municipality,annual,7,,1999 2001-2002 2004-2005 2010 2012-2023
MA,Randolph Town,municipality,annual,7,,1998
MA,Raynham,municipality,annual,7,,2024-2025
MA,Reading,municipality,annual,7,,1998-2024
MA,Revere,municipality,annual,7,,2001 2004-2025
MA,Richmond,municipality,annual,7,,2008
MA,Rochester,municipality,annual,7,,2002 2010 2022
MA,Rockland,municipality,annual,7,,1998-2002 2004-2024
MA,Rockport,municipality,annual,7,,2000 2002-2003 2009-2017 2019 2021-2024
MA,Rowley,municipality,annual,7,,2009 2021
MA,Royalston,municipality,annual,7,,2015
MA,Russell,municipality,annual,7,,1998-1999 2002 2006 2009-2010 2015-2017 2019-2020
MA,Rutland,municipality,annual,7,,2021-2023 2025
MA,Salem,municipality,annual,7,,1999-2025
MA,Salem City,municipality,annual,7,,1998
MA,Salisbury,municipality,annual,7,,2000 2003-2016 2019-2025
MA,Sandwich,municipality,annual,7,,1999-2007 2009-2010 2012-2025
MA,Sandwich Town,municipality,annual,7,,1998
MA,Saugus,municipality,annual,7,,2000-2024
MA,Saugus Town,municipality,annual,7,,1998
MA,Savoy,municipality,annual,7,,2000
MA,Scituate,municipality,annual,7,,1999-2025
MA,Scituate Town,municipality,annual,7,,1998
MA,Seekonk,municipality,annual,7,,1999-2024
MA,Seekonk Town Hall,municipality,annual,7,,2025
MA,Sharon,municipality,annual,7,,1998-2025
MA,Sheffield,municipality,annual,7,,1998 2000 2011 2025
MA,Shelburne,municipality,annual,7,,1999-2001 2003-2004 2006 2008-2013 2015-2017 2020 2023
MA,Sherborn,municipality,annual,7,,1999 2003 2021
MA,Shirley,municipality,annual,7,,1998-2004 2009-2011 2024
MA,Shrewsbury,municipality,annual,7,,1999-2025
MA,Shrewsbury Town,municipality,annual,7,,1998
MA,Shutesbury,municipality,annual,7,,2003
MA,Somerset,municipality,annual,7,,1999-2000 2002-2003 2005-2023
MA,Somerset Town,municipality,annual,7,,1998
MA,Somerville,municipality,annual,7,,1998-2025
MA,South Hadley,municipality,annual,7,,1999-2025
MA,Southampton,municipality,annual,7,,1998 2003 2012 2022
MA,Southborough,municipality,annual,7,,2021-2025
MA,Southbridge,municipality,annual,7,,1998 2000-2025
MA,Southwick,municipality,annual,7,,1999-2004 2010-2015 2022-2023 2025
MA,Spencer,municipality,annual,7,,1999-2000 2010 2015-2016 2019 2021 2023-2025
MA,Springfield,municipality,annual,7,,1998-2024
MA,Sterling,municipality,annual,7,,2009-2010 2025
MA,Stockbridge,municipality,annual,7,,1998 2010
MA,Stoneham,municipality,annual,7,,1998-2023 2025
MA,Stoughton,municipality,annual,7,,1998-2000 2002-2025
MA,Stow,municipality,annual,7,,2023-2024
MA,Sturbridge,municipality,annual,7,,1999-2009 2011-2012 2015-2016 2021-2023
MA,Sudbury,municipality,annual,7,,1999-2015 2017-2025
MA,Sutton,municipality,annual,7,,1999-2002 2006-2007 2009-2015 2021-2025
MA,Swampscott,municipality,annual,7,,1998-2011 2013-2024
MA,Swansea,municipality,annual,7,,1998 2009-2025
MA,Taunton,municipality,annual,7,,1998-2015 2017-2018 2020-2024
MA,Templeton,municipality,annual,7,,2008-2011 2013-2014 2020-2021 2024
MA,Tewksbury,municipality,annual,7,,1998-2024
MA,Tisbury,municipality,annual,7,,1998 2003-2005 2013-2014 2021
MA,Tolland,municipality,annual,7,,2012
MA,Topsfield,municipality,annual,7,,2021-2023
MA,Townsend,municipality,annual,7,,2003-2005 2021 2024
MA,Truro,municipality,annual,7,,2012-2024
MA,Tyngsborough,municipality,annual,7,,1998-2024
MA,Tyringham,municipality,annual,7,,2002
MA,Upton,municipality,annual,7,,2024-2025
MA,Uxbridge,municipality,annual,7,,1998-2002 2006-2024
MA,Wakefield,municipality,annual,7,,1998 2000-2001 2003-2024
MA,Wales,municipality,annual,7,,2001-2004 2015
MA,Walpole,municipality,annual,7,,1998-2025
MA,Waltham,municipality,annual,7,,1998-2025
MA,Ware,municipality,annual,7,,1998-2023
MA,Wareham,municipality,annual,7,,1998-2024
MA,Warren,municipality,annual,7,,1999 2001-2002 2006-2013 2017 2021 2024-2025
MA,Watertown,municipality,annual,7,,1999-2000 2002-2005 2007-2023
MA,Wayland,municipality,annual,7,,1999 2001 2004-2024
MA,Webster,municipality,annual,7,,1998-1999 2003-2006 2011-2025
MA,Wellesley,municipality,annual,7,,1998-1999 2001-2025
MA,Wellfleet,municipality,annual,7,,1999-2001 2003 2010-2012 2014 2023
MA,Wendell,municipality,annual,7,,2007
MA,Wenham,municipality,annual,7,,2008
MA,West Boylston,municipality,annual,7,,2003 2009-2011 2021-2025
MA,West Bridgewater,municipality,annual,7,,2003 2009-2015 2020-2022
MA,West Brookfield,municipality,annual,7,,2003
MA,West Newbury,municipality,annual,7,,2006 2024
MA,West Springfield,municipality,annual,7,,1999-2014 2016-2025
MA,West Springfield Town,municipality,annual,7,,1998
MA,West Stockbridge,municipality,annual,7,,1999 2017
MA,Westborough,municipality,annual,7,,1998-2024
MA,Westfield,municipality,annual,7,,2007-2025
MA,Westfield City,municipality,annual,7,,1998
MA,Westfield Massaschusetts,municipality,annual,7,,1999-2001
MA,Westford,municipality,annual,7,,1998-1999 2001-2025
MA,Westminster,municipality,annual,7,,2009-2010 2019 2022
MA,Weston,municipality,annual,7,,1998-2005 2008-2023
MA,Westport,municipality,annual,7,,1998-2025
MA,Westwood,municipality,annual,7,,1999-2025
MA,Westwood Town,municipality,annual,7,,1998
MA,Weymouth,municipality,annual,7,,1999-2022
MA,Weymouth Town,municipality,annual,7,,1998
MA,Whitman,municipality,annual,7,,2021-2022 2024
MA,Wilbraham,municipality,annual,7,,2012 2023-2024
MA,Williamsburg,municipality,annual,7,,1998-1999 2003
MA,Williamstown,municipality,annual,7,,2014-2016
MA,Wilmington,municipality,annual,7,,1999-2025
MA,Wilmington Town,municipality,annual,7,,1998
MA,Winchendon,municipality,annual,7,,1999-2024
MA,Winchendon Town,municipality,annual,7,,1998
MA,Winchester,municipality,annual,7,,2004-2025
MA,Winchester Town,municipality,annual,7,,2003
MA,Winthrop,municipality,annual,7,,1999 2003-2025
MA,Wintrop,municipality,annual,7,,1998 2000-2002
MA,Woburn,municipality,annual,7,,1998-2024
MA,Worcester,municipality,annual,7,,1998-2025
MA,Wrentham,municipality,annual,7,,2001 2003-2005 2009-2013 2021-2025
MA,Yarmouth,municipality,annual,7,,1998-2000 2002-2003 2013-2015 2020-2025
MI,Adams Township,township,annual,4,,2002-2003 2009-2012 2018-2019
MI,Adrian,municipality,annual,7,,2001-2004 2006-2012 2015 2017-2019 2021-2023
MI,Ahmeek,municipality,annual,3,,2002
MI,Akron Township,township,annual,4,,2015
MI,Albee Township,township,annual,4,,2011
MI,Albion,municipality,annual,1,,2003 2013-2014 2018-2020 2023-2024
MI,Albion City Hall,municipality,annual,1,,2025
MI,Alcona County,county,annual,1,,2011 2013-2015 2020-2024
MI,Alger County,county,annual,1,,2000-2003 2009-2010 2012-2014 2016 2022-2024
MI,Allegan,municipality,annual,7,,1998-2001 2009-2013 2018-2019
MI,Allegan County,county,annual,1,,1998 2000-2004 2006-2017 2019-2025
MI,Allen Park,municipality,annual,7,,1998-1999 2007 2009-2011 2014-2016 2021
MI,Allendale Charter Township,township,annual,1,,2001 2024-2025
MI,Alma,municipality,annual,7,,1998-2001 2003 2005 2008-2009 2011-2013 2015-2016 2019 2024-2025
MI,Alpena,municipality,annual,7,,2000-2001 2005 2007-2011 2017
MI,Alpena County,county,annual,1,,1998-2024
MI,Alpha,municipality,annual,10,,2009-2010
MI,Amboy Township,township,annual,4,,2013
MI,Ann Arbor,municipality,annual,7,,1998-2002 2004-2018 2020-2025
MI,Ann Arbor Township,township,annual,1,,2010 2021
MI,Antrim County,county,annual,1,,1998-2003 2005-2006 2008-2012 2020-2021
MI,Arenac County,county,annual,1,,2000-2001 2003 2005 2008-2012 2022-2024
MI,Armada,municipality,annual,4,,2005-2006 2021-2022
MI,Ashley,municipality,annual,3,,2013-2014
MI,Au Gres,municipality,annual,7,,2011
MI,Au Sable Township,township,annual,1,,2025
MI,Auburn Hills,municipality,annual,1,,2002 2009-2010 2020
MI,Ausable Township,township,annual,1,,2021-2022 2024
MI,Bad Axe,municipality,annual,7,,2000-2001 2003 2007 2019
MI,Bagley Township,township,annual,4,,2003
MI,Baldwin,municipality,annual,3,,2000-2002 2004-2005 2008 2024
MI,Bancroft,municipality,annual,3,,2002
MI,Bangor,municipality,annual,7,,2004-2006 2023
MI,Bangor Charter Township,township,annual,1,,2023
MI,Baraga,municipality,annual,3,,1998 2000 2004 2006 2012-2013 2019-2020 2022
MI,Baraga County,county,annual,1,,1998
MI,Baraga County,county,annual,10,,2001-2003
MI,Bark River Township,township,annual,4,,2000 2008-2009
MI,Baroda,municipality,annual,4,,2012
MI,Barry County,county,annual,1,,1998-1999 2001-2002 2004-2024
MI,Bates Township,township,annual,4,,2013
MI,Battle Creek,municipality,annual,7,,2000-2013 2015-2025
MI,Battle Creek City,municipality,annual,7,,1998
MI,Bay City,municipality,annual,7,,1998-2013 2015-2025
MI,Bay County,county,annual,1,,1998-2025
MI,Bear Lake,municipality,annual,3,,2021
MI,Beaveron,municipality,annual,7,,2023
MI,Beaverton,municipality,annual,7,,2008-2010 2021-2022 2025
MI,Bedford Charter Township,township,annual,1,,2024
MI,Bedford Township,township,annual,1,,2023
MI,Bedford Township,township,annual,7,,1998
MI,Belding,municipality,annual,7,,2004 2006-2008 2010-2011 2022-2025
MI,Belding City,municipality,annual,7,,1998
MI,Bellevue,municipality,annual,1,,2024-2025
MI,Benton Charter Township,township,annual,1,,2023-2024
MI,Benton Harbor,municipality,annual,7,,1998-2000 2002-2006 2008 2010-2013 2019 2021-2025
MI,Benton Township,township,annual,1,,1998 2010 2022-2023
MI,Benzie County,county,annual,1,,1998-2002
MI,Benzie County,county,annual,10,,2004-2007 2010 2013 2017 2023
MI,Benzie County,county,other,,9,2003
MI,Benzonia,municipality,annual,3,,2021
MI,Bergland Township,township,annual,4,,1999 2013
MI,Berkley,municipality,annual,7,,2003 2021 2025
MI,Berlin Township,township,annual,4,,2014-2015
MI,Berrien County,county,annual,1,,1998-2025
MI,Berrien Springs,municipality,annual,7,,2007-2008 2013-2014
MI,Bertrand Township,township,annual,4,,1998-1999 2005
MI,Bessemer,municipality,annual,7,,2017-2019 2021-2024
MI,Bessemer Township,township,annual,4,,2016
MI,Beulah,municipality,annual,1,,2008 2018-2019
MI,Beverly Hills,municipality,annual,7,,2005-2006 2025
MI,Big Rapids,municipality,annual,7,,2000 2002-2003 2006-2007 2009-2011 2015-2016 2020-2024
MI,Big Rapids City,municipality,annual,7,,1999
MI,Big Rapids Township,township,annual,1,,2002-2003
MI,Billings Township,township,annual,4,,2009
MI,Birmingham,municipality,annual,7,,2001-2003 2021-2022
MI,Blackman Charter Township,township,annual,1,,2021
MI,Blair Township,township,annual,7,,2012
MI,Blissfield,municipality,annual,7,,2000
MI,Blissfield,municipality,annual,10,,2021-2023
MI,Boyne City,municipality,annual,5,,1998 2001-2002 2004-2008 2010-2011 2013 2015
MI,Boyne Valley Township,township,biennial,,,2002
MI,Boyne Valley Township,township,biennial,,,2004
MI,Branch County,county,annual,1,,1998-2015 2019-2025
MI,Breckenridge,municipality,annual,3,,2011-2013 2016 2025
MI,Bridgman,municipality,annual,7,,2000 2011-2012
MI,Brighton,municipality,annual,7,,2009
MI,Britton,municipality,annual,3,,2004
MI,Brookfield Township,township,annual,4,,2007
MI,Brooklyn,municipality,annual,7,,2007
MI,Brownstown Township,township,annual,1,,2002-2003 2007-2014
MI,Brush Park Manor Paradise Valley 044-Ee051,municipality,annual,7,,2006-2008
MI,Buchanan,municipality,annual,7,,2000 2005 2010-2011 2025
MI,Buena Vista Charter Township,township,annual,1,,2009-2011 2013 2024
MI,Buena Vista Township,township,annual,1,,2001
MI,Burton,municipality,annual,7,,2000-2006 2009 2015-2019 2021-2024
MI,Butman Township,township,annual,7,,2014
MI,Cadillac,municipality,annual,7,,2000-2003 2007-2008 2012
MI,Cadillac City,municipality,annual,7,,1999
MI,Caledonia Township,township,annual,1,,2021
MI,Calhoun County,county,annual,1,,1998-2025
MI,Calument,municipality,annual,3,,2006
MI,Calumet,municipality,annual,3,,1999 2020
MI,Calumet Township,township,annual,1,,1998-1999 2001-2003 2008 2023
MI,Camden,municipality,annual,3,,2003 2009-2010
MI,Canton Township,township,annual,1,,1999-2015 2017 2019-2023
MI,Capac,municipality,annual,7,,2007-2008 2024
MI,Carleton,municipality,annual,3,,1999-2000 2002 2024-2025
MI,Caro,municipality,annual,7,,2003 2006 2010 2021
MI,Carp Lake Township,township,annual,4,,2004-2005
MI,Carson City,municipality,annual,7,,2006 2011
MI,Casco Township,township,annual,7,,2010
MI,Caseville,municipality,annual,3,,2003
MI,Caseville,municipality,annual,7,,2012 2025
MI,Casnovia Township,township,annual,4,,2014
MI,Caspian,municipality,annual,7,,2012-2013
MI,Cass City,municipality,annual,1,,2006-2007 2014
MI,Cass County,county,annual,1,,1998-2004
MI,Cass County,county,annual,10,,2005-2016 2018-2024
MI,Cassopolis,municipality,annual,3,,2011
MI,Cassopolis,municipality,annual,7,,2017 2021 2025
MI,Cedar Springs,municipality,annual,7,,1998 2016
MI,Center Line,municipality,annual,7,,2009-2010 2012
MI,Charlevoix,municipality,annual,4,,1999 2001 2008 2015
MI,Charlevoix County,county,annual,1,,2001-2010
MI,Charlevoix County,county,annual,10,,2011-2025
MI,Charlotte,municipality,annual,7,,1998-1999 2007 2024-2025
MI,Chassell Township,township,annual,4,,2005 2007 2025
MI,Chatham,municipality,annual,7,,2020
MI,Cheboygan,municipality,annual,7,,1998 2008 2010-2012 2018 2022-2024
MI,Cheboygan County,county,annual,1,,1998-2014 2016-2025
MI,Chelsea,municipality,annual,3,,2002-2003
MI,Chelsea,municipality,annual,7,,2009-2010
MI,Chesaning,municipality,annual,3,,2009 2015-2018
MI,Chesterfield Township,township,annual,1,,1999-2002 2007 2020-2021 2024-2025
MI,Chippewa County,county,annual,1,,1998-2025
MI,Clare,municipality,annual,7,,2002 2012 2015-2016 2020
MI,Clare County,county,annual,1,,1998-1999
MI,Clare County,county,annual,10,,2000-2004 2006-2015 2017-2024
MI,Clarence Township,township,annual,4,,2024
MI,Clawson,municipality,annual,7,,2013 2025
MI,Clinton,municipality,annual,4,,2006
MI,Clinton County,county,annual,1,,1998-2022 2024
MI,Clinton Township,township,annual,4,,1998-2006 2008-2017 2020-2025
MI,Clio,municipality,annual,7,,2019
MI,Coldwater,municipality,annual,7,,1999-2000 2002-2003 2010 2015-2018 2024
MI,Coleman,municipality,annual,7,,2019 2024-2025
MI,Coloma Charter Township,township,annual,4,,2023
MI,Coloma Township,township,annual,4,,2003 2022
MI,Colon,municipality,annual,4,,2001-2002
MI,Commerce Township,township,annual,1,,2011 2013-2014 2020 2022-2023
MI,Comstock Township,township,annual,1,,2004 2022 2024
MI,Concord,municipality,annual,1,,2021
MI,Constantine,municipality,annual,4,,2024
MI,Coopersville,municipality,annual,7,,2011-2012 2015-2016 2021
MI,Coopersville City,municipality,annual,7,,1999
MI,Copper City,municipality,annual,3,,2002
MI,Corunna,municipality,annual,7,,2006-2007 2011-2012 2025
MI,Corwith Township,township,annual,4,,2007
MI,Cottrellville Township,township,annual,4,,2023
MI,Covert Township,township,annual,7,,1998-2000
MI,Covington Township,township,annual,7,,2007
MI,Crawford County,county,annual,10,,1998-2025
MI,Croswell,municipality,annual,7,,2009 2013-2014 2020-2025
MI,Crystal Falls,municipality,annual,10,,1999-2001 2007-2008 2010-2012 2022-2024
MI,Crystal Falls,municipality,other,,10,1998
MI,Crystal Falls Township,township,annual,4,,2008-2009
MI,Davison,municipality,annual,7,,2004-2005
MI,Davison Township,township,annual,7,,2001
MI,Dearborn,municipality,annual,7,,1999-2025
MI,Dearborn City,municipality,annual,7,,1998
MI,Dearborn Heights,municipality,annual,7,,1999-2022
MI,Decatur,municipality,annual,3,,2006 2025-2026
MI,Deerfield,municipality,annual,3,,2004
MI,Deerfield,municipality,biennial,,,2012
MI,Delhi Township,township,annual,1,,1998-2000 2008 2012
MI,Delta Charter Township,township,annual,1,,2002
MI,Delta County,county,annual,10,,1998-2024
MI,Delta Township,township,annual,1,,2000 2020 2022-2025
MI,Denmark Township,township,annual,7,,2016
MI,Detour,municipality,annual,4,,2005-2006
MI,Detroit,municipality,annual,7,,1998-2025
MI,Dewitt Charter Township,township,annual,1,,2011
MI,Dexter,municipality,annual,3,,2001-2002
MI,Dexter,municipality,annual,7,,2010-2013
MI,Dickinson County,county,annual,1,,1998 2000-2003 2011 2020 2023-2024
MI,Dorr Township,township,annual,4,,2011
MI,Dowagiac,municipality,annual,10,,2000-2001 2003 2011 2016 2022-2025
MI,Dryden,municipality,annual,3,,2020
MI,Dundee,municipality,annual,3,,1999-2002 2004-2006 2019
MI,Durand,municipality,annual,7,,1999 2012 2015-2017 2021-2022
MI,Eagle Harbor Township,township,annual,4,,2011 2015
MI,East Bay Charter Township,township,annual,1,,2022
MI,East Grand Rapids,municipality,annual,7,,2002-2003
MI,East Jordan,municipality,annual,7,,1998 2003 2012 2018-2021
MI,East Lansing,municipality,annual,7,,1998-2015 2017-2025
MI,Eastpointe,municipality,annual,7,,1999-2000 2002 2013-2014 2021 2023-2025
MI,Eaton County,county,annual,10,,1998-2025
MI,Eaton Rapids,municipality,annual,1,,1999-2002
MI,Eaton Rapids,municipality,annual,7,,2005-2007 2021-2022
MI,Eau Claire,municipality,annual,3,,2011
MI,Ecorse,municipality,annual,7,,2022-2025
MI,Edmore,municipality,annual,3,,2012 2014
MI,Egelston Township,township,annual,7,,2014
MI,Elberta,municipality,annual,3,,2018
MI,Elsie,municipality,annual,4,,2002
MI,Emmet County,county,annual,1,,1998-2008 2010-2025
MI,Emmett County,county,annual,1,,2009
MI,Escanaba,municipality,annual,7,,1998 2000-2004 2007-2017 2021-2025
MI,Essexville,municipality,annual,7,,2010-2012 2017-2018
MI,Evart,municipality,annual,7,,2007 2015
MI,Fairfield Township,township,annual,4,,2001
MI,Farmington,municipality,annual,7,,2003
MI,Farmington Hills,municipality,annual,7,,1998-2024
MI,Farwell,municipality,annual,3,,1999 2002 2006-2007 2009 2011 2019 2025
MI,Fennville,municipality,annual,7,,2011-2012 2021-2022 2025
MI,Fenton,municipality,annual,7,,2000-2001 2003-2004 2010
MI,Ferndale,municipality,annual,7,,2001-2002 2007 2009-2013 2021-2023 2025
MI,Filer Township,township,annual,4,,2018-2019
MI,Flat Rock,municipality,annual,7,,2010
MI,Flint,municipality,annual,7,,1998-2024
MI,Flint Township,township,annual,1,,1998-2002 2008-2014 2022 2024
MI,Flushing,municipality,annual,7,,1998-1999 2018-2019 2022-2024
MI,Forestville,municipality,annual,3,,2005-2006
MI,Forsyth Township,township,annual,4,,2017-2018
MI,Fort Benton,municipality,annual,7,,1999
MI,Fowlerville,municipality,annual,7,,2001 2006 2011 2023
MI,Frankenmuth,municipality,annual,7,,2003 2014
MI,Frankfort,municipality,annual,7,,2005 2008-2009
MI,Frankfort City,municipality,annual,7,,1999
MI,Franklin Township,township,annual,4,,2010 2012 2014-2016
MI,Fraser,municipality,annual,7,,2010 2021
MI,Frederic Township,township,annual,7,,2009
MI,Freeport,municipality,annual,3,,2006
MI,Fremont,municipality,annual,7,,1998-2001 2005
MI,Frenchtown Charter Township,township,annual,1,,1998
MI,Gaastra,municipality,annual,7,,2001-2002 2011-2012
MI,Gagetown,municipality,annual,4,,2011
MI,Galesburg,municipality,annual,7,,2007 2010
MI,Garden,municipality,annual,3,,2019
MI,Garden City,municipality,annual,7,,1998 2000 2002-2004 2010 2013 2015-2017 2021-2022 2025
MI,Garfield Charter Township,township,annual,1,,2002
MI,Garfield Township,township,annual,1,,2024
MI,Gaylord,municipality,annual,7,,2006 2011-2012 2019-2020 2025
MI,Genesee County,county,annual,10,,1998-2025
MI,Genesee Township,township,annual,1,,2005-2011
MI,Germfask Township,township,annual,4,,2009
MI,Gladstone,municipality,annual,4,,1998 2001 2023-2024
MI,Gladwin,municipality,annual,7,,2003-2004 2010-2011 2020
MI,Gladwin County,county,annual,1,,1998-2003 2007-2015 2021-2022
MI,Gladwin County,county,annual,10,,2024
MI,Gladwin County,county,other,,9,2023
MI,Gobles,municipality,annual,7,,2004
MI,Gogebic County,county,annual,1,,1998-2015
MI,Gogebic County,county,annual,10,,2016 2022-2025
MI,Goodrich,municipality,annual,7,,2004
MI,Grand Beach,municipality,annual,11,,2008
MI,Grand Blanc,municipality,annual,6,,2005-2006 2015
MI,Grand Blanc Township,township,annual,1,,2001 2020
MI,Grand Haven,municipality,annual,7,,1998-2003 2010-2014 2019 2021
MI,Grand Haven Charter Township,township,annual,1,,1998
MI,Grand Ledge,municipality,annual,7,,1999 2010-2011 2023-2025
MI,Grand Rapids,municipality,annual,7,,2000-2025
MI,Grand Rapids City,municipality,annual,7,,1998-1999
MI,Grand Traverse County,county,annual,1,,1998-2025
MI,Grandville,municipality,annual,7,,2013
MI,Grant,municipality,annual,7,,1999 2010
MI,Grant Township,township,annual,4,,2020
MI,Gratiot County,county,annual,10,,1998-2025
MI,Grayling,municipality,annual,7,,2005 2019
MI,Green Oak Charter Township,township,annual,4,,2009 2025
MI,Greenville,municipality,annual,7,,2000-2003 2006-2014 2016-2017 2019
MI,Greenville City,municipality,annual,7,,1998
MI,Grosse Ile Township,township,annual,4,,2003-2008 2013-2015 2024-2025
MI,Grosse Pointe,municipality,annual,7,,2015
MI,Grosse Pointe Farms,municipality,annual,7,,2012 2024-2025
MI,Grosse Pointe Park,municipality,annual,7,,1998 2013 2023
MI,Grosse Pointe Woods,municipality,annual,7,,2010-2013
MI,Hamburg Township,township,annual,7,,2010
MI,Hampton Meadows 048-Ee012,municipality,annual,7,,2009-2010
MI,Hampton Township,township,annual,1,,2010-2012 2024-2025
MI,Hamtramck,municipality,annual,7,,2007-2018 2023-2025
MI,Hancock,municipality,annual,7,,2000-2001 2003 2006-2014 2016-2017 2019-2021 2023-2024
MI,Hancock City,municipality,annual,7,,1999
MI,Harbor Beach,municipality,annual,7,,2008
MI,Haring Charter Township,township,annual,1,,2025
MI,Haring Township,township,annual,1,,2014
MI,Harmony Manor 044-Ee076,municipality,annual,7,,2007
MI,Harper Woods,municipality,annual,1,,2001 2013-2014 2025
MI,Harrison,municipality,annual,1,,2002-2003 2014 2016 2018-2019 2022-2025
MI,Harrison Township,township,annual,1,,2022
MI,Harrisville Water And Sewer Funds,municipality,annual,1,,2010
MI,Hart,municipality,annual,7,,2008 2012 2024-2025
MI,Hart,municipality,annual,10,,2023
MI,Hartford,municipality,annual,7,,2002 2008 2015-2016 2023-2024
MI,Hastings,municipality,annual,7,,2011 2014 2021-2022
MI,Hayes Township,township,annual,7,,2024-2025
MI,Hazel Park,municipality,annual,7,,1998-1999 2008 2010-2012 2015
MI,Hematite Township,township,annual,4,,2005 2009 2011
MI,Hesperia,municipality,annual,4,,2012 2025
MI,Highland Park,municipality,annual,7,,1999-2000 2004 2006-2008 2011-2014 2016-2017 2021 2025
MI,Hillman,municipality,annual,4,,2008
MI,Hillsdale,municipality,annual,7,,1999 2010-2011 2016-2021 2024
MI,Hillsdale County,county,annual,1,,1999-2013 2019-2020 2022-2024
MI,Hillsdale Michagan,municipality,annual,7,,2002
MI,Holland,municipality,annual,7,,1999-2015 2021-2025
MI,Holland Charter Township,township,annual,1,,1999 2005-2006 2010-2011 2023-2025
MI,Holland City,municipality,annual,7,,1998
MI,Homer,municipality,annual,1,,2010 2020-2021
MI,Honor,municipality,annual,1,,2006-2007 2022
MI,Hopkins,municipality,biennial,,,2011
MI,Houghton,municipality,annual,7,,2008-2010 2015 2018 2021-2024
MI,Houghton County,county,annual,10,,1998-2024
MI,Howard City,municipality,annual,3,,1998-1999 2001 2010-2012 2020
MI,Howell,municipality,annual,7,,2000 2002 2009-2013 2020-2022 2025
MI,Hudson,municipality,annual,7,,2002 2008 2011
MI,Hudsonville City,municipality,annual,7,,1999
MI,Huron County,county,annual,1,,1998-2025
MI,Huron Township,township,annual,1,,1998 2001 2015
MI,Huron Township,township,annual,4,,2002-2003
MI,Imlay City,municipality,annual,7,,2000
MI,Independence Charter Township,township,annual,1,,2024
MI,Independence Township,township,annual,1,,2004-2005 2020
MI,Ingham County,county,annual,1,,1998-2025
MI,Inkster,municipality,annual,7,,1998-2005 2007-2009 2011-2013 2015-2017 2021 2023
MI,Ionia,municipality,annual,7,,1999-2007 2010-2011 2023 2025
MI,Ionia County,county,annual,1,,1998-2004 2006-2025
MI,Iosco County,county,annual,1,,1998-2023
MI,Iron County,county,annual,1,,1998-2017 2019-2021 2023-2025
MI,Iron Mountain,municipality,annual,7,,2025
MI,Iron River,municipality,annual,7,,2001-2008 2011-2013 2015 2024
MI,Iron River Township,township,annual,4,,1998 2011 2013-2014
MI,Ironwood,municipality,annual,7,,1998-1999 2001-2007 2009-2016 2019-2021 2024-2025
MI,Ironwood Township,township,annual,1,,2010
MI,Isabella County,county,annual,1,,1998
MI,Isabella County,county,annual,10,,2000-2002 2004-2017 2019-2025
MI,Isabella County,county,other,,9,1999
MI,Ishpeming,municipality,annual,1,,1999-2003 2005 2010 2012-2015 2017-2021 2024
MI,Ithaca,municipality,annual,7,,2015 2025
MI,Ithaca City,municipality,annual,7,,1998-1999
MI,Jackson,municipality,annual,7,,1998-2025
MI,Jackson County,county,annual,1,,1998-2025
MI,Jamestown Charter Township,township,annual,4,,2001
MI,Jerome Township,township,annual,7,,2021 2023-2025
MI,Jonesfield Township,township,annual,4,,2014
MI,Jonesville,municipality,annual,7,,2000-2001 2004-2006 2020
MI,Kalamazoo,municipality,annual,1,,1998-2025
MI,Kalamazoo County,county,annual,1,,1998-2025
MI,Kaleva,municipality,annual,1,,1999 2022
MI,Kalkaska,municipality,annual,3,,2003-2007 2015 2021
MI,Kalkaska County,county,annual,1,,1998-2003 2009-2010 2020 2023
MI,Kawkawlin Township,township,annual,4,,2006
MI,Kent City,municipality,annual,3,,1999
MI,Kent County,county,annual,1,,1998-2022
MI,Kent County,county,annual,10,,2024-2025
MI,Kent County,county,other,,9,2023
MI,Kentwood,municipality,annual,7,,2000-2001 2014-2015 2021-2022
MI,Keweenaw County,county,annual,1,,1999 2006-2008
MI,Kimball Township,township,annual,4,,2017
MI,Kingsford,municipality,annual,7,,1999 2024-2025
MI,Kingsley,municipality,annual,3,,2005-2008 2011-2012 2024
MI,Kingston,municipality,annual,3,,2011 2015
MI,Kinross Township,township,annual,4,,2020-2021
MI,Kochville Township,township,annual,7,,2022
MI,L'Anse,municipality,annual,7,,2002-2003 2010-2011 2013 2016 2019
MI,Laingsburg,municipality,annual,7,,2020
MI,Lake City,municipality,annual,4,,2010-2011
MI,Lake County,county,annual,1,,1998-2006 2008-2012 2020 2022-2025
MI,Lake Odessa,municipality,annual,3,,2007 2011 2017 2019
MI,Lake Orion,municipality,annual,7,,2019-2020
MI,Lakeview,municipality,annual,3,,2001-2002
MI,Lanse,municipality,annual,7,,2023
MI,Lansing,municipality,annual,7,,1998-2025
MI,Lansing Township,township,annual,1,,2009 2017 2019
MI,Lapeer,municipality,annual,7,,2001-2003 2011 2013 2015 2019-2020 2024-2025
MI,Lapeer City,municipality,annual,7,,2000
MI,Lapeer County,county,annual,1,,1998-2025
MI,Lathrup Village,municipality,annual,7,,2010
MI,Laurium,municipality,annual,3,,2011 2014
MI,Lawton,municipality,annual,3,,2011 2018
MI,Lee Township,township,annual,4,,2009-2010
MI,Leelanau County,county,annual,1,,2001-2004 2007-2010 2012 2023-2024
MI,Lenawee County,county,annual,1,,1998-2025
MI,Leoni Township,township,annual,7,,2009-2010 2022-2023
MI,Leslie,municipality,annual,7,,2013 2016 2018
MI,Lexington,municipality,annual,3,,1998
MI,Lexington,municipality,annual,7,,2018 2024-2025
MI,Lincoln,municipality,annual,4,,2012
MI,Lincoln Park,municipality,annual,7,,1998 2002-2003 2005 2007-2015 2017 2019-2025
MI,Linden,municipality,annual,7,,2000-2001
MI,Livingston County,county,annual,1,,1998-2025
MI,Livonia,municipality,annual,12,,1998-2025
MI,Lowell,municipality,annual,7,,2023-2025
MI,Luce County,county,annual,1,,1998-2011 2018-2024
MI,Ludington,municipality,annual,1,,2003 2008 2016-2025
MI,Luna Pier,municipality,annual,7,,2014
MI,Lyons,municipality,annual,3,,2015
MI,Mackinac County,county,annual,1,,1998-2003 2005-2007 2009-2014 2022
MI,Mackinac Island,municipality,annual,4,,1998-1999 2002 2013-2014 2023-2024
MI,Mackinaw City,municipality,other,,,2022
MI,Macomb County,county,annual,1,,1998 2000-2012 2017-2021 2023
MI,Macomb Township,township,annual,7,,1998 2001 2021
MI,Madison Heights,municipality,annual,7,,1998 2000-2013 2015 2021-2023
MI,Madison Heights,municipality,biennial,,,1999
MI,Mancelona,municipality,annual,3,,2009
MI,Manistee,municipality,annual,7,,1999-2000 2003-2004 2006-2007 2011 2013 2020-2023
MI,Manistee County,county,annual,1,,1998-2001
MI,Manistee County,county,annual,10,,2003-2005 2009-2015 2017 2020-2025
MI,Manistique,municipality,annual,7,,2000-2001 2006 2008 2011-2013 2017 2020-2022 2024-2025
MI,Manton,municipality,annual,12,,1998 2004 2006-2007 2011 2018
MI,Maple Rapids,municipality,annual,1,,2007
MI,Marcellus,municipality,annual,1,,2004 2006
MI,Marenisco Township,township,annual,4,,2013
MI,Marine City,municipality,annual,7,,1999-2000 2006 2024-2025
MI,Marion,municipality,annual,3,,2003-2004 2025-2026
MI,Marlette,municipality,annual,7,,2005
MI,Marquette,municipality,annual,7,,1999 2004-2012
MI,Marquette,municipality,annual,10,,2016 2020-2025
MI,Marquette,municipality,other,,15,2014
MI,Marquette County,county,annual,1,,1998-2024
MI,Marquette Township,township,annual,1,,2005
MI,Marshall,municipality,annual,7,,1998-1999 2006-2008 2010 2012 2016-2017 2021-2025
MI,Marysville,municipality,annual,7,,2004-2006 2010-2011 2013 2015-2016 2024
MI,Maryville,municipality,annual,7,,2025
MI,Mason,municipality,annual,7,,1998-1999 2002-2003 2008-2009 2015 2024-2025
MI,Mason County,county,annual,1,,1998-2002 2006 2010 2012-2014 2020-2024
MI,Masonville Township,township,annual,4,,2007
MI,Mattawan,municipality,annual,7,,1998-2000 2002-2003 2006-2009 2011 2025
MI,Mayville,municipality,annual,4,,2022-2025
MI,Mcbain,municipality,annual,5,,2022-2023 2025
MI,Mcmillan Township,township,annual,4,,2004 2012
MI,Mecosta County,county,annual,1,,1998-2001 2003-2023
MI,Melrose Township,township,annual,4,,2005
MI,Melvindale,municipality,annual,1,,1998-2009 2011 2024
MI,Mendon,municipality,annual,3,,1998
MI,Menominee,municipality,annual,7,,1999-2003 2006 2010 2012-2013 2023
MI,Menominee County,county,annual,10,,1998-2000 2002-2003 2005 2020 2022
MI,Meridian Township,township,annual,1,,2020 2022-2023
MI,Mesick,municipality,annual,3,,2017
MI,Metamora,municipality,annual,4,,1998-2000 2015
MI,Middleville,municipality,annual,1,,2002
MI,Midland,municipality,annual,7,,1999-2025
MI,Midland City,municipality,annual,7,,1998
MI,Midland County,county,annual,1,,1998-2021 2023-2025
MI,Milan,municipality,annual,7,,2012 2020-2021 2025
MI,Milford,municipality,annual,7,,2003 2009 2025
MI,Millington,municipality,annual,3,,2008 2017
MI,Minden City,municipality,annual,3,,2000-2001
MI,Missaukee County,county,annual,1,,1998-2005 2007 2009-2011
MI,Missaukee County,county,annual,10,,2022
MI,Monitor Township,township,annual,1,,2022
MI,Monroe,municipality,annual,7,,2001-2003 2005-2015 2021 2023-2025
MI,Monroe City,municipality,annual,7,,1999
MI,Monroe County,county,annual,1,,1998-2025
MI,Montague,municipality,annual,7,,2001 2004 2018
MI,Montcalm County,county,annual,10,,1998-2008 2010-2025
MI,Montmorency County,county,annual,1,,1999-2001 2003 2022
MI,Montrose,municipality,annual,7,,2015
MI,Montrose Charter Township,township,annual,1,,2017-2018
MI,Moore Township,township,annual,4,,2007-2008
MI,Moran Township,township,annual,4,,2004
MI,Morenci,municipality,annual,7,,2012 2024-2025
MI,Morton Township,township,annual,7,,2012
MI,Mount Clemens,municipality,annual,7,,2001-2002 2007-2008 2011 2025
MI,Mt Morris,municipality,annual,7,,2000
MI,Mt Pleasant,municipality,annual,1,,1998 2013 2020 2023-2024
MI,Mt. Morris,municipality,annual,7,,2018-2019
MI,Mt. Morris Township,township,annual,4,,2002-2003
MI,Mt. Pleasant,municipality,annual,1,,1999 2003 2010
MI,Muir,municipality,annual,7,,2011 2022-2023
MI,Mundy Township,township,annual,1,,2022
MI,Munising,municipality,annual,7,,2006 2008-2010 2018 2021-2023
MI,Munising Township,township,annual,4,,2002
MI,Muskegon,municipality,annual,1,,1998-2009
MI,Muskegon,municipality,annual,7,,2011-2025
MI,Muskegon,municipality,other,,6,2010
MI,Muskegon County,county,annual,10,,1998-2025
MI,Muskegon Heights,municipality,annual,1,,1999-2004 2006 2008-2014 2021-2024
MI,Muskegon Heights,municipality,annual,4,,1998
MI,Nashville,municipality,annual,3,,2003
MI,Negaunee,municipality,annual,1,,2005-2006 2012-2014 2022-2024
MI,Negaunee City,municipality,annual,1,,1998
MI,Negaunee Township,township,annual,4,,2003
MI,Neguanee,municipality,annual,1,,2007
MI,Nelson Township,township,annual,4,,2007
MI,New Baltimore,municipality,annual,7,,2008-2009 2021 2023 2025
MI,New Buffalo Township,township,annual,7,,2005 2011
MI,New Haven,municipality,annual,4,,2010-2011
MI,Newaygo,municipality,annual,7,,1999-2002 2004-2005 2014-2015 2019-2021 2025
MI,Newaygo County,county,annual,1,,1998
MI,Newaygo County,county,annual,10,,2000 2002-2016 2018-2025
MI,Newaygo County,county,other,,9,1999
MI,Newberry,municipality,annual,1,,2002-2003 2007-2008 2015-2016 2023
MI,Niles,municipality,annual,10,,1998 2002-2004 2006 2008-2015 2019-2024
MI,North Branch,municipality,annual,3,,2003-2004 2020
MI,North Muskegon,municipality,annual,12,,2005
MI,Northville,municipality,annual,7,,2000
MI,Northville Township,township,annual,1,,2002-2003 2011-2013 2020 2024-2025
MI,Norton Shores,municipality,annual,7,,1998 2012-2013 2023-2025
MI,Norway,municipality,annual,7,,1998-1999 2002 2007 2011-2012 2015 2017-2018
MI,Nottawa Township,township,annual,4,,2021-2022
MI,Novi,municipality,annual,7,,1998-2003 2005-2013 2020-2022
MI,Oak Park,municipality,annual,7,,2000-2001 2010-2013 2015 2021-2022
MI,Oakland County,county,annual,10,,1998-2025
MI,Oakman Manor 044-Ee087,municipality,annual,7,,2007-2008 2011-2012
MI,Oceana County,county,annual,1,,1998 2002 2006 2008-2012 2014 2020 2022
MI,Ogemaw County,county,annual,1,,1999-2003 2005
MI,Ogemaw County,county,annual,10,,2007-2016 2019-2022 2024-2025
MI,Olivet,municipality,annual,7,,2015
MI,Omer,municipality,annual,4,,2007
MI,Onaway,municipality,annual,4,,2004 2006-2008 2012 2025
MI,Onekama,municipality,annual,3,,2006 2012
MI,Onsted,municipality,annual,3,,2010
MI,Ontonagon,municipality,annual,4,,1999 2001-2006
MI,Ontonagon County,county,annual,10,,1998-2003 2012
MI,Orion Township,township,annual,1,,2009 2020-2021
MI,Orleans Township,township,annual,4,,2002-2003
MI,Oronoko Charter Township,township,annual,1,,2023
MI,Osceola County,county,annual,1,,1999-2014 2016 2020 2022 2024
MI,Osceola Township,township,annual,4,,2004 2013-2014
MI,Oscoda County,county,annual,1,,1998 2002 2010-2011
MI,Oscoda Township,township,annual,1,,2000 2002-2004 2006-2007 2009-2010 2012 2020 2022-2024
MI,Oshtemo Township,township,annual,1,,2023 2025
MI,Otsego,municipality,annual,7,,2018
MI,Otsego County,county,annual,1,,1998-2014 2020-2024
MI,Ottawa County,county,annual,1,,1998-2015
MI,Ottawa County,county,annual,10,,2017-2025
MI,Ottawa County,county,other,,,2016
MI,Otter Lake,municipality,annual,3,,2006
MI,Our Saviour's Manor 044-Ee071,municipality,annual,7,,2010
MI,Ovid,municipality,annual,1,,2023-2025
MI,Owosso,municipality,annual,7,,2005 2009-2011 2020-2021 2023-2025
MI,Oxford Township,township,annual,1,,2010
MI,Parchment,municipality,annual,7,,2025
MI,Paw Paw,municipality,annual,3,,2022-2023 2025
MI,Paw Paw Township,township,annual,7,,2003
MI,Peace Manor 044-Ee019,municipality,annual,7,,2007-2008 2010
MI,Pellston,municipality,annual,3,,2012
MI,Peninsula Township,township,annual,4,,2006 2009
MI,Penn Township,township,annual,4,,1999
MI,Pentwater,municipality,annual,4,,2013-2014
MI,Pere Marquette Charter Township,township,annual,1,,2006-2007
MI,Pere Marquette Chater Township,township,annual,1,,1998
MI,Perrinton,municipality,annual,3,,2010
MI,Perry,municipality,annual,7,,2009
MI,Petersburg,municipality,annual,7,,2021-2022
MI,Petoskey,municipality,annual,1,,1999 2011 2025
MI,Pewamo,municipality,annual,4,,2016
MI,Pigeon,municipality,annual,3,,2005 2009
MI,Pinckney,municipality,annual,7,,2010 2014 2020-2021
MI,Pinconning,municipality,annual,7,,2003
MI,Pinconning City,municipality,annual,7,,1998
MI,Pinconning Township,township,annual,4,,2001-2002 2010-2011
MI,Pittsfield Charter Township,township,annual,1,,2010 2020 2022-2025
MI,Plainfield Charter Township,township,annual,1,,2011-2012 2016
MI,Plainwell,municipality,annual,7,,2000 2011-2013 2021
MI,Plymouth Township,township,annual,1,,2000 2012-2015 2020
MI,Pointe Aux Barques Township,township,annual,4,,2023
MI,Pontiac,municipality,annual,7,,2000-2013 2021 2023-2025
MI,Portage,municipality,annual,7,,2000-2003 2005 2015 2021 2023-2025
MI,Portage Township,township,annual,1,,2000 2007 2010-2011 2022
MI,Portland,municipality,annual,7,,2011-2012 2023
MI,Potterville,municipality,annual,7,,2013-2015 2017-2018 2022-2025
MI,Powell Township,township,annual,4,,2006 2018
MI,Prescott,municipality,annual,7,,2006
MI,Presque Isle County,county,annual,1,,2003-2005
MI,Presque Isle County,county,annual,7,,2011
MI,Quincy,municipality,annual,4,,2016-2019
MI,Quincy,municipality,other,,13,2000
MI,Ravenna,municipality,annual,1,,2020
MI,Reading,municipality,annual,7,,2007-2009
MI,Reading Tifa,municipality,annual,7,,1999
MI,Redford Township,township,annual,4,,1998-2025
MI,Reed City,municipality,annual,7,,1999 2001-2003 2007-2008 2010-2013 2024-2025
MI,Republic Township,township,annual,4,,2013-2014 2019
MI,Resort Township,township,annual,4,,1999
MI,Richmond,municipality,annual,7,,2010
MI,Richmond Township,township,annual,4,,2010
MI,Riga Township,township,annual,4,,2000-2001
MI,River Rouge,municipality,annual,7,,2002 2004-2005 2012-2014 2025
MI,Riverview,municipality,annual,7,,2010-2011
MI,Robinson Township,township,annual,4,,2008
MI,Rochester,municipality,annual,7,,2014 2021
MI,Rochester Hills,municipality,annual,1,,2000-2014 2020 2022-2023
MI,Rochester Hills City,municipality,annual,1,,1999
MI,Rockford,municipality,annual,7,,1999-2000
MI,Rockland Township,township,annual,4,,2005
MI,Rockwood,municipality,annual,7,,2001
MI,Rogers City,municipality,annual,7,,2011-2013 2023
MI,Romulus,municipality,annual,7,,1998-2001 2004-2006 2010-2013 2015 2019 2021 2023-2025
MI,Roosevelt Park,municipality,annual,12,,2002
MI,Roscommon,municipality,annual,1,,2003 2018 2021-2022
MI,Roscommon County,county,annual,1,,1998-2005 2007-2014 2020
MI,Rosebush,municipality,annual,7,,2018
MI,Roseville,municipality,annual,7,,1998-2017 2019-2024
MI,Royal Oak,municipality,annual,7,,1998-1999 2001-2017 2019-2025
MI,Royal Oak Township,township,annual,1,,2025
MI,Royalton Township,township,annual,4,,2001
MI,Rudyard Township,township,annual,4,,2005
MI,Sage Grove Hsg Corp Pvm Kalamazoo Sr Hsg Corp 047-Ee049,municipality,annual,7,,2013-2015
MI,Saginaw,municipality,annual,7,,1998-2003 2005-2025
MI,Saginaw Charter Township,township,annual,4,,2021-2022
MI,Saginaw County,county,annual,10,,1998-2021 2023-2025
MI,Saint Louis,municipality,annual,7,,2002-2005
MI,Salem Township,township,annual,7,,2021
MI,Saline,municipality,annual,7,,1998-1999 2003-2005 2024-2025
MI,Sand Lake,municipality,annual,4,,2012
MI,Sandusky,municipality,annual,3,,1998-2000 2003 2006-2008 2011 2022 2025
MI,Sanford,municipality,annual,7,,2022-2023
MI,Sanilac County,county,annual,1,,1999-2025
MI,Saranac,municipality,annual,3,,2002
MI,Saugatuck,municipality,annual,7,,2012
MI,Sault Ste Marie,municipality,annual,7,,1998-2001
MI,Sault Ste. Marie,municipality,annual,7,,2003-2013 2016-2017 2020-2025
MI,Schoolcraft County,county,annual,10,,2010-2012 2014
MI,Scio Township,township,annual,4,,2009-2010
MI,Scottville,municipality,annual,7,,2012 2017
MI,Sebewaing,municipality,annual,4,,2006 2025
MI,Seney Township,township,annual,4,,2007
MI,Seney Township,township,biennial,,,2006
MI,Shelby,municipality,annual,3,,2003 2008-2010 2024-2025
MI,Shelby Township,township,annual,1,,2000 2002 2010 2012 2020 2022-2024
MI,Shelby Township,township,annual,4,,2024-2025
MI,Shepherd,municipality,annual,3,,2025
MI,Sheridan,municipality,annual,4,,2022
MI,Sherman Township,township,annual,4,,2003
MI,Shiawassee County,county,annual,1,,1998-2024
MI,South Haven,municipality,annual,7,,1998 2003-2004 2012 2014 2017-2018 2020 2022-2025
MI,South Lyon,municipality,annual,7,,2001 2004-2006 2013-2014
MI,Southfield,municipality,annual,7,,1998-2025
MI,Southgate,municipality,annual,7,,2000 2003-2005 2012-2015 2018 2021-2023
MI,Sparta,municipality,annual,1,,2001 2008-2009
MI,Spring Lake,municipality,annual,7,,2012 2025
MI,Spring Lake Township,township,annual,4,,1998 2013
MI,Springfield,municipality,annual,7,,2002-2003 2009-2010 2025
MI,Springport,municipality,annual,3,,2005
MI,St Clair,municipality,annual,10,,2007 2023-2024
MI,St Clair County,county,annual,1,,1998-2001 2012 2025
MI,St Clair Shores,municipality,annual,7,,1998-2001
MI,St Ignace,municipality,annual,1,,1999
MI,St Johns,municipality,annual,7,,2000
MI,St Joseph,municipality,annual,7,,2010
MI,St Joseph County,county,annual,1,,1998-1999 2007-2010 2019-2022 2025
MI,St Louis,municipality,annual,7,,2015 2017-2018 2025
MI,St. Clair,municipality,annual,10,,2003
MI,St. Clair County,county,annual,1,,2002-2011 2013-2024
MI,St. Clair Shores,municipality,annual,7,,2002-2025
MI,St. Ignace,municipality,annual,1,,2000-2004 2009-2010 2014-2015 2019-2020 2022-2023
MI,St. Ignace Township,township,annual,4,,2005-2006
MI,St. Johns,municipality,annual,7,,2009
MI,St. Joseph,municipality,annual,7,,2004 2009 2011-2014 2019-2021
MI,St. Joseph County,county,annual,1,,2000 2002-2006 2011-2018 2024
MI,St. Louis,municipality,annual,7,,2001 2006-2007 2014 2016 2023-2024
MI,St. Martha's 044-Ee104,municipality,annual,7,,2011-2012
MI,Stambaugh,municipality,annual,7,,2000
MI,Standish,municipality,annual,7,,2001 2006-2008
MI,Standish Township,township,annual,4,,2022-2025
MI,Stannard Township,township,annual,4,,2012
MI,Stanton,municipality,annual,7,,2014 2022 2025
MI,Stephenson,municipality,annual,7,,2000
MI,Stephenson,municipality,biennial,,,1999
MI,Sterling Heights,municipality,annual,7,,2000-2019 2021-2025
MI,Sterling Heights City,municipality,annual,7,,1998-1999
MI,Sturgis,municipality,annual,10,,2011-2012 2014-2015 2024
MI,Sturgis City,municipality,annual,10,,2008
MI,Summit Township,township,annual,4,,2008-2009
MI,Superior Charter Township,township,annual,1,,2017 2019
MI,Superior Township,township,annual,4,,2001
MI,Suttons Bay,municipality,biennial,,,2006
MI,Swartz Creek,municipality,annual,7,,2021-2025
MI,Tawas City,municipality,annual,7,,2012 2021
MI,Taylor,municipality,annual,7,,1998-2025
MI,Tecumseh,municipality,annual,7,,2010
MI,Tekonsha,municipality,annual,3,,2000-2001
MI,Texas Township,township,annual,1,,2023-2024
MI,Thomas Township,township,annual,4,,1998 2000 2008-2010 2012-2013
MI,Thompsonville,municipality,annual,4,,2025
MI,Three Oaks,municipality,annual,10,,2011-2012
MI,Three Rivers,municipality,annual,7,,2001-2005 2011-2013 2023-2025
MI,Traverse City,municipality,annual,7,,1999-2002 2010-2013 2021-2025
MI,Trenton,municipality,annual,7,,2002-2005 2008 2010-2011 2014-2016 2021-2022
MI,Trenton City,municipality,annual,7,,1999
MI,Troy,municipality,annual,7,,1998-2005 2008-2016 2021 2023-2025
MI,Tuscarora Township,township,annual,7,,2014-2016 2021-2025
MI,Tuscola County,county,annual,1,,1999-2000 2002-2020 2022-2024
MI,Ubly,municipality,biennial,,,2003
MI,Union City,municipality,annual,4,,2011-2012 2019
MI,Union Township,township,annual,1,,2011 2013-2014 2024-2025
MI,Unionville,municipality,annual,4,,1999
MI,Utica,municipality,annual,7,,2000 2021 2025
MI,Utica City,municipality,annual,7,,1999
MI,Van Buren County,county,annual,1,,1998-2004
MI,Van Buren County,county,annual,10,,2008-2025
MI,Van Buren County,county,other,,9,2006
MI,Van Buren Township,township,annual,1,,2000 2009-2010 2016 2020
MI,Vassar,municipality,annual,7,,2024
MI,Vermontville,municipality,annual,1,,2005
MI,Vernon,municipality,annual,4,,2020
MI,Vicksburg,municipality,annual,7,,2021-2022
MI,Wakefield,municipality,annual,7,,2000-2003 2011-2013 2024-2025
MI,Waldron,municipality,annual,3,,2010-2011
MI,Walker,municipality,annual,7,,2021
MI,Walled Lake,municipality,annual,7,,1998-2000
MI,Warren,municipality,annual,7,,1998 2000-2025
MI,Washington Township,township,annual,4,,2011
MI,Washtenaw County,county,annual,1,,1998-2025
MI,Waterford Township,township,annual,1,,2001-2025
MI,Watersmeet Township,township,annual,4,,2017
MI,Watertown Charter Township,township,annual,1,,2001
MI,Watervliet,municipality,annual,7,,2007-2008 2014
MI,Wayland,municipality,annual,7,,1999 2001-2002
MI,Wayne,municipality,annual,7,,1998-2004 2006 2008-2013
MI,Wayne County,county,annual,10,,1999-2005
MI,Wayne Township,township,annual,4,,2015
MI,Webberville,municipality,annual,4,,1998 2000-2001
MI,Webster Township,township,annual,4,,2011-2012
MI,Weesaw Township,township,annual,4,,2000 2008
MI,West Bloomfield Township,township,annual,1,,2001 2006-2011 2016 2020 2022
MI,West Branch,municipality,annual,7,,2000 2003-2005 2008 2012 2024-2025
MI,Westland,municipality,annual,7,,1998-2025
MI,Wexford County,county,annual,1,,1998-2025
MI,Wheeler Township,township,annual,7,,2009
MI,White Cloud,municipality,annual,7,,2003
MI,White Lake Township,township,annual,1,,2000 2003 2010 2020 2022 2024
MI,Whitefish Township,township,annual,7,,2010
MI,Whiteford Township,township,annual,7,,2014 2018-2019
MI,Whitehall,municipality,annual,7,,2000-2001
MI,Williamston,municipality,annual,7,,2002 2011-2012 2024
MI,Woodhaven,municipality,annual,7,,2011-2012
MI,Wright Township,township,annual,4,,2007
MI,Wyandotte,municipality,annual,10,,1999-2006 2008-2015 2020 2022-2024
MI,Wyoming,municipality,annual,7,,1998-2016 2019 2021-2025
MI,Yale,municipality,annual,7,,2003 2013
MI,Yale,municipality,other,,9,2002
MI,Yates Township,township,annual,4,,2002 2009-2011 2013-2014
MI,Ypsilanti,municipality,annual,7,,1998-2000 2002-2016
MI,Ypsilanti Township,township,annual,1,,2010-2011
MI,Zeeland,municipality,annual,7,,2007 2016-2017
MI,Zilwaukee,municipality,annual,7,,2002 2010
MI,Zilwaukee City,municipality,annual,7,,1999
MN,Ada,municipality,annual,1,,1998-2000 2002 2004-2005 2020 2023
MN,Adams,municipality,annual,1,,2020
MN,Adrian,municipality,annual,1,,1998 2002 2006
MN,Afton,municipality,annual,1,,1999
MN,Aitkin,municipality,annual,1,,1998 2004-2005 2019 2025
MN,Aitkin County,county,annual,1,,1998-2020 2022-2024
MN,Albany,municipality,annual,1,,2003 2006-2008
MN,Albert Lea,municipality,annual,1,,2000 2005 2007-2013 2015 2019-2020 2022 2025
MN,Alberta,municipality,annual,1,,2005
MN,Albertville,municipality,annual,1,,2007
MN,Alden,municipality,annual,1,,2019
MN,Alexandria,municipality,annual,1,,2000 2002-2003 2009-2011 2013-2017 2020 2022-2023
MN,Alvarado,municipality,annual,1,,2010
MN,Andover,municipality,annual,1,,2020 2022 2024
MN,Annandale,municipality,annual,1,,2004-2005 2007-2009 2011 2015
MN,Anoka,municipality,annual,1,,2013-2014 2020-2023
MN,Anoka County,county,annual,1,,1998-2025
MN,Apple Valley,municipality,annual,1,,1998 2010 2020 2022
MN,Appleton,municipality,annual,1,,2006 2008 2020 2022-2023
MN,Argyle,municipality,annual,1,,2010-2011
MN,Arlington,municipality,annual,1,,2011-2012
MN,Ashby,municipality,annual,1,,1999 2012
MN,Ashland County,county,annual,1,,2013
MN,Askov,municipality,annual,1,,2002
MN,Atwater,municipality,annual,1,,2011 2015 2024
MN,Audubon,municipality,annual,1,,2002-2003 2015
MN,Aurora,municipality,annual,1,,2008-2009 2024
MN,Austin,municipality,annual,1,,1998 2000-2016 2020-2024
MN,Avoca,municipality,annual,1,,2004
MN,Avon,municipality,annual,1,,2002-2005
MN,Babbitt,municipality,annual,1,,2001-2002 2021-2023
MN,Backus,municipality,annual,1,,2013
MN,Badger,municipality,annual,1,,2022-2023
MN,Bagley,municipality,annual,1,,1998 2004 2018 2022-2024
MN,Barnesville,municipality,annual,1,,2003-2004 2006-2007 2011 2020
MN,Barnum,municipality,annual,1,,2011
MN,Barrett,municipality,annual,1,,2007-2009 2021
MN,Battle Lake,municipality,annual,1,,2003-2004 2020
MN,Baudette,municipality,annual,1,,2000 2007 2010
MN,Baxter,municipality,annual,1,,2001-2002 2006 2008 2018 2025
MN,Beaver Bay,municipality,annual,1,,2008-2009
MN,Becker County,county,annual,1,,1998-2024
MN,Bejou,municipality,annual,1,,2000 2002 2010
MN,Belgrade,municipality,annual,1,,2010 2014
MN,Belle Plaine,municipality,annual,1,,2003-2004 2010
MN,Beltrami County,county,annual,1,,1998-2024
MN,Belview,municipality,annual,1,,2024
MN,Bemidji,municipality,annual,1,,1999-2000 2002-2007 2009 2011-2012 2015 2019-2024
MN,Bemidji,municipality,annual,7,,2008
MN,Bemidji City,municipality,annual,1,,1998
MN,Benson,municipality,annual,1,,2004-2007 2011-2013 2020 2025
MN,Benton County,county,annual,1,,1998-2024
MN,Bertha,municipality,annual,1,,2012-2013
MN,Big Falls,municipality,annual,1,,2004 2014-2015
MN,Big Lake,municipality,annual,1,,2004-2006 2008-2011 2020 2024
MN,Big Stone County,county,annual,1,,1998 2001-2003 2007-2014 2017-2018 2020-2025
MN,Bird Island,municipality,annual,1,,2006-2010
MN,Biwabik,municipality,annual,1,,2001 2017-2018
MN,Blackduck,municipality,annual,1,,2002 2022-2025
MN,Blaine,municipality,annual,1,,1999 2012 2020 2022-2023
MN,Blomkest,municipality,annual,1,,2010
MN,Blooming Prairie,municipality,annual,1,,2011
MN,Bloomington,municipality,annual,1,,1999-2025
MN,Bloomington City,municipality,annual,1,,1998
MN,Blue Earth,municipality,annual,1,,2000-2001 2003 2007-2012 2014 2018
MN,Blue Earth County,county,annual,1,,1998-2025
MN,Bock,municipality,annual,1,,2000-2002
MN,Boyd,municipality,annual,1,,2001 2005-2006 2022
MN,Brainerd,municipality,annual,1,,1998-2001 2003-2017 2019-2025
MN,Brandon,municipality,annual,1,,2000 2011-2012
MN,Breckenridge,municipality,annual,1,,1999 2001 2008-2009 2018
MN,Brooklyn Center,municipality,annual,1,,2002-2003 2010-2015 2018-2024
MN,Brooklyn Park,municipality,annual,1,,1998-2013 2015-2017 2020 2022-2025
MN,Brooten,municipality,annual,1,,2007-2008 2018-2019
MN,Browerville,municipality,annual,1,,1998 2018
MN,Brown County,county,annual,1,,1998-2024
MN,Browns Valley,municipality,annual,1,,2011 2014-2015
MN,Brownton,municipality,annual,1,,2010 2018-2020
MN,Buckman,municipality,annual,1,,1998
MN,Buffalo,municipality,annual,1,,1998 2005 2007-2011 2013-2015 2020 2022-2025
MN,Buffalo Lake,municipality,annual,1,,2003
MN,Buhl,municipality,annual,1,,2020-2021
MN,Burnsville,municipality,annual,1,,2008 2010 2015-2018 2020-2024
MN,Butterfield,municipality,annual,1,,2001-2002
MN,Caledonia,municipality,annual,1,,2002 2011-2013 2021-2023
MN,Callaway,municipality,annual,1,,2006-2007
MN,Calumet,municipality,annual,1,,1999 2001
MN,Cambridge,municipality,annual,1,,2001-2002 2004-2005 2007-2011 2013-2016 2020 2023
MN,Cambridgem,municipality,annual,1,,2003
MN,Canby,municipality,annual,1,,1998-1999 2005 2010-2012 2014-2016 2018-2020 2022
MN,Cannon Falls,municipality,annual,1,,1999 2001-2003
MN,Canosia,municipality,annual,1,,2000
MN,Carlos,municipality,annual,1,,2015-2016
MN,Carlton,municipality,annual,1,,2000 2002 2019
MN,Carlton County,county,annual,1,,1998-2022 2024
MN,Carver,municipality,annual,1,,2004
MN,Carver County,county,annual,1,,1998-2023 2025
MN,Cass County,county,annual,1,,1998-2024
MN,Cass Lake,municipality,annual,1,,2003-2005 2015
MN,Caver County,county,annual,1,,2024
MN,Cedar Mills,municipality,annual,1,,2004
MN,Champlin,municipality,annual,1,,2004 2020 2022
MN,Chandler,municipality,annual,1,,2003
MN,Chanhassen,municipality,annual,1,,2013-2014 2020 2024
MN,Chaska,municipality,annual,1,,2010 2013 2020 2022-2024
MN,Chippewa County,county,annual,1,,1998-2003 2005-2006 2008-2024
MN,Chisago City,municipality,annual,1,,2000
MN,Chisago County,county,annual,1,,1998-2024
MN,Chisholm,municipality,annual,1,,2010 2018 2023-2024
MN,Chokio,municipality,annual,1,,2003 2006
MN,Clara City,municipality,annual,1,,2002-2003 2009-2010
MN,Claremont,municipality,annual,1,,2004-2005
MN,Clarissa,municipality,annual,1,,2003-2004
MN,Clarkfield,municipality,annual,1,,2020-2021
MN,Clay County,county,annual,1,,1998 2000-2024
MN,Clay County,county,biennial,,,1999
MN,Clear Lake,municipality,annual,1,,2009 2020
MN,Clearbrook,municipality,annual,1,,2021-2022
MN,Clearwater,municipality,annual,1,,2003 2008-2009 2021
MN,Clearwater County,county,annual,1,,1998-2024
MN,Climax,municipality,annual,1,,2016 2018 2023
MN,Clinton,municipality,annual,1,,2002-2003 2021-2023
MN,Cloquet,municipality,annual,1,,2001-2003 2006-2007 2018-2020
MN,Cokato,municipality,annual,1,,1998 2000 2003-2004 2021 2024
MN,Cold Spring,municipality,annual,1,,1998 2003-2005 2008
MN,Coleraine,municipality,annual,1,,2002-2003 2019
MN,Cologne,municipality,annual,1,,2016-2018
MN,Columbia Heights,municipality,annual,1,,1999-2005 2007 2010-2011 2017 2020 2022
MN,Columbia Heights City,municipality,annual,1,,1998
MN,Comfrey,municipality,annual,1,,1998-1999
MN,Cook,municipality,annual,1,,2004-2005 2009-2010
MN,Cook County,county,annual,1,,1998-2024
MN,Coon Rapids,municipality,annual,1,,1998-2003 2009-2010 2012 2014 2020 2022-2025
MN,Corcoran,municipality,annual,1,,2024
MN,Cosmos,municipality,annual,1,,2005 2009 2013 2021-2022
MN,Cottage Grove,municipality,annual,1,,2004-2005 2020-2022
MN,Cottonwood County,county,annual,1,,1998-2004 2006 2008-2013 2015 2020-2024
MN,Cottonwood Township,township,annual,1,,1999
MN,Courtland,municipality,annual,1,,2018-2019
MN,Cromwell,municipality,annual,1,,2012
MN,Crookston,municipality,annual,1,,1999-2001 2005 2009-2013 2017 2020-2021
MN,Crookston City,municipality,annual,1,,1998
MN,Crosby,municipality,annual,1,,2010-2011 2022-2023
MN,Crosslake,municipality,annual,1,,1998
MN,Crow Wing County,county,annual,1,,1998-2025
MN,Crystal,municipality,annual,1,,2000 2010 2020 2022
MN,Currie,municipality,annual,1,,1998
MN,Cyrus,municipality,annual,1,,2015
MN,Dakota County,county,annual,1,,1998-2025
MN,Dalton,municipality,annual,1,,2008-2009 2018
MN,Danube,municipality,annual,1,,2024-2025
MN,Darfur,municipality,annual,1,,2001
MN,Darwin,municipality,annual,1,,2013-2014
MN,Dassel,municipality,annual,1,,1999-2000 2002-2003 2008-2009 2013 2020 2022
MN,Dawson,municipality,annual,1,,2022-2023
MN,Dayton,municipality,annual,1,,2001 2009 2020-2021 2025
MN,De Graff,municipality,annual,1,,2019
MN,Deephaven,municipality,annual,1,,2002
MN,Deer River,municipality,annual,1,,1999-2001 2021-2024
MN,Deerwood,municipality,annual,1,,2020-2021
MN,Degraff,municipality,annual,1,,2003
MN,Dehli,municipality,annual,1,,2004
MN,Delano,municipality,annual,1,,1998 2003-2004 2009
MN,Delavan,municipality,annual,1,,2002-2003
MN,Detroit Lakes,municipality,annual,1,,2000-2002 2010-2012 2016-2023
MN,Dilworth,municipality,annual,1,,2025
MN,Dodge Center,municipality,annual,1,,2023-2024
MN,Dodge County,county,annual,1,,1998-2014 2017 2020
MN,Douglas County,county,annual,1,,1998-2024
MN,Duluth,municipality,annual,1,,1998-2025
MN,Dumont,municipality,annual,1,,2010 2021
MN,Dundee,municipality,annual,1,,1998 2013
MN,Dunnell,municipality,annual,1,,1999-2000
MN,Eagan,municipality,annual,1,,1998 2000 2007 2010 2014-2015 2020-2024
MN,Eagle Bend,municipality,annual,1,,2010 2018
MN,Eagle Lake,municipality,annual,1,,2010
MN,East Bethel,municipality,annual,1,,2020-2021
MN,East Grand Forks,municipality,annual,1,,1998-2002 2004-2014 2016-2018 2020 2023-2024
MN,East Gull Lake,municipality,annual,1,,2004-2006
MN,Easton,municipality,annual,1,,2021
MN,Echo,municipality,annual,1,,2006 2017
MN,Eden Prairie,municipality,annual,1,,1998 2000 2002 2007-2012 2014 2020-2023
MN,Eden Valley,municipality,annual,1,,2000-2001 2009 2013-2014 2021
MN,Edgerton,municipality,annual,1,,2002 2024
MN,Edina,municipality,annual,1,,1998 2002-2005 2007 2010 2014 2020 2022-2024
MN,Elbow Lake,municipality,annual,1,,1998 2006 2009 2013-2016 2021-2022
MN,Eleveth,municipality,annual,1,,2004
MN,Elizabeth,municipality,annual,1,,2007-2008 2023-2024
MN,Elk River,municipality,annual,1,,2000-2003 2006 2008-2009 2020 2022-2024
MN,Elko New Market,municipality,annual,1,,2014-2015
MN,Ellendale,municipality,annual,1,,2006-2008
MN,Ely,municipality,annual,1,,1999-2002 2006-2007 2009 2012 2015-2017 2019-2022 2024-2025
MN,Emily,municipality,annual,1,,2005-2006
MN,Erskine,municipality,annual,1,,1998 2013
MN,Evan,municipality,annual,1,,2006-2007
MN,Evansville,municipality,annual,1,,2014
MN,Eveleth,municipality,annual,1,,2005 2008 2010 2019 2021-2022
MN,Fairfax,municipality,annual,1,,1999-2000 2012
MN,Fairmont,municipality,annual,1,,1998-1999 2002-2006 2010-2025
MN,Faribault,municipality,annual,1,,2000-2004 2006-2012 2014-2015 2019-2023 2025
MN,Faribault County,county,annual,1,,2001-2002 2004 2007-2008 2010-2011 2016 2020-2024
MN,Farmington,municipality,annual,1,,2020 2025
MN,Fayal,municipality,annual,1,,1999-2001
MN,Fergus Falls,municipality,annual,1,,2001 2003 2005 2007 2009 2011-2012 2019-2021 2023-2024
MN,Fertile,municipality,annual,1,,2003 2019
MN,Fillmore County,county,annual,1,,1998-2004 2006-2024
MN,Finlayson,municipality,annual,1,,2001
MN,Fisher,municipality,annual,1,,1998 2004-2005
MN,Foley,municipality,annual,1,,2000-2001 2010 2022
MN,Forada,municipality,annual,1,,2007
MN,Forest Lake,municipality,annual,1,,2020 2022
MN,Fosston,municipality,annual,1,,2001-2003 2005-2006 2011-2014 2023-2024
MN,Fountain,municipality,annual,1,,2009
MN,Franklin,municipality,annual,1,,2004-2005 2013
MN,Frazee,municipality,annual,1,,2020-2021
MN,Freeborn,municipality,annual,1,,2015-2016
MN,Freeborn County,county,annual,1,,1998-2025
MN,Freeport,municipality,annual,1,,2006 2011-2012 2021
MN,Fridley,municipality,annual,1,,1998-2002 2009 2017 2020 2022-2024
MN,Frost,municipality,annual,1,,1999
MN,Garfield,municipality,annual,1,,2011
MN,Garvin,municipality,annual,1,,2004
MN,Gary,municipality,annual,1,,2006 2020
MN,Gibbon,municipality,annual,1,,2014
MN,Gilbert,municipality,annual,1,,2010 2018-2020
MN,Glencoe,municipality,annual,1,,2014-2015 2019-2021 2023
MN,Glenwood,municipality,annual,1,,2008 2013-2014 2018
MN,Glyndon,municipality,annual,1,,2003 2010
MN,Golden Valley,municipality,annual,1,,2020 2024
MN,Gonvick,municipality,annual,1,,2013
MN,Goodhue County,county,annual,1,,1998-2025
MN,Goodview,municipality,annual,1,,2008-2009
MN,Graceville,municipality,annual,1,,2015-2016
MN,Grand Forks,municipality,annual,1,,2025
MN,Grand Lake,municipality,annual,1,,2000-2001
MN,Grand Marais,municipality,annual,1,,1999 2004
MN,Grand Meadow,municipality,annual,1,,2022-2023
MN,Grand Rapids,municipality,annual,1,,2000-2002 2005-2006 2008-2011 2013-2014 2016 2018 2020-2021 2023
MN,Grands Rapids,municipality,annual,1,,2012 2019
MN,Granite Falls,municipality,annual,1,,2000-2001 2006 2010-2015
MN,Grant County,county,annual,1,,1998 2000-2002 2007-2014 2016-2023
MN,Green Isle,municipality,annual,1,,2000
MN,Greenbush,municipality,annual,1,,2010 2013 2021
MN,Grey Eagle,municipality,annual,1,,1998 2021
MN,Grove City,municipality,annual,1,,2001-2002 2008 2016-2018
MN,Hadley,municipality,annual,1,,2010
MN,Hallock,municipality,annual,1,,2016 2019
MN,Halstad,municipality,annual,1,,1998
MN,Ham Lake,municipality,annual,1,,2020 2023
MN,Hamburg,municipality,annual,1,,2019
MN,Hammond,municipality,annual,1,,2006
MN,Hancock,municipality,annual,1,,1998-2000 2008-2009
MN,Hanley Falls,municipality,annual,1,,1998-2000 2007 2014 2023
MN,Hanover,municipality,annual,1,,1999-2000 2013
MN,Hanska,municipality,annual,1,,2014
MN,Harmony,municipality,annual,1,,2016
MN,Harris,municipality,annual,1,,2006
MN,Hartland,municipality,annual,1,,2013
MN,Hastings,municipality,annual,1,,2002 2020 2025
MN,Hawley,municipality,annual,1,,2006-2008
MN,Hayfield,municipality,annual,1,,2014-2015
MN,Hector,municipality,annual,1,,2010-2011 2015-2017
MN,Henderson,municipality,annual,1,,2007-2008
MN,Hendrum,municipality,annual,1,,2000
MN,Hennepin County,county,annual,1,,1998-2025
MN,Henning,municipality,annual,1,,2001-2002 2005 2013-2014 2023
MN,Herman,municipality,annual,1,,1999 2003-2005 2014-2016
MN,Hermantown,municipality,annual,1,,2006-2007 2011 2016 2023
MN,Heron Lake,municipality,annual,1,,2017
MN,Hibbing,municipality,annual,1,,1998 2000-2001 2003-2005 2007 2010-2014 2017 2020 2022-2024
MN,Hill City,municipality,annual,1,,2025
MN,Hinckley,municipality,annual,1,,1999-2002
MN,Hoffman,municipality,annual,1,,1998 2004-2005 2009-2010
MN,Hokah,municipality,annual,1,,2008
MN,Holdingford,municipality,annual,1,,2011-2012
MN,Hopkins,municipality,annual,1,,2002-2004 2010 2013 2015 2020 2022-2024
MN,Houston,municipality,annual,1,,2019
MN,Houston County,county,annual,1,,1998-2024
MN,Howard Lake,municipality,annual,1,,2009-2011
MN,Hoyt Lakes,municipality,annual,1,,2001 2019 2021
MN,Hubbard County,county,annual,1,,1998-2024
MN,Hugo,municipality,annual,1,,2020 2023
MN,Hutchinson,municipality,annual,1,,1998-2001 2003 2005-2011 2015 2019-2020 2023
MN,Ida Township,township,annual,1,,2001-2002
MN,International Falls,municipality,annual,1,,2001-2002 2004-2010
MN,Inver Grove Heights,municipality,annual,1,,2010 2020 2022-2025
MN,Iona,municipality,annual,1,,2003
MN,Iron Junction,municipality,annual,1,,2010
MN,Isanti,municipality,annual,1,,2007-2009 2011
MN,Isanti County,county,annual,1,,1998-2004 2006-2017 2019-2023
MN,Isle,municipality,annual,1,,2022-2023
MN,Itasca County,county,annual,1,,1998-2020 2022-2024
MN,Ivanhoe,municipality,annual,1,,2010 2014
MN,Jackson,municipality,annual,1,,2009 2011-2013 2021-2022 2024
MN,Jackson County,county,annual,1,,1998-2014 2017 2020 2022-2023
MN,Jordan,municipality,annual,1,,2000-2001 2003
MN,Kanabec County,county,annual,1,,1998-2024
MN,Kandiyohi,municipality,annual,1,,2009-2010 2014-2015
MN,Kandiyohi County,county,annual,1,,1998-2024
MN,Karlstad,municipality,annual,1,,2013
MN,Kasson,municipality,annual,1,,2001-2002 2011-2012 2017
MN,Kelliher,municipality,annual,1,,2017-2018
MN,Kenneth,municipality,annual,1,,2004
MN,Kensington,municipality,annual,1,,2001
MN,Kenyon,municipality,annual,1,,2013-2014 2016-2017
MN,Kerkhoven,municipality,annual,1,,2011
MN,Kettle River,municipality,annual,1,,2004
MN,Kilkenny,municipality,annual,1,,2000
MN,Kimball,municipality,annual,1,,2003 2012
MN,Kittson County,county,annual,1,,1998-2002 2004 2006-2014 2016-2021
MN,Koochiching County,county,annual,1,,1998-2024
MN,La Crescent,municipality,annual,1,,1998
MN,La Salle,municipality,annual,1,,2008
MN,Lac Qui Parle County,county,annual,1,,1998 2001-2002 2004-2014 2016 2018 2020-2024
MN,Lafayette,municipality,annual,1,,2012-2013
MN,Lake Benton,municipality,annual,1,,2012
MN,Lake Bronson,municipality,annual,1,,2009
MN,Lake City,municipality,annual,1,,2002-2004 2020-2021
MN,Lake County,county,annual,1,,1998-2024
MN,Lake Crystal,municipality,annual,1,,2004
MN,Lake Lillian,municipality,annual,1,,2007 2020-2022 2024-2025
MN,Lake Mary Township,township,annual,1,,1998 2000
MN,Lake Park,municipality,annual,1,,2003 2011 2021 2023
MN,Lake Wilson,municipality,annual,1,,1999 2004
MN,Lakefield,municipality,annual,1,,1998-2001 2004-2006 2021-2024
MN,Lakeville,municipality,annual,1,,1998 2009 2013 2020 2022 2025
MN,Lamberton,municipality,annual,1,,2004-2005
MN,Lancaster,municipality,annual,1,,2013
MN,Lanesboro,municipality,annual,1,,2015 2021-2023
MN,Lansing Township,township,annual,1,,2003-2004
MN,Le Center,municipality,annual,1,,1999 2007
MN,Le Sueur,municipality,annual,1,,2012 2022
MN,Le Sueur County,county,annual,1,,1998-2005 2024
MN,Lecenter,municipality,annual,1,,2004-2006
MN,Lester Prairie,municipality,annual,1,,2006-2007 2011-2012
MN,Lesueur,municipality,annual,1,,2007-2008
MN,Lewiston,municipality,annual,1,,2000-2002
MN,Lewisville,municipality,annual,1,,2002-2003 2010 2014
MN,Lincoln County,county,annual,1,,2004 2008-2009 2012 2018 2020 2022 2024
MN,Lino Lakes,municipality,annual,1,,1998 2020 2022
MN,Lismore,municipality,annual,1,,2004 2011-2012
MN,Litchfield,municipality,annual,1,,1999-2003 2009-2012 2016 2020 2022-2024
MN,Little Canada,municipality,annual,1,,2020 2023
MN,Little Falls,municipality,annual,1,,1998 2003-2007 2009-2010 2019-2021 2024
MN,Littlefork,municipality,annual,1,,2002 2017-2018
MN,Long Prairie,municipality,annual,1,,2002-2003 2006 2009 2011-2014 2019-2020 2022-2023
MN,Longville,municipality,annual,1,,2015
MN,Lonsdale,municipality,annual,1,,2003-2005 2011
MN,Loretto,municipality,annual,1,,2006
MN,Lowry,municipality,annual,1,,2010 2017
MN,Lucan,municipality,annual,1,,2003-2004
MN,Luverne,municipality,annual,1,,2004 2007-2009 2013 2022
MN,Lyon County,county,annual,1,,2005-2006 2008-2013 2020-2021 2024
MN,Mabel,municipality,annual,1,,2003-2004
MN,Madelia,municipality,annual,1,,2006-2007
MN,Madison,municipality,annual,1,,1998 2004-2005 2010-2012 2022
MN,Madison Lake,municipality,annual,1,,2010 2012
MN,Mahnomen,municipality,annual,1,,2000-2001 2003-2004 2008 2019-2021
MN,Mahnomen County,county,annual,1,,1998-2024
MN,Manchester,municipality,annual,1,,2010
MN,Mankato,municipality,annual,1,,2000-2025
MN,Mankato City,municipality,annual,1,,1998-1999
MN,Maple Grove,municipality,annual,1,,1998 2000-2017 2020-2022 2024-2025
MN,Maple Lake,municipality,annual,1,,2010 2013
MN,Maple Plain,municipality,annual,1,,2007-2008
MN,Mapleton,municipality,annual,1,,2014
MN,Maplewood,municipality,annual,1,,2010-2011 2013-2015 2020-2021
MN,Marshall,municipality,annual,1,,1998-1999 2004-2007 2009-2012 2019-2021 2023-2024
MN,Marshall County,county,annual,1,,1998-2022 2024-2025
MN,Martin County,county,annual,1,,1999-2000 2002 2004 2009-2011 2013-2015 2020 2022
MN,Mashall County,county,annual,1,,2023
MN,Mayer,municipality,annual,1,,2000 2006-2007 2021
MN,Maynard,municipality,annual,1,,2003-2006 2017
MN,Mcgregor,municipality,annual,1,,2003
MN,Mcintosh,municipality,annual,1,,2008 2012
MN,Mcleod County,county,annual,1,,1998-2024
MN,Medford,municipality,annual,1,,2007 2010-2011
MN,Meeker County,county,annual,1,,1998-2024
MN,Melrose,municipality,annual,1,,1999-2000 2022
MN,Menahga,municipality,annual,1,,1998-1999 2016
MN,Mendota Heights,municipality,annual,1,,2020 2022
MN,Middle River,municipality,annual,1,,2003
MN,Midway Township,township,annual,1,,2012
MN,Milaca,municipality,annual,1,,2024
MN,Milan,municipality,annual,1,,2012
MN,Mille Lacs County,county,annual,1,,1998-2024
MN,Milroy,municipality,annual,1,,2022
MN,Miltona,municipality,annual,1,,2014
MN,Minneapolis,municipality,annual,1,,1998-2025
MN,Minneota,municipality,annual,1,,2003-2004 2010
MN,Minnetonka,municipality,annual,1,,2002 2012 2018 2020-2021 2024
MN,Minnetrista,municipality,annual,1,,2010 2015-2016
MN,Montevideo,municipality,annual,1,,1998 2000-2001 2008-2012 2015 2020
MN,Montgomery,municipality,annual,1,,2002-2004 2010
MN,Monticello,municipality,annual,1,,2000 2009 2016 2018 2020 2023 2025
MN,Montrose,municipality,annual,1,,2020
MN,Montrose,municipality,biennial,,,2004
MN,Moorhead,municipality,annual,1,,1998-2025
MN,Moose Lake,municipality,annual,1,,2004 2009-2010 2015-2016
MN,Mora,municipality,annual,1,,1999 2003 2007 2011 2015-2017
MN,Morgan,municipality,annual,1,,2016-2020 2025
MN,Morris,municipality,annual,1,,2001 2003 2010 2012-2014 2016-2025
MN,Morrison County,county,annual,1,,1998-2024
MN,Morton,municipality,annual,1,,2011
MN,Motley,municipality,annual,1,,2010-2011 2014-2015
MN,Mound,municipality,annual,1,,2003 2010
MN,Mounds View,municipality,annual,1,,2020
MN,Mountain Iron,municipality,annual,1,,2009
MN,Mountain Lake,municipality,annual,1,,2000-2001 2003-2004 2012-2014 2020-2021
MN,Mower County,county,annual,1,,1998-2025
MN,Murray County,county,annual,1,,2001-2002 2004 2008-2013 2019-2020 2022-2024
MN,Nashwauk,municipality,annual,1,,1999-2000 2010 2018 2021-2022
MN,Naswauk,municipality,annual,1,,2011
MN,Nerstrand,municipality,annual,1,,2003
MN,New Auburn,municipality,annual,1,,2006-2007
MN,New Brighton,municipality,annual,1,,2020-2021
MN,New Germany,municipality,annual,1,,2012-2014
MN,New Hope,municipality,annual,1,,1998 2000-2001 2010 2013 2020-2021
MN,New London,municipality,annual,1,,2011 2019 2023
MN,New Prague,municipality,annual,1,,2008-2010 2020-2021
MN,New Richland,municipality,annual,1,,2003-2004 2011-2012
MN,New Ulm,municipality,annual,1,,2000-2015 2019-2020 2022-2025
MN,New Ulm Eda,municipality,annual,7,,2002
MN,New York Mills,municipality,annual,1,,2003-2004 2006-2009 2015-2016
MN,Newfolden,municipality,annual,1,,2012
MN,Newport,municipality,annual,1,,2003-2004 2006-2007
MN,Nicollet,municipality,annual,1,,2016
MN,Nicollet County,county,annual,1,,1998-2024
MN,Nielsville,municipality,annual,1,,2006
MN,Nisswa,municipality,annual,1,,2000 2020-2021
MN,Nobles County,county,annual,1,,1998-2024
MN,Norman County,county,annual,1,,1998-2003 2005-2023
MN,North Branch,municipality,annual,1,,1999 2003-2004 2007 2009-2011 2020 2022
MN,North Mankato,municipality,annual,1,,2000-2001 2011 2015-2016 2019-2020 2022-2023
MN,North St. Paul,municipality,annual,1,,2020
MN,Northfield,municipality,annual,1,,2000-2003 2008-2009 2016 2020-2021
MN,Northome,municipality,annual,1,,2003-2004 2019-2021
MN,Northrop,municipality,annual,1,,2014
MN,Norwood Young America,municipality,annual,1,,2010
MN,Oak Grove,municipality,annual,1,,2024
MN,Oakdale,municipality,annual,1,,2020-2021
MN,Odessa,municipality,annual,1,,2009
MN,Ogilvie,municipality,annual,1,,2025
MN,Olivia,municipality,annual,1,,2011-2013 2022-2025
MN,Olmsted County,county,annual,1,,1998-2025
MN,Onamia,municipality,annual,1,,2021 2024-2025
MN,Ormsby,municipality,annual,1,,2010
MN,Orono,municipality,annual,1,,2023
MN,Oronoco,municipality,annual,1,,2009 2023
MN,Orr,municipality,annual,1,,2002 2007 2011
MN,Ortonville,municipality,annual,1,,1998 2008-2009 2014 2019-2020 2023
MN,Osakis,municipality,annual,1,,2002-2003 2011-2013 2016-2017 2024
MN,Oslo,municipality,annual,1,,2018-2019
MN,Ostrander,municipality,annual,1,,2018 2020-2021
MN,Otsego,municipality,annual,1,,2015 2020-2021 2023 2025
MN,Otter Tail County,county,annual,1,,1998-2012 2023-2024
MN,Ottertail,municipality,annual,1,,2002-2003
MN,Owatonna,municipality,annual,1,,1998 2001-2011 2013-2014 2020-2024
MN,Park Rapids,municipality,annual,1,,1998-1999 2007 2010-2011 2013-2014 2017
MN,Paynesville,municipality,annual,1,,2008-2009 2012-2014 2020
MN,Pease,municipality,annual,1,,1998-1999
MN,Pelican Rapids,municipality,annual,1,,2008-2009 2012-2015 2020
MN,Pennington County,county,annual,1,,1998-2003 2005-2024
MN,Pennock,municipality,annual,1,,1999-2000
MN,Pequot Lakes,municipality,annual,1,,2000
MN,Perham,municipality,annual,1,,1998-2001 2004 2006 2009 2011-2015 2022-2023
MN,Pierz,municipality,annual,1,,2011
MN,Pine County,county,annual,1,,1998-2024
MN,Pine Island,municipality,annual,1,,1998-2002
MN,Pine River,municipality,annual,1,,2024
MN,Pipestone,municipality,annual,1,,2001 2003 2011-2013 2016-2019 2021-2023
MN,Pipestone County,county,annual,1,,1998-2005 2008-2012 2014-2015 2017 2020 2022
MN,Plainview,municipality,annual,1,,2006
MN,Plummer,municipality,annual,1,,2011
MN,Plymouth,municipality,annual,1,,1998-2016 2018-2025
MN,Plymouth,municipality,annual,7,,2017
MN,Polk County,county,annual,1,,1998-2024
MN,Pope County,county,annual,1,,1998-2003 2005-2006 2008-2020 2022-2024
MN,Princeton,municipality,annual,1,,2010-2014 2020-2021
MN,Prinsburg,municipality,annual,1,,2005
MN,Prior Lake,municipality,annual,1,,2020 2022 2025
MN,Ramsey,municipality,annual,1,,2000-2001 2006 2011-2012 2017 2020 2022
MN,Ramsey County,county,annual,1,,1998-2024
MN,Ranier,municipality,annual,1,,2011
MN,Raymond,municipality,annual,1,,2013-2014
MN,Red Lake County,county,annual,1,,2002 2005-2007 2009-2011 2015 2020 2023-2024
MN,Red Lake Falls,municipality,annual,1,,2009-2010 2020 2024
MN,Red Wing,municipality,annual,1,,1998-2006 2012 2014-2022 2024-2025
MN,Redwood County,county,annual,1,,1998-2012 2015 2018-2025
MN,Redwood Falls,municipality,annual,1,,2009-2011 2017-2018 2022-2025
MN,Remer,municipality,annual,1,,2001 2009
MN,Renville,municipality,annual,1,,2010
MN,Renville County,county,annual,1,,1998-2024
MN,Revere,municipality,annual,1,,2004 2020
MN,Rice,municipality,annual,1,,2005
MN,Rice County,county,annual,1,,1998-2025
MN,Richfield,municipality,annual,1,,1998-2025
MN,Richmond,municipality,annual,1,,2003 2006-2007 2009 2013 2023 2025
MN,Robbinsdale,municipality,annual,1,,2020
MN,Rochester,municipality,annual,1,,1998-2024
MN,Rock County,county,annual,1,,1998 2000-2004 2006-2011 2013-2014 2020 2022
MN,Rockville,municipality,annual,1,,2001 2004-2005
MN,Rogers,municipality,annual,1,,2010 2020
MN,Rollingstone,municipality,annual,1,,2000
MN,Roseau,municipality,annual,1,,1998 2002-2007 2015 2019-2020
MN,Roseau County,county,annual,1,,1998-2024
MN,Roseland Township,township,annual,1,,2012
MN,Rosemount,municipality,annual,1,,2000 2010 2020 2022
MN,Roseville,municipality,annual,1,,2000-2001 2003 2006 2010-2012 2014 2020-2024
MN,Rothsay,municipality,annual,1,,2014
MN,Royalton,municipality,annual,1,,2000 2021
MN,Ruhmore,municipality,annual,1,,2022
MN,Rush City,municipality,annual,1,,1998-1999 2001 2005 2015 2025
MN,Rushford,municipality,annual,1,,2000 2007-2012 2014
MN,Rushmore,municipality,annual,1,,2023
MN,Russell,municipality,annual,1,,2022 2024
MN,Sabin,municipality,annual,1,,2005
MN,Sacred Heart,municipality,annual,1,,2005-2006 2015-2016 2018-2019
MN,Saint Cloud,municipality,annual,1,,2005-2008 2019-2020 2022-2024
MN,Saint Paul,municipality,annual,1,,1998-2022 2024
MN,Saint Peter,municipality,annual,1,,2009-2011 2017 2020
MN,Sanborn,municipality,annual,1,,2001-2003
MN,Sandstone,municipality,annual,1,,2021 2023
MN,Sartell,municipality,annual,1,,2003 2017 2020 2022-2024
MN,Sauk Centre,municipality,annual,1,,1999 2006-2007 2010-2011 2017
MN,Sauk Rapids,municipality,annual,1,,2004-2007 2021 2024-2025
MN,Savage,municipality,annual,1,,1998-2001 2006 2012 2020 2023-2024
MN,Scott County,county,annual,1,,1998-2025
MN,Seaforth,municipality,annual,1,,2010
MN,Sebeka,municipality,annual,1,,2023
MN,Shafer,municipality,annual,1,,2002
MN,Shakopee,municipality,annual,1,,1998 2002 2014 2020-2021 2025
MN,Sherburn,municipality,annual,1,,2010 2016-2017 2023
MN,Sherburne County,county,annual,1,,1998-2025
MN,Shingobee Township,township,annual,1,,2000
MN,Shoreview,municipality,annual,1,,1998 2020-2021
MN,Sibley County,county,annual,1,,1998-2003 2006 2008-2024
MN,Silver Bay,municipality,annual,1,,1999 2001 2007 2020-2021
MN,Silver Creek,municipality,annual,1,,1999
MN,Silver Lake,municipality,annual,1,,2025
MN,Slayton,municipality,annual,1,,2011 2023-2024
MN,Sleepy Eye,municipality,annual,1,,1999 2009-2010
MN,South Haven,municipality,annual,1,,2002-2003 2022-2023
MN,South Saint Paul,municipality,annual,1,,2006 2009-2010 2014-2015 2017-2021 2023
MN,South St. Paul,municipality,annual,1,,2022 2024-2025
MN,Spring Lake Park,municipality,annual,1,,2003-2004
MN,Spring Lake Township,township,annual,1,,2001 2005
MN,Spring Valley,municipality,annual,1,,1999-2000 2002 2010
MN,Springfield,municipality,annual,1,,2001 2009 2012 2022-2024
MN,St Anthony,municipality,annual,1,,1999
MN,St Cloud,municipality,annual,1,,1998-2000 2009 2025
MN,St Louis County,county,annual,1,,1998-2004 2021-2022
MN,St Louis Park,municipality,annual,1,,1998-1999 2002-2003
MN,St Martin,municipality,annual,1,,2016-2018
MN,St Michael,municipality,annual,1,,2000
MN,St Peter,municipality,annual,1,,1998-2000
MN,St. Anthony,municipality,annual,1,,2005 2017
MN,St. Augusta,municipality,annual,1,,2004 2010
MN,St. Clair,municipality,annual,1,,2007
MN,St. Cloud,municipality,annual,1,,2001-2002 2004 2010-2018
MN,St. Francis,municipality,annual,1,,2007-2008 2015-2016
MN,St. Hilaire,municipality,annual,1,,2008-2009
MN,St. James,municipality,annual,1,,2002 2009-2012 2019-2020 2023
MN,St. Joseph,municipality,annual,1,,2002
MN,St. Louis County,county,annual,1,,2005-2020 2023-2025
MN,St. Louis Park,municipality,annual,1,,2005 2009-2010 2013-2014 2017 2020-2024
MN,St. Michael,municipality,annual,1,,2001 2007-2009 2020 2023-2024
MN,St. Paul Park,municipality,annual,1,,2004-2005
MN,St. Peter,municipality,annual,1,,2001-2006 2014 2023
MN,Stacy,municipality,annual,1,,2017
MN,Staples,municipality,annual,1,,1998 2003-2004 2006 2020-2021
MN,Starbuck,municipality,annual,1,,2020
MN,Stearns County,county,annual,1,,1998-2024
MN,Steele County,county,annual,1,,1998-2014 2016-2017 2020-2024
MN,Stevens County,county,annual,1,,1998 2000-2002 2004 2008-2014 2016-2024
MN,Stewart,municipality,annual,1,,2012-2013
MN,Stillwater,municipality,annual,1,,2001 2020 2024
MN,Storden,municipality,annual,1,,2004 2010
MN,Strandquist,municipality,annual,1,,2002
MN,Sturgeon Lake,municipality,annual,1,,2005 2007-2008
MN,Swanville,municipality,annual,1,,2009 2013
MN,Swift County,county,annual,1,,1998 2000-2020 2022-2024
MN,Tamarack,municipality,annual,1,,2002
MN,Taylors Falls,municipality,annual,1,,1998 2007-2008
MN,Thief River Falls,municipality,annual,1,,1998-1999 2002-2003 2005 2007-2008 2011-2014 2019-2020
MN,Thomson,municipality,annual,1,,2003
MN,Todd County,county,annual,1,,1998-1999 2001-2025
MN,Todd County,county,biennial,,,2000
MN,Tower,municipality,annual,1,,2000 2011-2012 2024
MN,Tracy,municipality,annual,1,,2005 2016-2023
MN,Traverse County,county,annual,1,,2001-2002 2008-2015 2017 2020-2021 2023-2024
MN,Trempealeau County,county,annual,1,,2023
MN,Trimont,municipality,annual,1,,2005
MN,Truman,municipality,annual,1,,1999
MN,Twin Lakes,municipality,annual,1,,2001
MN,Twin Valley,municipality,annual,1,,2006-2008 2020 2024
MN,Two Harbors,municipality,annual,1,,2000 2002-2003 2005-2006 2009-2012 2015-2016 2018-2020 2023-2025
MN,Tyler,municipality,annual,1,,2011-2012
MN,Ulen,municipality,annual,1,,2005-2006 2011
MN,Underwood,municipality,annual,1,,2002 2004 2009
MN,Vadnais Heights,municipality,annual,1,,2020
MN,Vergas,municipality,annual,1,,2000 2014
MN,Verndale,municipality,annual,1,,2009 2011 2016 2019 2021
MN,Vesta,municipality,annual,1,,2014
MN,Viking,municipality,annual,1,,2006-2007 2014
MN,Villard,municipality,annual,1,,2007
MN,Virginia,municipality,annual,1,,1999-2001 2003 2011-2014 2020 2024
MN,Wabasha,municipality,annual,1,,2004 2023-2025
MN,Wabasha County,county,annual,1,,1998-2024
MN,Wabasso,municipality,annual,1,,2011 2024-2025
MN,Waconia,municipality,annual,1,,2020
MN,Wadena,municipality,annual,1,,1998 2001-2003 2008 2010-2017
MN,Wadena County,county,annual,1,,1998-2024
MN,Wahkon,municipality,annual,1,,2024
MN,Waite Park,municipality,annual,1,,2010 2020
MN,Waldorf,municipality,annual,1,,2020-2022
MN,Walker,municipality,annual,1,,1999-2000 2016 2020-2021 2023-2024
MN,Walnut Grove,municipality,annual,1,,2004-2005
MN,Wanamingo,municipality,annual,1,,2001-2002
MN,Warren,municipality,annual,1,,1998-2002 2011 2013-2015 2017 2022-2023
MN,Warroad,municipality,annual,1,,2002 2012 2014-2016
MN,Waseca,municipality,annual,1,,2001 2004 2009-2014 2018 2020 2022-2025
MN,Waseca County,county,annual,1,,1998-2014 2017 2020-2024
MN,Washington County,county,annual,1,,1998-2019 2021-2025
MN,Watertown,municipality,annual,1,,2001-2003 2022-2023
MN,Waterville,municipality,annual,1,,2011-2013 2015-2017
MN,Watkins,municipality,annual,1,,2007-2008 2023
MN,Watonwan County,county,annual,1,,1998-2004 2006-2024
MN,Watson,municipality,annual,1,,2010-2011
MN,Waubun,municipality,annual,1,,2018-2020
MN,Waverly,municipality,annual,1,,2019-2021
MN,Welcome,municipality,annual,1,,2006
MN,Wells,municipality,annual,1,,2005 2010
MN,Wendell,municipality,annual,1,,2013
MN,West Concord,municipality,annual,1,,2004-2005
MN,West Saint Paul,municipality,annual,1,,2023-2025
MN,West St. Paul,municipality,annual,1,,2015-2016 2019-2020
MN,Westbrook,municipality,annual,1,,2024
MN,Wheaton,municipality,annual,1,,2004 2008-2013 2015-2016 2018
MN,White Bear Lake,municipality,annual,1,,2020 2022
MN,White Bear Township,township,annual,1,,2020
MN,Wilkin County,county,annual,1,,1998-2003 2005-2024
MN,Williams,municipality,annual,1,,2000
MN,Willmar,municipality,annual,1,,2002-2011 2013-2016 2020 2022-2024
MN,Willow River,municipality,annual,1,,2002 2010-2011
MN,Wilmont,municipality,annual,1,,2010
MN,Windom,municipality,annual,1,,2005 2009 2012 2019-2020
MN,Winger,municipality,annual,1,,2019 2023-2024
MN,Winnebago,municipality,annual,1,,1998 2001 2007 2011-2012 2019-2021
MN,Winona,municipality,annual,1,,1998-1999 2001-2002 2004-2015 2017 2020 2022 2024-2025
MN,Winona County,county,annual,1,,1998-2023
MN,Winsted,municipality,annual,1,,2006-2007 2019-2020 2025
MN,Wood Lake,municipality,annual,1,,2004 2021-2023
MN,Woodbury,municipality,annual,1,,1998 2001-2004 2009-2011 2020-2024
MN,Woodstock,municipality,annual,1,,2002
MN,Worthington,municipality,annual,1,,1998-2000 2003 2005-2006 2009-2013 2015-2018 2020-2024
MN,Wright County,county,annual,1,,1998-2025
MN,Wykoff,municipality,annual,1,,2014-2015
MN,Wyoming,municipality,annual,1,,2005
MN,Yellow Medicine County,county,annual,1,,1998-2003 2006-2018 2020-2024
MN,Zimmerman,municipality,annual,1,,2007 2009-2010 2023-2024
MN,Zumbro Falls,municipality,annual,1,,2006
MN,Zumbrota,municipality,annual,1,,1999
MS,Aberdeen,municipality,annual,10,,2003
MS,Ackerman,municipality,annual,10,,1998
MS,Adams County,county,annual,10,,1998-2020
MS,Alcorn County,county,annual,10,,1998-2001 2005 2007 2010-2011 2015-2016 2022
MS,Amite County,county,annual,10,,2007-2009 2012
MS,Amory,municipality,annual,10,,2011-2012 2023-2024
MS,Amroy,municipality,annual,10,,2005
MS,Ashland,municipality,annual,10,,2011 2013
MS,Attala County,county,annual,10,,2001 2003 2024
MS,Baldwyn,municipality,annual,10,,1998 2000 2003 2008 2010 2013-2014 2018-2022
MS,Bassfield,municipality,annual,10,,2001 2005-2007
MS,Batesville,municipality,annual,10,,1998 2000-2003 2005 2011 2014-2015 2024
MS,Bay Springs,municipality,annual,10,,1998 2004 2006-2007 2010-2011 2013-2015
MS,Bay St. Louis,municipality,annual,10,,2000 2003 2006-2013 2015 2020-2023
MS,Beaumont,municipality,annual,10,,2003 2006
MS,Belmont,municipality,annual,10,,1998-2000 2008 2011 2024
MS,Belzoni,municipality,annual,7,,2011
MS,Belzoni,municipality,annual,10,,1998-1999 2002-2003 2005 2010 2012
MS,Benton County,county,annual,10,,2002 2005 2007 2009-2013 2016 2022-2023
MS,Biloxi,municipality,annual,10,,1998-2017 2019-2021 2023-2025
MS,Blue Springs,municipality,annual,10,,2003
MS,Bolivar County,county,annual,7,,2013
MS,Bolivar County,county,annual,10,,1998-2000 2002 2004 2010-2012 2014
MS,Bolton,municipality,annual,10,,2011
MS,Booneville,municipality,annual,10,,1998-1999 2002-2003 2005 2011
MS,Brandon,municipality,annual,10,,1999 2003-2004 2008-2010 2014 2018 2022-2025
MS,Brookhaven,municipality,annual,10,,2000 2002-2004 2006-2016 2018-2019 2022
MS,Bruce,municipality,annual,10,,2000 2015
MS,Burnsville,municipality,annual,10,,1998-1999 2009
MS,Byhalia,municipality,annual,10,,1998 2003 2007 2010-2012 2014 2016-2017 2024
MS,Byram,municipality,annual,10,,2012 2014 2016 2019-2020 2025
MS,Calhoun County,county,annual,10,,2003 2007 2011-2013 2022-2023
MS,Canton,municipality,annual,10,,1999-2000 2003-2007 2009 2012 2014-2015 2020
MS,Carroll County,county,annual,10,,2002-2004 2007 2011 2020
MS,Carthage,municipality,annual,10,,2001 2005 2010-2011 2014 2023
MS,Cascade,municipality,annual,7,,2023
MS,Centreville,municipality,annual,10,,2001 2010-2011 2015
MS,Charleston,municipality,annual,10,,2000 2013
MS,Chickasaw County,county,annual,10,,2009 2011
MS,Choctaw County,county,annual,10,,2001 2003-2005 2007 2010-2011
MS,Claiborne County,county,annual,10,,1998-2006 2008-2019
MS,Clarke County,county,annual,7,,2008
MS,Clarke County,county,annual,10,,2004-2006 2010
MS,Clarksdale,municipality,annual,10,,2003 2010-2012 2014
MS,Clay County,county,annual,10,,1999 2001 2003 2009 2013
MS,Cleveland,municipality,annual,10,,1998-1999 2002-2003 2006-2013 2015 2017 2020-2025
MS,Clinton,municipality,annual,10,,2000-2011 2013-2016 2020-2022
MS,Coahoma County,county,annual,10,,1998-1999 2002-2010 2012-2018 2023
MS,Coffeeville,municipality,annual,10,,2000-2001
MS,Coldwater,municipality,annual,10,,1998
MS,Collins,municipality,annual,10,,2000-2002 2006-2007 2011-2012 2023
MS,Columbia,municipality,annual,10,,2006
MS,Columbus,municipality,annual,10,,2000-2002 2004-2015 2019-2022
MS,Como,municipality,annual,10,,1999
MS,Copiah County,county,annual,10,,1999-2001 2005-2015
MS,Corinth,municipality,annual,10,,1998-2020 2022-2023
MS,Corinth Gas & Water,municipality,annual,10,,2003-2008 2011-2012 2014
MS,Covington County,county,annual,10,,1998 2000 2005 2010 2020-2021 2023
MS,Crawford,municipality,annual,10,,1998 2009
MS,Crenshaw,municipality,annual,10,,2000
MS,Crowder,municipality,annual,10,,2006
MS,Crystal Springs,municipality,annual,10,,2001 2003 2023
MS,D'Iberville,municipality,annual,10,,2005-2009 2011-2015 2018-2024
MS,Decatur,municipality,annual,10,,2003 2010 2017 2024
MS,Dekalb,municipality,annual,10,,2003 2011
MS,Derma,municipality,annual,10,,2005-2006
MS,Desoto County,county,annual,10,,1998-2018 2020-2021
MS,Diamondhead,municipality,annual,10,,2021
MS,Diberville,municipality,annual,10,,2010 2025
MS,Drew,municipality,annual,10,,2002-2003 2016
MS,Duck Hill,municipality,annual,10,,2003
MS,Duncan,municipality,annual,10,,2010
MS,Durant,municipality,annual,10,,2000-2001 2011-2013 2017 2019-2021
MS,East Helena,municipality,annual,7,,2023
MS,Edwards,municipality,annual,10,,2004 2006 2008-2010 2014
MS,Ellisville,municipality,annual,10,,2006 2008-2011 2022
MS,Eupora,municipality,annual,10,,1998-1999 2001-2006
MS,Farmington,municipality,annual,10,,2001-2004 2006
MS,Fayette,municipality,annual,10,,1999 2007-2009
MS,Florence,municipality,annual,10,,2007 2015 2025
MS,Flowood,municipality,annual,10,,2003-2007 2009-2013 2016-2017 2024
MS,Forest,municipality,annual,10,,2002-2003 2005-2012 2014-2015
MS,Forrest County,county,annual,10,,1999-2024
MS,Franklin County,county,annual,10,,2007-2016 2020 2022
MS,Fulton,municipality,annual,10,,2001-2002 2010
MS,Gautier,municipality,annual,10,,2003-2004 2006 2008-2018 2020-2024
MS,George County,county,annual,10,,2000-2002 2005-2007 2009-2013 2021-2022 2024
MS,Georgetown,municipality,annual,10,,1998
MS,Gloster,municipality,annual,10,,2014
MS,Golden,municipality,annual,10,,2008
MS,Goodman,municipality,annual,10,,2001 2003-2004
MS,Greene County,county,annual,10,,2003-2004 2006-2007 2011 2013 2021-2022
MS,Greenville,municipality,annual,7,,2013
MS,Greenville,municipality,annual,10,,1998-1999 2001 2003-2012 2014-2024
MS,Greenwood,municipality,annual,10,,1999-2008 2010-2013 2015-2016 2018-2021 2024-2025
MS,Greewood,municipality,annual,10,,1998
MS,Grenada,municipality,annual,10,,1999-2008 2010-2012
MS,Grenada County,county,annual,10,,1998-2000 2002-2003 2005-2007 2011-2013 2015 2018 2021
MS,Gulfport,municipality,annual,10,,1998-2025
MS,Guntown,municipality,annual,10,,2004 2014-2015 2025
MS,Hancock County,county,annual,10,,2001 2004-2024
MS,Harlowton,municipality,annual,7,,2023
MS,Harrison County,county,annual,10,,1999-2023
MS,Hattiesburg,municipality,annual,10,,1998 2000-2025
MS,Hazlehurst,municipality,annual,10,,2002-2003
MS,Heidelberg,municipality,annual,10,,2006
MS,Hernando,municipality,annual,10,,2000 2002-2003 2010 2012 2018-2024
MS,Hickory Flat,municipality,annual,10,,2000 2003
MS,Hinds County,county,annual,10,,1998-2020
MS,Hollandale,municipality,annual,10,,2010
MS,Holly Springs,municipality,annual,10,,1998-1999 2001-2009 2011 2015 2018
MS,Holmes County,county,annual,10,,2001 2003 2005-2008 2010 2017
MS,Horn Lake,municipality,annual,10,,2000-2001 2003-2005 2010-2012 2015-2017 2020 2023
MS,Houston,municipality,annual,10,,2004 2010 2013-2014 2016 2019 2024-2025
MS,Humphreys County,county,annual,10,,2000 2003 2008 2010
MS,Indianola,municipality,annual,10,,1999 2002-2004 2010-2012
MS,Isola,municipality,annual,10,,1999 2002
MS,Issaquena County,county,annual,10,,2002
MS,Itawamba County,county,annual,10,,2002 2004 2009 2013 2021-2022
MS,Itta Bena,municipality,annual,10,,2003-2004
MS,Itta Bena Town,municipality,annual,10,,1998
MS,Iuka,municipality,annual,10,,1999 2010 2012-2013
MS,Iuka City,municipality,annual,10,,1998
MS,Jackson,municipality,annual,10,,1998-2023
MS,Jackson County,county,annual,10,,1998-2018 2020-2024
MS,Jasper County,county,annual,10,,2006-2007 2014
MS,Jefferson County,county,annual,10,,2005-2007 2010-2012 2014
MS,Jefferson Davis County,county,annual,7,,2002
MS,Jefferson Davis County,county,annual,10,,1998 2005-2007 2011-2014 2021
MS,Jones County,county,annual,10,,1998-2001 2003 2005-2015 2017 2019-2024
MS,Jumpertown,municipality,annual,10,,1998 2000-2003
MS,Kemper County,county,annual,10,,2001-2003 2006 2008 2010-2011
MS,Kilmichael,municipality,annual,10,,1998-2002
MS,Kosciusko,municipality,annual,10,,2000-2008 2012 2016 2021
MS,Lafayette County,county,annual,10,,1998 2002 2005-2008 2012 2020
MS,Lake,municipality,annual,10,,2003 2012
MS,Lamar County,county,annual,10,,1998-2001 2003-2004 2006-2013 2015 2017 2019-2020 2022-2024
MS,Lambert,municipality,annual,10,,2000 2002-2003
MS,Lauderdale County,county,annual,10,,1999-2015 2020-2024
MS,Laurel,municipality,annual,10,,1998-2018 2020-2025
MS,Lawrence County,county,annual,10,,1999 2002-2010 2022
MS,Leake County,county,annual,10,,2004 2006-2007
MS,Leakesville,municipality,annual,10,,2002 2005-2006 2010-2013
MS,Lee County,county,annual,10,,1998-2012 2014-2016 2018-2024
MS,Leflore County,county,annual,10,,1998-2011 2020
MS,Leland,municipality,annual,10,,1999-2000 2006-2009 2013-2014 2019
MS,Lexington,municipality,annual,10,,1998-1999 2002
MS,Lincoln County,county,annual,10,,1998-1999 2002 2005 2008 2011 2013 2017
MS,Long Beach,municipality,annual,10,,1998-2003 2005-2009 2011-2015 2020-2024
MS,Louisville,municipality,annual,10,,2002-2006 2008-2011 2013-2022
MS,Lowndes County,county,annual,10,,1998 2001-2014 2020 2022-2023
MS,Lucedale,municipality,annual,10,,2008-2010 2025
MS,Luka,municipality,annual,10,,2000
MS,Lula,municipality,annual,10,,1999 2006
MS,Lumberton,municipality,annual,10,,2001 2010-2011
MS,Macon,municipality,annual,10,,2004-2007 2010-2015
MS,Madison,municipality,annual,10,,1999-2000 2002 2004-2010 2013 2015-2017 2020-2022
MS,Madison City Hall,municipality,annual,10,,2024
MS,Madison County,county,annual,10,,1999 2003-2006 2010-2011 2014-2015 2017-2020
MS,Magee,municipality,annual,10,,1999-2000 2015
MS,Magnolia,municipality,annual,10,,1999 2001-2002 2006 2009-2010 2014
MS,Mantachie,municipality,annual,10,,2002 2004 2009 2021
MS,Marietta,municipality,annual,10,,2001
MS,Marion,municipality,annual,10,,2000 2003 2015
MS,Marion County,county,annual,10,,2004 2007-2009 2014-2015 2022 2024
MS,Marks,municipality,annual,10,,2000-2003 2005 2007
MS,Marshall County,county,annual,10,,1998 2002-2003 2010 2014-2016 2018-2020
MS,Mccomb,municipality,annual,10,,2005-2011 2013-2015 2019
MS,Mccomb City,municipality,annual,10,,1998 2002-2004
MS,Mclain,municipality,annual,7,,2003
MS,Mendenhall,municipality,annual,10,,1998 2011
MS,Meridian,municipality,annual,10,,1998 2000-2018 2020 2022-2024
MS,Merigold,municipality,annual,10,,2000 2013
MS,Metcalfe,municipality,annual,10,,2015
MS,Mineral County,county,annual,7,,2023
MS,Monroe County,county,annual,10,,2001-2004 2006 2010-2016
MS,Montgomery County,county,annual,10,,2013-2015 2017-2018 2023-2024
MS,Moorhead,municipality,annual,10,,1999-2003 2008
MS,Morgan City,municipality,annual,10,,2011
MS,Morton,municipality,annual,10,,2005 2007-2008 2012 2023-2024
MS,Moss Point,municipality,annual,10,,1999-2002 2004-2020
MS,Moss Point City,municipality,annual,10,,1998
MS,Mound Bayou,municipality,annual,10,,2006 2011-2012
MS,Mount Olive,municipality,annual,10,,2009
MS,Mt Olive,municipality,annual,10,,2000
MS,Mt. Olive,municipality,annual,10,,2003
MS,Myrtle,municipality,annual,10,,1999-2000
MS,Natchez,municipality,annual,10,,1998-2024
MS,Neshoba County,county,annual,10,,2006-2007 2011 2014 2022-2024
MS,Nettleton,municipality,annual,10,,2003 2023-2024
MS,New Albany,municipality,annual,10,,2000 2002-2003 2006-2011 2014-2015 2018-2023 2025
MS,New Hebron,municipality,annual,10,,2000
MS,New Houlka,municipality,annual,10,,2020
MS,Newton,municipality,annual,10,,2000-2001 2004 2006 2010 2017-2018 2020
MS,Newton County,county,annual,10,,2000 2003 2005-2006
MS,North Carrollton,municipality,annual,10,,2002-2003
MS,Noxapater,municipality,annual,10,,2001 2019
MS,Noxubee County,county,annual,10,,1998-1999 2001-2002 2004 2007-2012 2014-2016
MS,Ocean Springs,municipality,annual,10,,1998 2000-2016 2018 2022-2024
MS,Okolona,municipality,annual,10,,2004-2008 2010-2012 2014
MS,Oktibbeha County,county,annual,10,,1998 2001-2003 2005-2006 2010-2011 2014-2015 2019-2020
MS,Olive Branch,municipality,annual,10,,1999-2003 2005-2012 2017-2025
MS,Osyka,municipality,annual,10,,2006 2008
MS,Oxford,municipality,annual,10,,2000-2003 2009-2025
MS,Pace,municipality,annual,10,,2002
MS,Panola County,county,annual,10,,1998-2002 2004-2014 2020
MS,Pascagoula,municipality,annual,10,,1998-2018 2020-2023
MS,Pass Christian,municipality,annual,10,,2007-2010 2012-2014 2021-2022
MS,Pearl,municipality,annual,10,,1998-2008 2010-2016 2019-2024
MS,Pearl River County,county,annual,10,,2001-2010 2012-2013 2017 2020 2022 2024
MS,Pelahatchie,municipality,annual,10,,2007 2009-2010 2015 2018
MS,Perry County,county,annual,10,,1999 2006-2016 2018 2020-2022
MS,Petal,municipality,annual,10,,2002 2004-2006 2010 2014-2015 2017 2023-2025
MS,Philadelphia,municipality,annual,10,,2000-2002 2005 2008-2012 2015 2021-2024
MS,Picayune,municipality,annual,10,,1998-2015 2017 2019-2020 2022
MS,Pickens,municipality,annual,10,,2000 2002 2012
MS,Pike County,county,annual,10,,1998-2004 2006 2008-2012 2020-2022
MS,Plantersville,municipality,annual,10,,2002
MS,Pontotoc,municipality,annual,10,,2001-2007 2011 2014-2016 2022-2023 2025
MS,Pontotoc County,county,annual,10,,2001-2018 2021-2023
MS,Pope,municipality,annual,10,,2011
MS,Poplarville,municipality,annual,10,,2006 2009-2010
MS,Prentiss,municipality,annual,10,,2013-2014
MS,Prentiss County,county,annual,10,,2001-2003 2006-2011 2015 2022-2023
MS,Purvis,municipality,annual,10,,2000 2010 2024
MS,Quitman,municipality,annual,10,,2010 2012
MS,Quitman County,county,annual,10,,1998 2000 2002-2003
MS,Raleigh,municipality,annual,10,,1998
MS,Rankin County,county,annual,10,,1998-2015 2019-2022
MS,Raymond,municipality,annual,10,,2010
MS,Renova,municipality,annual,10,,2013
MS,Richland,municipality,annual,10,,1999-2002 2004 2006-2009 2016 2018-2019 2024-2025
MS,Richton,municipality,annual,10,,2005 2013 2025
MS,Ridgeland,municipality,annual,10,,1998-2016 2018-2021 2023-2025
MS,Rienzi,municipality,annual,10,,1998-1999 2001
MS,Ripley,municipality,annual,10,,2003 2011 2013 2023
MS,Rolling Fork,municipality,annual,10,,2003
MS,Rosedale,municipality,annual,10,,2000 2002 2005
MS,Roundup,municipality,annual,7,,2023
MS,Ruleville,municipality,annual,10,,2005
MS,Saltillo,municipality,annual,10,,2006-2007 2014 2023
MS,Sardis,municipality,annual,10,,1998-1999 2001-2003 2007
MS,Scooba,municipality,annual,10,,2001 2025
MS,Scott County,county,annual,10,,2004 2006-2015 2020
MS,Senatobia,municipality,annual,10,,2002 2004 2012 2021-2022
MS,Sharkey County,county,annual,10,,1998 2000-2001 2011
MS,Shaw,municipality,annual,10,,1998 2003-2004 2007-2012 2014
MS,Shelby,municipality,annual,10,,1998 2001-2003
MS,Sherman,municipality,annual,10,,2013 2023-2024
MS,Shubuta,municipality,annual,10,,2010
MS,Shuqualak,municipality,annual,10,,2003-2004
MS,Simpson County,county,annual,10,,1999-2000 2002-2003 2005-2011 2022-2023
MS,Smith County,county,annual,10,,1999 2002 2006-2012 2023
MS,Smithville,municipality,annual,10,,2003 2006 2012-2013
MS,Snow Lake Shores,municipality,annual,10,,2000
MS,Soso,municipality,annual,10,,2002 2011
MS,Southaven,municipality,annual,10,,1998-1999 2003 2006 2009 2012-2013 2015-2021 2023-2024
MS,Starkville,municipality,annual,10,,1998-2019 2021-2025
MS,State Line,municipality,annual,10,,1998
MS,Stone County,county,annual,10,,2002 2005-2013 2015 2018-2024
MS,Stonewall,municipality,annual,10,,2009
MS,Summit,municipality,annual,10,,2003 2010 2014
MS,Sunflower,municipality,annual,10,,2001
MS,Sunflower County,county,annual,10,,2000 2007-2008 2010 2014 2017 2021-2022
MS,Tallahatchie County,county,annual,10,,1998 2000-2004 2009-2011 2020
MS,Tate County,county,annual,10,,1999 2007 2020 2024
MS,Taylorsville,municipality,annual,10,,2001
MS,Tchula,municipality,annual,10,,2001 2005-2006 2018
MS,Terry,municipality,annual,10,,2010
MS,Tippah County,county,annual,10,,2002-2003 2010-2012 2020 2022-2024
MS,Tishomingo,municipality,annual,10,,2002
MS,Tishomingo County,county,annual,10,,2003 2006-2007 2009-2015 2020
MS,Tremont,municipality,annual,10,,2002
MS,Tunica,municipality,annual,10,,2007 2012
MS,Tunica County,county,annual,10,,1999-2016
MS,Tupelo,municipality,annual,10,,1998-2000 2002-2025
MS,Tutwiler,municipality,annual,10,,2001-2005 2013
MS,Tylertown,municipality,annual,10,,2006
MS,Union,municipality,annual,10,,2010 2024
MS,Union County,county,annual,10,,1999 2010 2016 2020 2022-2023
MS,Vardaman,municipality,annual,10,,2006
MS,Verona City Hall,municipality,annual,10,,2025
MS,Vicksburg,municipality,annual,10,,1998-2006 2008-2015 2019-2024
MS,Walnut,municipality,annual,10,,1998 2001 2007 2010
MS,Walnut Grove,municipality,annual,10,,2000 2002 2009 2012 2022
MS,Walthall County,county,annual,10,,1999 2001 2005-2006
MS,Warren County,county,annual,10,,1998-2006 2008-2012 2014-2015 2022 2025
MS,Washington County,county,annual,10,,1998-2001 2003-2006 2009-2013
MS,Water Valley,municipality,annual,10,,2006 2013
MS,Waveland,municipality,annual,10,,2003 2006-2016 2018-2021
MS,Wayne County,county,annual,10,,1998 2000-2001 2004-2015 2019-2020 2023
MS,Waynesboro,municipality,annual,10,,1998-1999 2004-2006 2008-2011 2020-2021 2024-2025
MS,Webster County,county,annual,7,,2001
MS,Webster County,county,annual,10,,2005 2011 2024
MS,West,municipality,annual,10,,1998 2001
MS,West Point,municipality,annual,7,,2000 2012 2015-2019
MS,Wiggins,municipality,annual,10,,2000-2002 2005-2007 2009-2012 2014 2020-2022
MS,Wilkinson County,county,annual,10,,1998 2000-2001 2010-2011
MS,Winona,municipality,annual,10,,1999 2002-2003 2010 2012
MS,Winston County,county,annual,10,,1998-1999 2004 2007 2011-2012 2018
MS,Woodville,municipality,annual,10,,2001-2002 2008-2009 2012 2020
MS,Yalobusha County,county,annual,10,,2002-2004 2006 2009 2011 2021
MS,Yazoo City,municipality,annual,10,,2024
MS,Yazoo County,county,annual,10,,1998-1999 2002 2006-2013 2017 2019-2021
MO,Adair County,county,biennial,,,1999
MO,Adair County,county,biennial,,,2001
MO,Adair County,county,biennial,,,2003
MO,Adair County,county,biennial,,,2005
MO,Adair County,county,biennial,,,2009
MO,Adair County,county,biennial,,,2011
MO,Adair County,county,biennial,,,2013
MO,Adair County,county,biennial,,,2015
MO,Adair County,county,biennial,,,2019
MO,Adair County,county,biennial,,,2021
MO,Adair County,county,biennial,,,2023
MO,Adrian,municipality,annual,7,,2008-2011
MO,Albany,municipality,annual,7,,2019-2020
MO,Alton,municipality,annual,7,,2018 2025
MO,Amoret,municipality,other,,18,2004
MO,Amsterdam,municipality,annual,7,,2001-2002
MO,Andrew County,county,annual,1,,2010 2015
MO,Andrew County,county,biennial,,,1999
MO,Andrew County,county,biennial,,,2001
MO,Andrew County,county,biennial,,,2003
MO,Andrew County,county,biennial,,,2005
MO,Andrew County,county,biennial,,,2007
MO,Andrew County,county,biennial,,,2009
MO,Andrew County,county,biennial,,,2013
MO,Andrew County,county,biennial,,,2021
MO,Arbyrd,municipality,annual,7,,2021
MO,Arnold,municipality,annual,9,,2000-2001 2003-2005 2007-2008 2012-2013 2015 2024
MO,Ash Grove,municipality,annual,7,,2013-2014
MO,Ashland,municipality,annual,5,,2009-2010 2025
MO,Atchison County,county,biennial,,,1999
MO,Atchison County,county,biennial,,,2001
MO,Atchison County,county,biennial,,,2003
MO,Atchison County,county,biennial,,,2007
MO,Atlanta,municipality,annual,10,,2010
MO,Audrain County,county,annual,1,,2020-2021
MO,Audrain County,county,biennial,,,1999
MO,Audrain County,county,biennial,,,2001
MO,Audrain County,county,biennial,,,2003
MO,Audrain County,county,biennial,,,2005
MO,Audrain County,county,biennial,,,2007
MO,Audrain County,county,biennial,,,2009
MO,Audrain County,county,biennial,,,2011
MO,Audrain County,county,biennial,,,2013
MO,Audrain County,county,biennial,,,2015
MO,Audrain County,county,biennial,,,2017
MO,Aurora,municipality,annual,1,,2002-2003 2007 2009 2015 2023
MO,Ava,municipality,annual,7,,1999-2000 2002-2006 2008 2010-2011
MO,Bakersfield,municipality,annual,7,,2004
MO,Ballwin,municipality,annual,1,,1998-1999 2001 2012 2014 2017 2020-2023
MO,Barnett,municipality,annual,1,,2010-2011 2015
MO,Barry County,county,annual,1,,2005 2020 2022-2024
MO,Barry County,county,biennial,,,1998
MO,Barry County,county,biennial,,,2000
MO,Barry County,county,biennial,,,2002
MO,Barry County,county,biennial,,,2004
MO,Barry County,county,biennial,,,2010
MO,Barry County,county,biennial,,,2013
MO,Barton County,county,annual,1,,2020-2021
MO,Barton County,county,biennial,,,1999
MO,Barton County,county,biennial,,,2003
MO,Barton County,county,biennial,,,2007
MO,Barton County,county,biennial,,,2009
MO,Barton County,county,biennial,,,2015
MO,Bates County,county,annual,1,,2022-2023
MO,Bates County,county,biennial,,,1999
MO,Bates County,county,biennial,,,2001
MO,Bates County,county,biennial,,,2011
MO,Bates County,county,biennial,,,2013
MO,Bates County,county,biennial,,,2015
MO,Bates County,county,biennial,,,2021
MO,Battlefield,municipality,annual,7,,2005
MO,Bellefontaine Neighbors,municipality,annual,7,,2014-2016
MO,Belton,municipality,annual,4,,1999-2002 2011-2018 2020-2021 2025
MO,Benton County,county,annual,1,,2018 2020-2024
MO,Benton County,county,biennial,,,2003
MO,Benton County,county,biennial,,,2007
MO,Benton County,county,biennial,,,2011
MO,Benton County,county,biennial,,,2017
MO,Berger,municipality,annual,7,,2010
MO,Berkeley,municipality,annual,7,,2002 2021 2023-2024
MO,Bernie,municipality,annual,7,,2011-2012
MO,Bethany,municipality,annual,1,,2018
MO,Bethany,municipality,annual,4,,1999
MO,Bismarck,municipality,annual,7,,2013-2015
MO,Bloomfield,municipality,annual,7,,2016-2017 2021-2022 2024
MO,Blue Springs,municipality,annual,10,,1998-2002 2004 2006 2008-2015 2020-2025
MO,Bolckow,municipality,annual,1,,2001
MO,Bolivar,municipality,annual,1,,2007 2012 2019 2025
MO,Bollinger County,county,annual,1,,2017 2021
MO,Bollinger County,county,biennial,,,2003
MO,Bollinger County,county,biennial,,,2005
MO,Bollinger County,county,biennial,,,2007
MO,Bollinger County,county,biennial,,,2009
MO,Bollinger County,county,biennial,,,2011
MO,Bollinger County,county,biennial,,,2020
MO,Bollinger County,county,biennial,,,2024
MO,Bonne Terre,municipality,annual,10,,2008 2016-2017 2024
MO,Boone County,county,annual,1,,1998-2025
MO,Boonville,municipality,annual,4,,1998-2005 2009 2015-2016 2020 2023-2024
MO,Bosworth,municipality,annual,1,,2011
MO,Bowling Green,municipality,annual,10,,2004-2008 2010-2012 2020-2021 2024
MO,Branson,municipality,annual,1,,2014 2021-2024
MO,Branson,municipality,annual,10,,1999-2001 2006
MO,Branson West,municipality,annual,10,,2006 2008 2010
MO,Breckenridge,municipality,biennial,,,2014
MO,Brentwood,municipality,annual,1,,2013 2015 2024
MO,Bridgeton,municipality,annual,1,,2009 2011 2014-2016 2020 2022-2023
MO,Bronaugh,municipality,annual,1,,2010
MO,Brookfield,municipality,annual,10,,2007 2015-2017 2024
MO,Brookfield City,municipality,annual,10,,1998
MO,Brynes Mill,municipality,annual,7,,2003
MO,Buchanan County,county,annual,1,,1998-2018 2020-2024
MO,Buffalo,municipality,annual,10,,2009-2010 2022
MO,Bull Creek,municipality,annual,7,,2005
MO,Butler,municipality,annual,4,,1999 2002-2005
MO,Butler County,county,annual,1,,2003-2004
MO,Butler County,county,biennial,,,1998
MO,Butler County,county,biennial,,,2002
MO,Butler County,county,biennial,,,2006
MO,Butler County,county,biennial,,,2008
MO,Butler County,county,biennial,,,2010
MO,Butler County,county,biennial,,,2012
MO,Butler County,county,biennial,,,2014
MO,Butler County,county,biennial,,,2016
MO,Butler County,county,biennial,,,2018
MO,Butler County,county,biennial,,,2020
MO,Butler County,county,biennial,,,2022
MO,Butler County,county,biennial,,,2024
MO,Butterfield,municipality,annual,1,,2012
MO,Cabool,municipality,annual,7,,2002 2011
MO,Caldwell County,county,biennial,,,1999
MO,Caldwell County,county,biennial,,,2001
MO,Caldwell County,county,biennial,,,2003
MO,Caldwell County,county,biennial,,,2005
MO,Caldwell County,county,biennial,,,2007
MO,Caldwell County,county,biennial,,,2011
MO,Caldwell County,county,biennial,,,2015
MO,Caldwell County,county,biennial,,,2017
MO,Caldwell County,county,biennial,,,2019
MO,Caldwell County,county,biennial,,,2021
MO,Caldwell County,county,biennial,,,2023
MO,Caledonia,municipality,annual,1,,2004
MO,Calhoun,municipality,annual,4,,2015-2016
MO,California,municipality,annual,4,,1999-2000 2010-2013 2015-2016
MO,Callao,municipality,annual,7,,2016
MO,Callaway County,county,annual,1,,2001 2003 2006 2008 2010-2013 2020-2024
MO,Camden County,county,annual,1,,2010-2015 2017-2024
MO,Camden Point,municipality,annual,1,,2024
MO,Camdenton,municipality,annual,7,,2004
MO,Camdenton,municipality,annual,10,,2017-2018 2020-2022
MO,Camdenton,municipality,other,,15,2015
MO,Cameron,municipality,annual,10,,2001 2006 2008 2010-2011 2013-2014 2025
MO,Campbell,municipality,annual,7,,2000 2023-2024
MO,Canton,municipality,annual,7,,2009 2011 2013
MO,Cape Girardeau,municipality,annual,7,,1998-2024
MO,Cape Girardeau County,county,annual,1,,1998-2014 2016-2017 2020-2025
MO,Cardwell,municipality,annual,1,,2015
MO,Carl Junction,municipality,annual,5,,2004-2006 2015-2016
MO,Carroll County,county,annual,1,,2015 2020
MO,Carroll County,county,biennial,,,1998
MO,Carroll County,county,biennial,,,2000
MO,Carroll County,county,biennial,,,2002
MO,Carroll County,county,biennial,,,2004
MO,Carroll County,county,biennial,,,2006
MO,Carroll County,county,biennial,,,2008
MO,Carroll County,county,biennial,,,2010
MO,Carroll County,county,biennial,,,2012
MO,Carroll County,county,biennial,,,2014
MO,Carroll County,county,biennial,,,2017
MO,Carroll County,county,biennial,,,2022
MO,Carrollton,municipality,annual,1,,2013-2014 2020-2022 2024-2025
MO,Carter County,county,annual,1,,2015 2018-2020 2023-2024
MO,Carter County,county,biennial,,,1999
MO,Carter County,county,biennial,,,2005
MO,Carter County,county,biennial,,,2009
MO,Carter County,county,biennial,,,2011
MO,Carter County,county,biennial,,,2017
MO,Carter County,county,biennial,,,2022
MO,Carterville,municipality,annual,11,,2010 2024
MO,Carthage,municipality,annual,7,,2007 2024-2025
MO,Caruthersville,municipality,annual,7,,1998 2003 2006-2012 2015 2020-2025
MO,Cass County,county,annual,1,,1998-2002 2007-2015 2017-2024
MO,Cassville,municipality,annual,1,,1998 2002-2004 2010 2023-2024
MO,Cedar County,county,biennial,,,1999
MO,Cedar County,county,biennial,,,2001
MO,Cedar County,county,biennial,,,2003
MO,Cedar County,county,biennial,,,2005
MO,Cedar County,county,biennial,,,2009
MO,Cedar County,county,biennial,,,2023
MO,Cedar Hill Lakes,municipality,annual,1,,2009
MO,Centertown,municipality,annual,6,,2022
MO,Centerville,municipality,annual,1,,2003
MO,Centralia,municipality,annual,4,,2022-2024
MO,Chaffee,municipality,annual,4,,2014-2016 2019-2021
MO,Chamois,municipality,annual,7,,2000 2018 2024
MO,Chariton County,county,annual,1,,2023-2024
MO,Chariton County,county,biennial,,,1999
MO,Chariton County,county,biennial,,,2003
MO,Chariton County,county,biennial,,,2009
MO,Chariton County,county,biennial,,,2011
MO,Chariton County,county,biennial,,,2014
MO,Charleston,municipality,annual,5,,2001
MO,Chesterfield,municipality,annual,1,,2000-2001 2003 2009 2012-2018 2020-2024
MO,Chilhowee,municipality,annual,1,,2011
MO,Chillicothe,municipality,annual,4,,2000 2015 2025
MO,Christian County,county,annual,1,,2002-2008 2010-2013 2015-2016 2020-2024
MO,Christian County,county,biennial,,,1999
MO,Clarence,municipality,annual,7,,2005
MO,Clark County,county,annual,1,,2014 2018 2020 2022-2024
MO,Clark County,county,biennial,,,1998
MO,Clark County,county,biennial,,,2000
MO,Clark County,county,biennial,,,2002
MO,Clark County,county,biennial,,,2006
MO,Clark County,county,biennial,,,2008
MO,Clark County,county,biennial,,,2010
MO,Clark County,county,biennial,,,2012
MO,Clarksburg,municipality,annual,7,,2012
MO,Clarksville,municipality,annual,7,,2015 2021-2025
MO,Clay County,county,annual,1,,1998 2000-2025
MO,Clayton,municipality,annual,10,,2001-2002 2004 2008-2009 2011-2015 2020-2022 2024-2025
MO,Clifton Hill,municipality,annual,7,,2007
MO,Clinton,municipality,annual,10,,1998 2002 2004 2007 2009-2013 2020 2023-2024
MO,Clinton County,county,biennial,,,1999
MO,Clinton County,county,biennial,,,2001
MO,Clinton County,county,biennial,,,2009
MO,Cole Camp,municipality,annual,1,,2008
MO,Cole County,county,annual,1,,2004-2025
MO,Columbia,municipality,annual,10,,1998-2025
MO,Concordia,municipality,annual,4,,2000 2003
MO,Cooper County,county,annual,1,,2021-2022
MO,Cooper County,county,biennial,,,1998
MO,Cooper County,county,biennial,,,2012
MO,Cooper County,county,biennial,,,2014
MO,Cooper County,county,biennial,,,2016
MO,Cooper County,county,biennial,,,2020
MO,Cooper County,county,biennial,,,2024
MO,Cottleville,municipality,annual,1,,2000 2003 2010-2011
MO,Cowgill,municipality,annual,7,,2006
MO,Crane,municipality,annual,7,,2010
MO,Crawford County,county,biennial,,,1998
MO,Crawford County,county,biennial,,,2000
MO,Crawford County,county,biennial,,,2002
MO,Crawford County,county,biennial,,,2004
MO,Crawford County,county,biennial,,,2012
MO,Crawford County,county,biennial,,,2014
MO,Crawford County,county,biennial,,,2016
MO,Creighton,municipality,annual,7,,2020
MO,Crestwood,municipality,annual,1,,2008-2009 2011 2014-2015 2020 2022-2023
MO,Creve Coeur,municipality,annual,7,,2003 2005 2009 2012-2013 2015 2021 2023-2025
MO,Crocker,municipality,annual,7,,1998
MO,Crystal City,municipality,annual,4,,2003-2005 2012 2014-2016
MO,Cuba,municipality,annual,7,,1999 2012-2013 2023
MO,Dade County,county,biennial,,,1998
MO,Dade County,county,biennial,,,2002
MO,Dade County,county,biennial,,,2012
MO,Dade County,county,biennial,,,2016
MO,Dade County,county,biennial,,,2020
MO,Dade County,county,biennial,,,2024
MO,Dallas County,county,annual,1,,2020-2021
MO,Dallas County,county,biennial,,,2002
MO,Dallas County,county,biennial,,,2004
MO,Dallas County,county,biennial,,,2008
MO,Dallas County,county,biennial,,,2024
MO,Dardenne Prairie,municipality,annual,1,,2002 2012
MO,Daviess County,county,annual,1,,2014
MO,Daviess County,county,biennial,,,1998
MO,Daviess County,county,biennial,,,2000
MO,Daviess County,county,biennial,,,2002
MO,Daviess County,county,biennial,,,2004
MO,Daviess County,county,biennial,,,2005
MO,Daviess County,county,biennial,,,2010
MO,Daviess County,county,biennial,,,2018
MO,Daviess County,county,biennial,,,2020
MO,Daviess County,county,biennial,,,2022
MO,Daviess County,county,biennial,,,2024
MO,De Soto,municipality,annual,11,,2008 2014-2015 2018
MO,Deepwater,municipality,annual,1,,2013-2014
MO,Dekalb County,county,annual,1,,2003 2020
MO,Dekalb County,county,biennial,,,2001
MO,Dekalb County,county,biennial,,,2005
MO,Dent County,county,annual,1,,2007 2010 2020
MO,Dent County,county,biennial,,,2009
MO,Dent County,county,biennial,,,2013
MO,Dent County,county,biennial,,,2023
MO,Des Peres,municipality,annual,1,,2012 2020 2022 2024
MO,Desloge,municipality,annual,7,,2013-2014
MO,Desoto,municipality,annual,11,,2002
MO,Diamond,municipality,annual,7,,2005-2006 2013
MO,Diggins,municipality,annual,7,,2005 2009
MO,Doniphan,municipality,annual,7,,2011 2020 2024
MO,Doolittle,municipality,annual,7,,2008
MO,Douglas County,county,annual,1,,2019-2024
MO,Douglas County,county,biennial,,,1999
MO,Douglas County,county,biennial,,,2001
MO,Douglas County,county,biennial,,,2003
MO,Douglas County,county,biennial,,,2005
MO,Douglas County,county,biennial,,,2009
MO,Douglas County,county,biennial,,,2011
MO,Douglas County,county,biennial,,,2016
MO,Drexel,municipality,annual,1,,2010-2011
MO,Dudley,municipality,annual,7,,2002
MO,Duenweg,municipality,annual,1,,2002-2003 2005 2015
MO,Dunklin County,county,annual,1,,2024
MO,Dunklin County,county,biennial,,,1998
MO,Dunklin County,county,biennial,,,2000
MO,Dunklin County,county,biennial,,,2004
MO,Dunklin County,county,biennial,,,2006
MO,Dunklin County,county,biennial,,,2008
MO,Dunklin County,county,biennial,,,2010
MO,Dunklin County,county,biennial,,,2012
MO,Dunklin County,county,biennial,,,2014
MO,Dunklin County,county,biennial,,,2020
MO,Dunklin County,county,biennial,,,2022
MO,Duquese,municipality,annual,10,,2011
MO,Duquesne,municipality,annual,10,,2010 2016
MO,Dutchtown,municipality,annual,1,,2015
MO,East Lynne,municipality,annual,1,,2000
MO,East Prairie,municipality,annual,4,,1998-2000 2003-2007 2011-2013 2023
MO,Edina,municipality,annual,1,,2015-2016
MO,El Dorado Springs,municipality,annual,10,,2010 2016
MO,Eldon,municipality,annual,1,,2005-2010 2019-2020
MO,Ellington,municipality,annual,7,,2002 2011-2012
MO,Elsberry,municipality,annual,1,,2012-2014 2017-2021
MO,Essex,municipality,annual,7,,2013 2018
MO,Eureka,municipality,annual,7,,2012 2017 2023
MO,Excelsior Springs,municipality,annual,10,,2009-2010 2020-2023
MO,Excelsior Springs City,municipality,annual,10,,1999
MO,Exeter,municipality,annual,10,,2002 2008-2009
MO,Fair Grove,municipality,annual,7,,2013
MO,Fair Play,municipality,annual,1,,2024-2025
MO,Fairfax,municipality,annual,1,,2010-2011
MO,Farmington,municipality,annual,10,,1998-2004 2006-2014 2018 2022-2025
MO,Fayette,municipality,annual,7,,2010-2011 2013
MO,Fenton,municipality,annual,1,,2010-2012 2018 2020 2022-2024
MO,Ferguson,municipality,annual,7,,1999 2002-2003 2008 2011 2013-2014 2017-2019 2021
MO,Festus,municipality,annual,10,,1998 2004 2010-2014 2017 2021-2022 2025
MO,Fisk,municipality,annual,1,,2011
MO,Florissant,municipality,annual,12,,1999-2004 2007 2010-2012 2020-2023
MO,Florissant City,municipality,annual,12,,1998
MO,Forest City,municipality,annual,1,,2020-2021
MO,Forsyth,municipality,annual,9,,2003-2004
MO,Frankford,municipality,biennial,,,2017
MO,Franklin County,county,annual,1,,1998-2024
MO,Fredericktown,municipality,annual,1,,2004-2005
MO,Fredericktown,municipality,annual,10,,2008-2009 2015 2017-2018
MO,Fremont Hills,municipality,annual,1,,2009
MO,Frontenac,municipality,annual,7,,2025
MO,Fulton,municipality,annual,1,,1998-2000 2005-2008 2011-2014 2016-2018 2023-2025
MO,Gainesville,municipality,annual,10,,2010
MO,Galena,municipality,annual,1,,2002 2011
MO,Gallatin,municipality,annual,1,,2017-2018 2022 2024-2025
MO,Garden City,municipality,annual,7,,2003
MO,Gasconade County,county,annual,1,,2014 2020 2022
MO,Gentry County,county,biennial,,,1999
MO,Gentry County,county,biennial,,,2001
MO,Gentry County,county,biennial,,,2005
MO,Gentry County,county,biennial,,,2009
MO,Gentry County,county,biennial,,,2011
MO,Gentry County,county,biennial,,,2020
MO,Gentry County,county,biennial,,,2024
MO,Gerald,municipality,annual,1,,2012
MO,Gideon,municipality,annual,7,,2010
MO,Gilman City,municipality,annual,1,,2019
MO,Gladstone,municipality,annual,7,,2000-2003 2010-2015 2017-2019
MO,Glasgow,municipality,annual,7,,2014
MO,Glendale,municipality,annual,7,,2007-2008 2010-2011 2014-2015 2025
MO,Golden City,municipality,annual,9,,2014-2015
MO,Goodman,municipality,annual,1,,2006
MO,Grain Valley,municipality,annual,1,,2020
MO,Granby,municipality,annual,7,,2024-2025
MO,Grandview,municipality,annual,10,,1998-2004 2011 2013-2017 2020-2025
MO,Grant City,municipality,annual,1,,2013 2025
MO,Green City,municipality,annual,1,,2000 2004 2017
MO,Green Park,municipality,annual,1,,2011-2012
MO,Greene County,county,annual,1,,1998-1999 2001-2024
MO,Greenfield,municipality,annual,7,,2023
MO,Greenwood,municipality,annual,7,,2025
MO,Grundy County,county,annual,1,,2004 2021-2022
MO,Grundy County,county,biennial,,,1998
MO,Grundy County,county,biennial,,,2000
MO,Grundy County,county,biennial,,,2002
MO,Grundy County,county,biennial,,,2006
MO,Grundy County,county,biennial,,,2012
MO,Grundy County,county,biennial,,,2016
MO,Grundy County,county,biennial,,,2020
MO,Guilford,municipality,annual,1,,2015
MO,Halfway,municipality,annual,1,,2003
MO,Hamilton,municipality,annual,7,,2011 2014
MO,Hannibal,municipality,annual,7,,2002 2004-2010 2012-2013 2015-2018 2021 2023 2025
MO,Harrison County,county,annual,1,,1998 2020
MO,Harrison County,county,biennial,,,2000
MO,Harrison County,county,biennial,,,2002
MO,Harrison County,county,biennial,,,2006
MO,Harrison County,county,biennial,,,2010
MO,Harrison County,county,biennial,,,2017
MO,Harrisonville,municipality,annual,1,,2001-2007 2009-2012 2017-2018 2024
MO,Hartville,municipality,annual,7,,2010 2024-2025
MO,Hawk Point,municipality,annual,1,,2014-2015 2019
MO,Hayti,municipality,annual,7,,2010-2012 2017 2025
MO,Hazelwood,municipality,annual,7,,2004 2011-2012 2014-2016 2021-2024
MO,Henrietta,municipality,annual,1,,2015
MO,Henry County,county,annual,1,,2024
MO,Henry County,county,biennial,,,1998
MO,Henry County,county,biennial,,,2000
MO,Henry County,county,biennial,,,2002
MO,Henry County,county,biennial,,,2003
MO,Henry County,county,biennial,,,2004
MO,Henry County,county,biennial,,,2006
MO,Henry County,county,biennial,,,2008
MO,Henry County,county,biennial,,,2010
MO,Henry County,county,biennial,,,2012
MO,Henry County,county,biennial,,,2014
MO,Henry County,county,biennial,,,2016
MO,Henry County,county,biennial,,,2020
MO,Henry County,county,biennial,,,2022
MO,Herculaneum,municipality,annual,7,,2007-2008 2010-2015
MO,Hermann,municipality,annual,7,,1998 2009
MO,Hickory County,county,annual,1,,2020
MO,Hickory County,county,biennial,,,2007
MO,Hickory County,county,biennial,,,2015
MO,Higbee,municipality,annual,5,,2002 2013
MO,Higginsville,municipality,annual,10,,1999-2002 2005-2007 2013 2021 2024-2025
MO,Highlandville,municipality,annual,7,,2003-2004 2006-2008
MO,Hillsboro,municipality,annual,7,,2011 2013 2015
MO,Holcomb,municipality,annual,7,,2005
MO,Holden,municipality,annual,7,,2000
MO,Holland,municipality,annual,1,,1999
MO,Holt,municipality,annual,4,,2001
MO,Holt County,county,annual,1,,2018
MO,Holt County,county,biennial,,,2000
MO,Holt County,county,biennial,,,2002
MO,Holt County,county,biennial,,,2004
MO,Holt County,county,biennial,,,2006
MO,Holt County,county,biennial,,,2008
MO,Holt County,county,biennial,,,2010
MO,Holt County,county,biennial,,,2012
MO,Holt County,county,biennial,,,2014
MO,Holt County,county,biennial,,,2020
MO,Holts Summit,municipality,annual,1,,2020-2021
MO,Houston,municipality,annual,1,,2001-2002 2006-2007 2009-2014 2016-2017 2024
MO,Howard County,county,annual,1,,2020
MO,Howard County,county,biennial,,,2000
MO,Howard County,county,biennial,,,2010
MO,Howard County,county,biennial,,,2014
MO,Howardville,municipality,annual,7,,2012
MO,Howell County,county,annual,1,,2005-2006 2011-2014 2016 2020-2024
MO,Howell County,county,biennial,,,1998
MO,Howell County,county,biennial,,,2000
MO,Howell County,county,biennial,,,2002
MO,Howell County,county,biennial,,,2004
MO,Howell County,county,biennial,,,2008
MO,Howell County,county,biennial,,,2010
MO,Humansville,municipality,annual,1,,2002 2005-2006 2014
MO,Hume,municipality,annual,1,,2008
MO,Independence,municipality,annual,7,,1998-2025
MO,Ionia,municipality,annual,5,,2005
MO,Iron County,county,annual,1,,2002-2003 2014 2020-2021 2024
MO,Iron County,county,biennial,,,1999
MO,Iron County,county,biennial,,,2001
MO,Iron County,county,biennial,,,2005
MO,Iron County,county,biennial,,,2009
MO,Iron Mountain Lake,municipality,annual,1,,1998-1999
MO,Irondale,municipality,annual,7,,2000 2013-2015
MO,Ironton,municipality,other,,14,2008
MO,Jackson,municipality,annual,1,,1999 2001-2005 2007-2012 2014-2015 2020
MO,Jackson County,county,annual,1,,1998-2024
MO,Jamesport,municipality,annual,7,,2011
MO,Jamestown,municipality,annual,1,,2017-2018
MO,Jasper County,county,annual,1,,1998-2015 2017-2025
MO,Jefferson,municipality,annual,11,,1999-2025
MO,Jefferson City,municipality,annual,11,,1998
MO,Jefferson County,county,annual,1,,1998-2024
MO,Jennings,municipality,annual,4,,2021
MO,Jerico Springs,municipality,annual,7,,2006
MO,Johnson County,county,annual,1,,1998-2003 2005 2007 2012 2015 2017 2019-2021 2024-2025
MO,Jonesburg,municipality,annual,4,,2015-2016
MO,Joplin,municipality,annual,11,,1998-2000 2002-2025
MO,Kahoka,municipality,annual,4,,2000
MO,Kansas City,municipality,annual,5,,1998-2009 2011-2025
MO,Kennett,municipality,annual,7,,2005-2011 2016 2020
MO,Keytesville,municipality,annual,7,,2005
MO,Kimberling City,municipality,annual,1,,2000-2002
MO,King City,municipality,annual,7,,2007-2008
MO,Kingdom City,municipality,annual,7,,2001
MO,Kingston,municipality,annual,1,,1998 2010-2012
MO,Kirksville,municipality,annual,1,,2006-2010 2012-2017 2019-2025
MO,Kirksville,municipality,annual,4,,2000-2005
MO,Kirksville,municipality,other,,9,2005
MO,Kirksville City,municipality,annual,4,,1999
MO,Kirkwood,municipality,annual,4,,2007 2020-2021 2023-2025
MO,Knox County,county,biennial,,,2001
MO,Knox County,county,biennial,,,2004
MO,La Plata,municipality,annual,7,,2005-2006
MO,Labelle,municipality,annual,5,,2015
MO,Laclede County,county,annual,1,,2006 2013 2022-2025
MO,Laclede County,county,biennial,,,2002
MO,Laclede County,county,biennial,,,2004
MO,Laclede County,county,biennial,,,2008
MO,Laclede County,county,biennial,,,2012
MO,Laclede County,county,biennial,,,2015
MO,Laclede County,county,biennial,,,2020
MO,Laddonia,municipality,annual,7,,2007-2008
MO,Laddonia,municipality,biennial,,,2010
MO,Ladue,municipality,annual,1,,2007 2011 2013-2016 2024
MO,Lafayette County,county,annual,1,,2002-2003 2006 2009-2012 2014 2020-2024
MO,Lagrange,municipality,annual,5,,2008
MO,Lake Lotawana,municipality,annual,1,,1999 2001
MO,Lake Ozark,municipality,annual,1,,2010 2017
MO,Lake Saint Louis,municipality,annual,7,,2003 2009 2014 2020 2024-2025
MO,Lake St. Louis,municipality,annual,7,,2016
MO,Lamar,municipality,annual,7,,2013-2014 2025
MO,Laplata,municipality,annual,7,,2019 2023
MO,Lathrop,municipality,annual,7,,2017
MO,Laurie,municipality,annual,1,,2003-2004
MO,Lawrence County,county,annual,1,,2015 2020 2023-2024
MO,Lawrence County,county,biennial,,,1998
MO,Lawrence County,county,biennial,,,2000
MO,Lawrence County,county,biennial,,,2002
MO,Lawrence County,county,biennial,,,2004
MO,Lawrence County,county,biennial,,,2006
MO,Lawrence County,county,biennial,,,2008
MO,Lawrence County,county,biennial,,,2010
MO,Lawrence County,county,biennial,,,2012
MO,Lawrence County,county,biennial,,,2014
MO,Lawrence County,county,biennial,,,2017
MO,Lawrence County,county,biennial,,,2019
MO,Lawrence County,county,biennial,,,2022
MO,Leavenworth Ks,municipality,annual,1,,2025
MO,Lebanon,municipality,annual,7,,2012 2021
MO,Lebanon,municipality,annual,11,,2003-2010
MO,Lebanon,municipality,biennial,,,2014
MO,Lebanon City,municipality,annual,11,,1998
MO,Lee's Summit,municipality,annual,7,,2001-2025
MO,Lee's Summit City,municipality,annual,7,,1998
MO,Lees Summit,municipality,annual,7,,1999-2000
MO,Leeton,municipality,annual,1,,2023
MO,Leonard,municipality,annual,7,,2012
MO,Lewis County,county,annual,1,,2009 2020
MO,Lewis County,county,biennial,,,1998
MO,Lewis County,county,biennial,,,2000
MO,Lewis County,county,biennial,,,2002
MO,Lewis County,county,biennial,,,2004
MO,Lewis County,county,biennial,,,2006
MO,Lewis County,county,biennial,,,2013
MO,Lewis County,county,biennial,,,2016
MO,Lewistown,municipality,annual,7,,2003 2018
MO,Lexington,municipality,annual,4,,2003 2005 2011 2013 2018 2022-2025
MO,Liberty,municipality,annual,1,,1998-2003 2005-2007 2009-2010 2012 2014-2017 2020 2022-2025
MO,Licking,municipality,annual,4,,2025
MO,Lincoln,municipality,annual,1,,2005-2006 2019
MO,Lincoln County,county,annual,1,,2002 2012-2024
MO,Lincoln County,county,biennial,,,1999
MO,Lincoln County,county,biennial,,,2001
MO,Lincoln County,county,biennial,,,2005
MO,Lincoln County,county,biennial,,,2007
MO,Lincoln County,county,biennial,,,2009
MO,Lincoln County,county,biennial,,,2010
MO,Linn,municipality,annual,5,,2009-2011 2014-2015
MO,Linn County,county,annual,1,,2007 2017 2020 2023
MO,Linn County,county,biennial,,,1999
MO,Linn County,county,biennial,,,2001
MO,Linn County,county,biennial,,,2003
MO,Linn County,county,biennial,,,2005
MO,Linn County,county,biennial,,,2015
MO,Linn County,county,biennial,,,2019
MO,Linn Creek,municipality,annual,7,,1998 2008 2010
MO,Livingston County,county,annual,1,,2004-2005 2022 2024
MO,Livingston County,county,biennial,,,1999
MO,Livingston County,county,biennial,,,2001
MO,Livingston County,county,biennial,,,2003
MO,Livingston County,county,biennial,,,2009
MO,Livingston County,county,biennial,,,2011
MO,Livingston County,county,biennial,,,2014
MO,Livingston County,county,biennial,,,2016
MO,Livingston County,county,biennial,,,2020
MO,Lockwood,municipality,annual,7,,2023
MO,Lohman,municipality,other,,18,2001
MO,Louisiana,municipality,annual,6,,2000 2006 2013-2014
MO,Lowry City,municipality,annual,7,,2000
MO,Ludlow,municipality,annual,1,,2005
MO,Macon,municipality,annual,1,,2003-2006 2011-2014 2016 2023 2025
MO,Macon County,county,annual,1,,2020 2023-2025
MO,Macon County,county,biennial,,,1999
MO,Macon County,county,biennial,,,2001
MO,Macon County,county,biennial,,,2003
MO,Macon County,county,biennial,,,2005
MO,Macon County,county,biennial,,,2009
MO,Macon County,county,biennial,,,2014
MO,Madison,municipality,annual,7,,2017-2018
MO,Madison County,county,annual,1,,2020
MO,Madison County,county,biennial,,,1998
MO,Madison County,county,biennial,,,2000
MO,Madison County,county,biennial,,,2002
MO,Madison County,county,biennial,,,2004
MO,Madison County,county,biennial,,,2010
MO,Madison County,county,biennial,,,2022
MO,Malden,municipality,annual,7,,2008-2012 2015 2021-2022 2024-2025
MO,Manchester,municipality,annual,1,,2000-2001 2020 2024
MO,Mansfield,municipality,annual,4,,2003 2020-2021
MO,Maplewood,municipality,annual,7,,1998-1999 2012 2017 2023
MO,Marble Hill,municipality,annual,7,,2004 2024-2025
MO,Marceline,municipality,annual,11,,2010-2011
MO,Maries County,county,annual,1,,2020
MO,Marion County,county,biennial,,,1998
MO,Marion County,county,biennial,,,2000
MO,Marion County,county,biennial,,,2002
MO,Marion County,county,biennial,,,2004
MO,Marion County,county,biennial,,,2006
MO,Marion County,county,biennial,,,2010
MO,Marion County,county,biennial,,,2012
MO,Marion County,county,biennial,,,2016
MO,Marion County,county,biennial,,,2020
MO,Marion County,county,biennial,,,2022
MO,Marionville,municipality,annual,1,,2003-2004
MO,Marquand,municipality,annual,1,,1998
MO,Marshall,municipality,annual,10,,2002 2004 2008 2010 2016 2024-2025
MO,Marshfield,municipality,annual,1,,2001 2003 2005 2020-2021 2024
MO,Marston,municipality,annual,1,,2005
MO,Marthasville,municipality,annual,7,,2000-2001
MO,Martinsburg,municipality,annual,4,,2012-2013
MO,Maryland Heights,municipality,annual,1,,1998-1999 2004 2006 2008-2013 2015-2016 2021-2024
MO,Maryville,municipality,annual,10,,1999 2006 2008-2011 2013-2014 2016-2018 2022-2024
MO,Matthews,municipality,annual,1,,2025
MO,Maysville,municipality,annual,7,,2000-2001 2014-2015
MO,Mcdonald County,county,annual,1,,2020 2023
MO,Mcdonald County,county,biennial,,,2013
MO,Mcdonald County,county,biennial,,,2015
MO,Mcdonald County,county,biennial,,,2017
MO,Mcdonald County,county,biennial,,,2022
MO,Memphis,municipality,annual,9,,1998 2008 2020
MO,Mercer County,county,biennial,,,1998
MO,Mercer County,county,biennial,,,2000
MO,Mercer County,county,biennial,,,2002
MO,Mercer County,county,biennial,,,2004
MO,Mercer County,county,biennial,,,2008
MO,Mercer County,county,biennial,,,2012
MO,Mercer County,county,biennial,,,2024
MO,Mexico,municipality,annual,10,,1998 2000 2003-2007 2010-2012 2022-2023 2025
MO,Middletown,municipality,annual,7,,2003
MO,Milan,municipality,annual,7,,2005 2010
MO,Miller,municipality,annual,7,,2022-2023
MO,Miller County,county,annual,1,,2020
MO,Miller County,county,biennial,,,2003
MO,Miller County,county,biennial,,,2005
MO,Miller County,county,biennial,,,2009
MO,Miller County,county,biennial,,,2011
MO,Miller County,county,biennial,,,2013
MO,Miller County,county,biennial,,,2015
MO,Miller County,county,biennial,,,2017
MO,Mineral Point,municipality,annual,1,,2004
MO,Mississippi County,county,annual,1,,2004-2006 2011-2014 2020-2023
MO,Mississippi County,county,biennial,,,1999
MO,Mississippi County,county,biennial,,,2003
MO,Mississippi County,county,biennial,,,2007
MO,Moberly,municipality,annual,7,,1999-2001 2003-2006 2008-2012 2016-2017 2021-2025
MO,Monett,municipality,annual,4,,2000-2001 2003-2011 2013-2017 2020-2024
MO,Monett City,municipality,annual,4,,1998-1999
MO,Moniteau County,county,annual,1,,2005-2006 2021 2024
MO,Moniteau County,county,biennial,,,2002
MO,Moniteau County,county,biennial,,,2004
MO,Moniteau County,county,biennial,,,2020
MO,Monroe City,municipality,annual,10,,2003 2005-2006 2015-2016
MO,Monroe County,county,annual,1,,2012
MO,Monroe County,county,biennial,,,1999
MO,Monroe County,county,biennial,,,2001
MO,Monroe County,county,biennial,,,2003
MO,Monroe County,county,biennial,,,2005
MO,Monroe County,county,biennial,,,2007
MO,Monroe County,county,biennial,,,2009
MO,Monroe County,county,biennial,,,2011
MO,Monroe County,county,biennial,,,2014
MO,Monroe County,county,biennial,,,2016
MO,Montgomery,municipality,annual,7,,2000-2001 2008
MO,Montgomery County,county,annual,1,,2004 2021-2023
MO,Montgomery County,county,biennial,,,1999
MO,Montgomery County,county,biennial,,,2003
MO,Montgomery County,county,biennial,,,2009
MO,Montgomery County,county,biennial,,,2015
MO,Morehouse,municipality,annual,1,,2006
MO,Morgan County,county,biennial,,,2000
MO,Morgan County,county,biennial,,,2004
MO,Morgan County,county,biennial,,,2006
MO,Morgan County,county,biennial,,,2010
MO,Morgan County,county,biennial,,,2012
MO,Morgan County,county,biennial,,,2016
MO,Morgan County,county,biennial,,,2020
MO,Morgan County,county,biennial,,,2024
MO,Morrisville,municipality,annual,7,,2004
MO,Mosby,municipality,annual,4,,2020
MO,Mount Vernon,municipality,annual,7,,1999
MO,Mountain Grove,municipality,annual,7,,2004
MO,Mountain View,municipality,annual,7,,2001 2003-2004 2010 2014
MO,Mt. Vernon,municipality,annual,7,,2009-2010
MO,Neosho,municipality,annual,10,,1998-2002 2005 2007-2014 2022 2024-2025
MO,Nevada,municipality,annual,1,,1998-2004 2007-2012 2015-2017
MO,New Bloomfield,municipality,annual,1,,2006
MO,New Florence,municipality,annual,7,,2011-2012
MO,New Franklin,municipality,annual,7,,2015-2016
MO,New Haven,municipality,annual,7,,2001 2012-2013 2015 2023
MO,New London,municipality,annual,7,,2017-2018
MO,New Madrid,municipality,annual,1,,2009
MO,New Madrid County,county,annual,1,,2001-2003 2005-2016 2020-2022
MO,New Madrid County,county,biennial,,,1999
MO,Newburg,municipality,annual,7,,2011
MO,Newton County,county,annual,1,,2001-2006 2010-2012 2019-2023
MO,Newton County,county,biennial,,,1998
MO,Newton County,county,biennial,,,2000
MO,Nixa,municipality,annual,1,,2002-2003 2020 2023-2024
MO,Nodaway County,county,annual,1,,2016-2017 2020 2022-2024
MO,Nodaway County,county,biennial,,,1998
MO,Nodaway County,county,biennial,,,2000
MO,Nodaway County,county,biennial,,,2002
MO,Nodaway County,county,biennial,,,2004
MO,Nodaway County,county,biennial,,,2006
MO,Nodaway County,county,biennial,,,2008
MO,Nodaway County,county,biennial,,,2010
MO,Nodaway County,county,biennial,,,2012
MO,Nodaway County,county,biennial,,,2014
MO,North Kansas City,municipality,annual,10,,1999 2004 2025
MO,Northwoods,municipality,annual,1,,2003 2012
MO,O'Fallon,municipality,annual,1,,1999 2002-2004 2008-2010 2012-2017 2019-2024
MO,Oak Grove,municipality,annual,1,,2022
MO,Oak Ridge,municipality,annual,7,,2008
MO,Oakland,municipality,annual,7,,2012
MO,Odessa,municipality,annual,10,,2006-2007 2014-2016
MO,Odessa,municipality,other,,,2018
MO,Ofallon,municipality,annual,1,,2025
MO,Olivette,municipality,annual,7,,2017 2021
MO,Oregon County,county,annual,1,,2021-2022
MO,Oregon County,county,biennial,,,1999
MO,Oregon County,county,biennial,,,2001
MO,Oregon County,county,biennial,,,2003
MO,Oregon County,county,biennial,,,2005
MO,Oregon County,county,biennial,,,2009
MO,Oregon County,county,biennial,,,2011
MO,Oregon County,county,biennial,,,2013
MO,Oregon County,county,biennial,,,2015
MO,Oregon County,county,biennial,,,2017
MO,Oregon County,county,biennial,,,2019
MO,Oronogo,municipality,annual,7,,1999-2000 2003-2007 2023
MO,Orrick,municipality,annual,1,,1999-2000
MO,Osage Beach,municipality,annual,1,,2001-2004 2006-2012 2014 2016-2017 2019 2022 2024-2025
MO,Osage County,county,annual,1,,2020-2021
MO,Osage County,county,biennial,,,2009
MO,Osage County,county,biennial,,,2013
MO,Osceola,municipality,annual,10,,2007-2008 2018-2019
MO,Otterville,municipality,annual,4,,1999
MO,Overland,municipality,annual,7,,2000-2001 2021 2025
MO,Owensville,municipality,annual,7,,2009-2010 2025
MO,Ozark,municipality,annual,1,,2002-2003 2006-2010 2012-2013 2020 2022-2025
MO,Ozark County,county,annual,1,,2016 2020 2023
MO,Ozark County,county,biennial,,,1999
MO,Ozark County,county,biennial,,,2001
MO,Ozark County,county,biennial,,,2003
MO,Ozark County,county,biennial,,,2009
MO,Ozark County,county,biennial,,,2011
MO,Ozark County,county,biennial,,,2014
MO,Pacific,municipality,annual,7,,2002-2003 2005-2007 2009-2012 2014-2015 2017 2019 2021 2023 2025
MO,Pacific City,municipality,annual,7,,1998
MO,Pagedale,municipality,annual,10,,1998-1999
MO,Palmyra,municipality,annual,5,,2001 2024-2025
MO,Paris,municipality,annual,4,,2010-2011 2026
MO,Park Hills,municipality,annual,10,,2003 2023-2024
MO,Parkville,municipality,annual,1,,2021-2022
MO,Parma,municipality,annual,7,,2009
MO,Parnell,municipality,annual,1,,2001-2002 2022-2023
MO,Peculiar,municipality,annual,10,,2014 2022
MO,Pemiscot County,county,annual,1,,2008 2017-2018
MO,Pemiscot County,county,biennial,,,1998
MO,Pemiscot County,county,biennial,,,2000
MO,Pemiscot County,county,biennial,,,2002
MO,Pemiscot County,county,biennial,,,2004
MO,Pemiscot County,county,biennial,,,2006
MO,Pemiscot County,county,biennial,,,2010
MO,Pemiscot County,county,biennial,,,2012
MO,Pemiscot County,county,biennial,,,2014
MO,Pemiscot County,county,biennial,,,2016
MO,Pemiscot County,county,biennial,,,2020
MO,Perry,municipality,annual,5,,2024-2025
MO,Perry County,county,annual,1,,2021
MO,Perry County,county,biennial,,,2002
MO,Perryville,municipality,annual,4,,2009 2011-2015 2017 2024-2025
MO,Pettis County,county,annual,1,,2001-2006 2008 2010-2014 2020 2022-2024
MO,Pevely,municipality,annual,1,,2004 2016
MO,Phelps County,county,biennial,,,1998
MO,Phelps County,county,biennial,,,2002
MO,Phelps County,county,biennial,,,2003
MO,Phelps County,county,biennial,,,2004
MO,Phelps County,county,biennial,,,2006
MO,Phelps County,county,biennial,,,2010
MO,Phelps County,county,biennial,,,2012
MO,Phelps County,county,biennial,,,2014
MO,Phelps County,county,biennial,,,2016
MO,Phelps County,county,biennial,,,2018
MO,Phelps County,county,biennial,,,2020
MO,Phelps County,county,biennial,,,2022
MO,Phelps County,county,biennial,,,2024
MO,Pickering,municipality,biennial,,,2006
MO,Piedmont,municipality,annual,7,,1999-2004 2011-2012 2014 2020 2022
MO,Pierce City,municipality,annual,4,,2021
MO,Pierce City,municipality,annual,5,,2004-2008
MO,Pike County,county,annual,1,,2004 2023-2024
MO,Pike County,county,biennial,,,2003
MO,Pike County,county,biennial,,,2011
MO,Pike County,county,biennial,,,2016
MO,Pike County,county,biennial,,,2020
MO,Pilot Grove,municipality,annual,4,,2011
MO,Pineville,municipality,annual,1,,2005 2009
MO,Pineville,municipality,annual,7,,2000
MO,Plato,municipality,annual,1,,2007-2008
MO,Platte City,municipality,annual,11,,2001 2010 2012 2022
MO,Platte County,county,annual,1,,1998-2024
MO,Plattsburg,municipality,annual,7,,2014-2015
MO,Pleasant Hill,municipality,annual,4,,2014 2020 2024
MO,Pleasant Hope,municipality,annual,1,,2007
MO,Pocahontas Wastewater Collection And Treatment System,municipality,annual,4,,2006
MO,Polk County,county,annual,1,,2020 2022 2024
MO,Polk County,county,biennial,,,1999
MO,Polk County,county,biennial,,,2001
MO,Polk County,county,biennial,,,2003
MO,Polk County,county,biennial,,,2007
MO,Polk County,county,biennial,,,2011
MO,Polk County,county,biennial,,,2013
MO,Polk County,county,biennial,,,2019
MO,Poplar Bluff,municipality,annual,1,,2006-2025
MO,Poplar Bluff,municipality,annual,10,,2001 2003-2004
MO,Poplar Bluff,municipality,other,,15,2005
MO,Portageville,municipality,annual,5,,2019-2020 2024
MO,Potosi,municipality,annual,7,,2022 2024
MO,Pulaski County,county,annual,1,,2018-2024
MO,Pulaski County,county,biennial,,,1998
MO,Pulaski County,county,biennial,,,2000
MO,Pulaski County,county,biennial,,,2002
MO,Pulaski County,county,biennial,,,2004
MO,Pulaski County,county,biennial,,,2006
MO,Pulaski County,county,biennial,,,2008
MO,Pulaski County,county,biennial,,,2014
MO,Purdy,municipality,annual,7,,2018-2019
MO,Putnam County,county,biennial,,,1998
MO,Putnam County,county,biennial,,,2000
MO,Putnam County,county,biennial,,,2002
MO,Putnam County,county,biennial,,,2006
MO,Putnum County,county,annual,1,,2015
MO,Puxico,municipality,annual,7,,2020-2021
MO,Qulin,municipality,annual,7,,2002
MO,Ralls County,county,annual,1,,2022-2023
MO,Ralls County,county,biennial,,,2000
MO,Ralls County,county,biennial,,,2002
MO,Ralls County,county,biennial,,,2004
MO,Ralls County,county,biennial,,,2006
MO,Ralls County,county,biennial,,,2008
MO,Ralls County,county,biennial,,,2012
MO,Ralls County,county,biennial,,,2016
MO,Ralls County,county,biennial,,,2021
MO,Randolph County,county,annual,1,,2023-2024
MO,Randolph County,county,biennial,,,1998
MO,Randolph County,county,biennial,,,2000
MO,Randolph County,county,biennial,,,2002
MO,Randolph County,county,biennial,,,2004
MO,Randolph County,county,biennial,,,2012
MO,Randolph County,county,biennial,,,2014
MO,Randolph County,county,biennial,,,2020
MO,Ray County,county,annual,1,,2016 2020-2021
MO,Ray County,county,biennial,,,1998
MO,Ray County,county,biennial,,,2000
MO,Ray County,county,biennial,,,2008
MO,Raymore,municipality,annual,11,,1999-2001 2010 2012 2020 2022
MO,Raytown,municipality,annual,11,,2001-2007 2009-2012 2014 2018 2021
MO,Reeds Spring,municipality,annual,1,,1999-2001
MO,Republic,municipality,annual,1,,2000-2003 2007 2019 2022-2024
MO,Reynolds County,county,annual,1,,2002 2020 2022
MO,Reynolds County,county,biennial,,,2005
MO,Reynolds County,county,biennial,,,2009
MO,Reynolds County,county,biennial,,,2011
MO,Reynolds County,county,biennial,,,2013
MO,Reynolds County,county,biennial,,,2017
MO,Reynolds County,county,biennial,,,2019
MO,Reynolds County,county,biennial,,,2024
MO,Rich Hill,municipality,annual,1,,2008
MO,Rich Hill,municipality,annual,4,,2002
MO,Richland,municipality,annual,7,,2003 2008
MO,Richmond,municipality,annual,10,,2001-2002 2008 2013-2015
MO,Richmond Heights,municipality,annual,7,,2002-2003 2008-2009 2012 2014-2015 2021-2023
MO,Ripley County,county,annual,1,,2015
MO,Ripley County,county,biennial,,,1998
MO,Ripley County,county,biennial,,,2002
MO,Ripley County,county,biennial,,,2006
MO,Ripley County,county,biennial,,,2008
MO,Ripley County,county,biennial,,,2010
MO,Ripley County,county,biennial,,,2012
MO,Ripley County,county,biennial,,,2014
MO,Ripley County,county,biennial,,,2017
MO,Ripley County,county,biennial,,,2019
MO,Ripley County,county,biennial,,,2021
MO,Ripley County,county,biennial,,,2023
MO,Riverside,municipality,annual,7,,2006 2011-2014 2025
MO,Rock Hill,municipality,annual,4,,2012
MO,Rockaway Beach,municipality,annual,7,,2011
MO,Rogersville,municipality,annual,7,,1999 2002 2009-2010 2013
MO,Rolla,municipality,annual,10,,1998-2005 2007-2009 2012-2014 2017 2021-2024
MO,Russellville,municipality,annual,1,,2001 2020-2021
MO,Saint Charles,municipality,annual,7,,1998-1999
MO,Saint Charles County,county,annual,1,,2010-2022
MO,Saint Charles Public Schools,municipality,annual,7,,2023
MO,Saint Francois County,county,annual,1,,2006 2009 2011
MO,Saint Louis,municipality,annual,7,,1998-2012
MO,Saint Peters,municipality,annual,10,,2025
MO,Saint Robert,municipality,annual,1,,2014 2020-2024
MO,Saint Thomas,municipality,annual,7,,2010
MO,Salem,municipality,annual,7,,2009 2025
MO,Saline County,county,annual,1,,1999 2003-2004 2008-2009 2014-2016 2020-2024
MO,Salisbury,municipality,annual,7,,2018
MO,Savannah,municipality,annual,10,,2010-2011 2018
MO,Schell City,municipality,annual,1,,2013
MO,Schuyler County,county,annual,1,,1999
MO,Schuyler County,county,biennial,,,1998
MO,Schuyler County,county,biennial,,,2002
MO,Schuyler County,county,biennial,,,2012
MO,Scotland County,county,annual,1,,2015 2024
MO,Scotland County,county,biennial,,,1998
MO,Scotland County,county,biennial,,,2000
MO,Scotland County,county,biennial,,,2002
MO,Scotland County,county,biennial,,,2004
MO,Scotland County,county,biennial,,,2006
MO,Scotland County,county,biennial,,,2011
MO,Scotland County,county,biennial,,,2020
MO,Scott City,municipality,annual,7,,2002 2022 2024-2025
MO,Scott County,county,annual,1,,2022
MO,Scott County,county,biennial,,,1999
MO,Scott County,county,biennial,,,2001
MO,Scott County,county,biennial,,,2003
MO,Scott County,county,biennial,,,2005
MO,Scott County,county,biennial,,,2007
MO,Scott County,county,biennial,,,2009
MO,Scott County,county,biennial,,,2011
MO,Scott County,county,biennial,,,2013
MO,Scott County,county,biennial,,,2020
MO,Sedalia,municipality,annual,4,,1998 2002-2003 2005 2008-2011 2015-2016 2019 2021-2022 2025
MO,Senath,municipality,annual,7,,1999-2001 2016-2017 2019-2020 2024
MO,Seneca,municipality,annual,1,,2006-2008
MO,Seymour,municipality,annual,7,,2010
MO,Shannon County,county,annual,1,,2002-2003 2020
MO,Shannon County,county,biennial,,,2005
MO,Shannon County,county,biennial,,,2009
MO,Shannon County,county,biennial,,,2017
MO,Shannon County,county,biennial,,,2019
MO,Shannon County,county,biennial,,,2023
MO,Shelby County,county,biennial,,,1999
MO,Shelby County,county,biennial,,,2001
MO,Shelby County,county,biennial,,,2014
MO,Shelby County,county,biennial,,,2020
MO,Sheridan,municipality,annual,1,,2018
MO,Sikeston,municipality,annual,7,,1998-1999 2005-2013 2015-2016 2022-2024
MO,Silex,municipality,annual,1,,2011-2012
MO,Silver Creek,municipality,annual,10,,2010-2011
MO,Slater,municipality,annual,1,,2000
MO,Smithville,municipality,annual,11,,2021-2022
MO,South Greenfield,municipality,annual,1,,2004
MO,Southwest City,municipality,annual,1,,2007
MO,Sparta,municipality,annual,7,,2008-2009 2018
MO,Springfield,municipality,annual,7,,1998 2000-2025
MO,Springfield City,municipality,annual,7,,1999
MO,St Charles,municipality,annual,7,,2000
MO,St Charles County,county,annual,1,,1998-2001
MO,St Clair County,county,biennial,,,2000
MO,St Francois County,county,annual,1,,1998-2000 2012 2020 2022-2025
MO,St John,municipality,annual,1,,1998
MO,St Joseph,municipality,annual,7,,1998 2000-2001 2008 2014-2016 2019-2025
MO,St Louis County,county,annual,1,,1998-2000
MO,St Peters,municipality,annual,10,,1998-2001
MO,St Robert,municipality,annual,1,,2001
MO,St. Ann,municipality,annual,1,,2002 2011-2012 2016 2020 2022 2024
MO,St. Charles,municipality,annual,1,,2002-2005 2007-2024
MO,St. Charles,municipality,other,,18,2001
MO,St. Charles County,county,annual,1,,2002-2009 2021 2023-2024
MO,St. Clair,municipality,annual,1,,2008 2013
MO,St. Clair County,county,annual,1,,2010 2013-2014
MO,St. Clair County,county,biennial,,,2002
MO,St. Francois County,county,annual,1,,2010 2013 2015-2016 2021
MO,St. James,municipality,annual,5,,2001-2002
MO,St. John,municipality,annual,1,,2009
MO,St. Joseph,municipality,annual,7,,1999 2002-2007 2009-2013 2017-2018
MO,St. Louis,municipality,annual,7,,2013-2024
MO,St. Louis County,county,annual,1,,2001-2024
MO,St. Louis Family Violence Council,municipality,annual,9,,2002
MO,St. Mary,municipality,annual,10,,2011
MO,St. Peters,municipality,annual,10,,2002 2004 2006-2024
MO,St. Robert,municipality,annual,1,,2003
MO,Stanberry,municipality,annual,1,,2020-2021
MO,Ste Genevieve,municipality,annual,10,,2000-2001 2011
MO,Ste Genevieve City,municipality,annual,10,,1998
MO,Ste. Genevieve,municipality,annual,10,,2002 2010
MO,Ste. Genevieve County,county,annual,1,,2013
MO,Ste. Genevieve County,county,biennial,,,2012
MO,Ste. Genevieve County,county,biennial,,,2020
MO,Ste. Genevieve County,county,biennial,,,2022
MO,Ste. Genevieve County,county,biennial,,,2024
MO,Steele,municipality,annual,7,,2009 2025
MO,Stockton,municipality,annual,10,,2004 2009 2011-2013
MO,Stocton,municipality,annual,10,,2003
MO,Stoddard County,county,annual,1,,2022-2023
MO,Stoddard County,county,biennial,,,1998
MO,Stoddard County,county,biennial,,,2000
MO,Stoddard County,county,biennial,,,2002
MO,Stoddard County,county,biennial,,,2004
MO,Stoddard County,county,biennial,,,2008
MO,Stoddard County,county,biennial,,,2010
MO,Stoddard County,county,biennial,,,2012
MO,Stoddard County,county,biennial,,,2014
MO,Stoddard County,county,biennial,,,2016
MO,Stoddard County,county,biennial,,,2018
MO,Stoddard County,county,biennial,,,2020
MO,Stone County,county,annual,1,,2012 2021-2024
MO,Stone County,county,biennial,,,1998
MO,Stone County,county,biennial,,,2002
MO,Stone County,county,biennial,,,2003
MO,Stone County,county,biennial,,,2008
MO,Stone County,county,biennial,,,2010
MO,Stone County,county,biennial,,,2014
MO,Stone County,county,biennial,,,2016
MO,Stone County,county,biennial,,,2018
MO,Stone County,county,biennial,,,2020
MO,Stotts City,municipality,annual,1,,2009
MO,Stoutland,municipality,annual,7,,2005
MO,Stover,municipality,annual,7,,2007-2008 2013 2015 2022 2025
MO,Sugar Creek,municipality,annual,10,,2010-2014
MO,Sullivan,municipality,annual,10,,2009-2012 2015 2020-2021
MO,Sullivan County,county,annual,1,,2023
MO,Sullivan County,county,biennial,,,1998
MO,Sullivan County,county,biennial,,,2002
MO,Sullivan County,county,biennial,,,2004
MO,Sullivan County,county,biennial,,,2006
MO,Summersville,municipality,annual,7,,2001 2011
MO,Sunrise Beach,municipality,annual,4,,2011-2012 2015 2018 2024
MO,Sunset Hills,municipality,annual,1,,2009 2011 2017 2020 2024
MO,Syracuse,municipality,annual,1,,1999
MO,Taney County,county,annual,1,,2003-2004 2008-2010 2014-2015 2020-2024
MO,Taney County,county,biennial,,,1999
MO,Taney County,county,biennial,,,2001
MO,Taneyville,municipality,annual,1,,2000
MO,Taos,municipality,annual,7,,2012-2013
MO,Tarkio,municipality,annual,4,,2002 2021-2022
MO,Texas County,county,annual,1,,2022 2024
MO,Texas County,county,biennial,,,2000
MO,Texas County,county,biennial,,,2002
MO,Texas County,county,biennial,,,2004
MO,Texas County,county,biennial,,,2012
MO,Texas County,county,biennial,,,2020
MO,Tipton,municipality,annual,10,,2010-2011 2024
MO,Town And Country,municipality,annual,1,,2013 2020 2023
MO,Trenton,municipality,annual,5,,1999-2000 2020
MO,Troy,municipality,annual,7,,2003 2010-2011 2016 2020-2022 2025
MO,Truesdale,municipality,annual,7,,2022
MO,Union,municipality,annual,7,,2001-2002 2008-2010 2012-2018 2020
MO,Unionville,municipality,annual,4,,2018
MO,University City,municipality,annual,7,,1998 2002-2016 2019-2024
MO,University City,municipality,annual,10,,1999
MO,Urbana,municipality,annual,7,,2023
MO,Urich,municipality,annual,10,,2015 2025
MO,Utica,municipality,other,,28,2004
MO,Valley Park,municipality,annual,7,,2008 2013 2017 2021-2022
MO,Van Buren,municipality,annual,1,,2007-2009
MO,Vandalia,municipality,annual,3,,2025
MO,Vernon County,county,annual,1,,2020
MO,Vernon County,county,biennial,,,1999
MO,Vernon County,county,biennial,,,2001
MO,Vernon County,county,biennial,,,2003
MO,Vernon County,county,biennial,,,2005
MO,Vernon County,county,biennial,,,2007
MO,Vernon County,county,biennial,,,2009
MO,Vernon County,county,biennial,,,2011
MO,Vernon County,county,biennial,,,2013
MO,Vernon County,county,biennial,,,2015
MO,Versailles,municipality,annual,1,,2014-2015 2020
MO,Vienna,municipality,annual,7,,2012-2013
MO,Walnut Grove,municipality,annual,1,,2010-2011
MO,Wardell,municipality,annual,1,,2016
MO,Wardell,municipality,biennial,,,2005
MO,Wardsville,municipality,annual,1,,2003-2004 2006-2007 2010-2011
MO,Warren County,county,annual,1,,2020 2023-2024
MO,Warren County,county,biennial,,,1998
MO,Warren County,county,biennial,,,2000
MO,Warren County,county,biennial,,,2006
MO,Warren County,county,biennial,,,2008
MO,Warren County,county,biennial,,,2010
MO,Warren County,county,biennial,,,2012
MO,Warren County,county,biennial,,,2022
MO,Warrensburg,municipality,annual,10,,2000-2002 2005-2013 2022
MO,Warrenton,municipality,annual,7,,2001 2003-2005 2010-2011 2022
MO,Warsaw,municipality,annual,1,,1998 2001 2007 2010 2012 2014 2019
MO,Washington,municipality,annual,10,,1998-1999 2001-2006 2008-2010 2012-2013 2015-2016 2018-2019 2021-2025
MO,Washington County,county,biennial,,,1999
MO,Washington County,county,biennial,,,2001
MO,Washington County,county,biennial,,,2007
MO,Washington County,county,biennial,,,2009
MO,Washington County,county,biennial,,,2011
MO,Washington County,county,biennial,,,2013
MO,Washington County,county,biennial,,,2015
MO,Washington County,county,biennial,,,2017
MO,Washington County,county,biennial,,,2019
MO,Washington County,county,biennial,,,2023
MO,Waverly,municipality,annual,7,,2008 2016
MO,Wayne County,county,annual,1,,2019-2020 2023-2024
MO,Wayne County,county,biennial,,,1999
MO,Wayne County,county,biennial,,,2001
MO,Wayne County,county,biennial,,,2003
MO,Wayne County,county,biennial,,,2007
MO,Wayne County,county,biennial,,,2009
MO,Wayne County,county,biennial,,,2011
MO,Wayne County,county,biennial,,,2013
MO,Wayne County,county,biennial,,,2015
MO,Wayne County,county,biennial,,,2017
MO,Wayne County,county,biennial,,,2022
MO,Waynesville,municipality,annual,1,,2014 2016 2019-2021 2023
MO,Waynesville,municipality,annual,4,,2008-2009 2011-2013
MO,Weaubleau,municipality,annual,7,,2025
MO,Webb City,municipality,annual,11,,1998 2004 2008
MO,Webster County,county,annual,1,,2010 2016-2017 2020 2022 2024
MO,Webster County,county,biennial,,,1998
MO,Webster County,county,biennial,,,2000
MO,Webster County,county,biennial,,,2002
MO,Webster County,county,biennial,,,2004
MO,Webster County,county,biennial,,,2006
MO,Webster County,county,biennial,,,2014
MO,Webster Groves,municipality,annual,7,,1999 2002-2007 2012-2013 2021 2023-2024
MO,Weldon Spring,municipality,annual,10,,2012
MO,Wellington,municipality,annual,7,,2013-2014
MO,Wellsville,municipality,annual,4,,2018
MO,Wentworth,municipality,annual,5,,2003
MO,Wentzville,municipality,annual,1,,2005-2007 2010-2012 2015 2018 2020-2025
MO,West Plains,municipality,annual,1,,2023-2025
MO,West Plains,municipality,annual,4,,1999 2003-2004 2006 2008-2012 2014-2019 2021-2022
MO,West Sullivan,municipality,annual,1,,2010
MO,Westboro,municipality,annual,7,,2002
MO,Weston,municipality,annual,1,,2011
MO,Wheatland,municipality,annual,7,,2014-2015
MO,Wildwood,municipality,annual,1,,2003-2005 2007 2009-2010 2013 2016-2017 2019-2020 2023-2025
MO,Willard,municipality,annual,1,,2024
MO,Willow Springs,municipality,annual,1,,1999 2002 2005
MO,Winfield,municipality,annual,1,,2021-2022
MO,Worth County,county,biennial,,,2005
MO,Worth County,county,biennial,,,2013
MO,Wright County,county,annual,1,,2020-2021
MO,Wright County,county,biennial,,,2001
MO,Wright County,county,biennial,,,2003
MO,Wright County,county,biennial,,,2017
MO,Wyatt,municipality,annual,1,,2002-2003
MT,Alberton,municipality,annual,7,,2000
MT,Anaconda Deer Lodge County,county,annual,7,,2009-2010 2013-2023
MT,Anaconda Deerlodge County,county,annual,7,,2012
MT,Bainville,municipality,biennial,,,2000
MT,Bainville,municipality,biennial,,,2018
MT,Baker,municipality,biennial,,,2023
MT,Bearcreek,municipality,annual,7,,2011
MT,Beaverhead County,county,annual,7,,1998-1999 2003 2005-2007 2009-2025
MT,Belgrade,municipality,annual,7,,1998 2003-2004 2008 2010 2021-2023
MT,Belt,municipality,annual,7,,1998 2019-2020
MT,Big Horn County,county,annual,7,,2000 2005 2010-2016 2020-2024
MT,Big Sandy,municipality,annual,7,,2010 2014-2015 2019
MT,Big Sandy,municipality,biennial,,,2023
MT,Big Timber,municipality,annual,7,,2001-2002 2025
MT,Billings,municipality,annual,7,,1999-2025
MT,Billings City,municipality,annual,7,,1998
MT,Blaine County,county,annual,7,,1998 2012-2015 2024
MT,Blaine County,county,biennial,,,2023
MT,Boulder,municipality,annual,7,,2015-2016
MT,Bozeman,municipality,annual,7,,1999-2012 2014-2015 2020-2025
MT,Bozeman City,municipality,annual,7,,1998
MT,Broadview,municipality,biennial,,,2014
MT,Broadwater County,county,annual,7,,2001 2003 2010-2012 2015 2018 2021-2025
MT,Broadwater County,county,biennial,,,2014
MT,Browning,municipality,annual,7,,2010
MT,Butte-Silverbow,municipality,annual,7,,1998
MT,Carbon County,county,annual,7,,1998 2005 2009 2011-2013 2020-2021 2023-2025
MT,Carter County,county,annual,7,,2001 2005 2021 2023
MT,Cascade,municipality,annual,7,,2001 2007 2015 2021
MT,Cascade,municipality,biennial,,,2000
MT,Cascade County,county,annual,7,,1998-2024
MT,Chester,municipality,annual,7,,2001 2025
MT,Chester,municipality,biennial,,,2003
MT,Chinook,municipality,annual,7,,1999 2004-2005 2015-2016 2021
MT,Chinook City,municipality,annual,7,,2025
MT,Choteau,municipality,annual,7,,2002-2003 2005 2007 2016-2017 2023-2024
MT,Chouteau County,county,annual,7,,2010-2012 2016 2020 2023-2025
MT,Chouteau County,county,biennial,,,2022
MT,Circle,municipality,annual,7,,2010 2023
MT,Circle Town,municipality,annual,7,,2024-2025
MT,Clyde Park,municipality,biennial,,,2003
MT,Colstrip,municipality,annual,7,,2002 2025
MT,Columbia Falls,municipality,annual,7,,2001-2003 2005 2010-2012 2014 2023-2024
MT,Columbus,municipality,annual,7,,1999-2000 2010 2013 2023 2025
MT,Conrad,municipality,annual,7,,2001-2003 2005-2006 2010 2015 2018
MT,Culbertson,municipality,annual,7,,2016
MT,Culbertson,municipality,biennial,,,2010
MT,Culbertson,municipality,biennial,,,2012
MT,Custer County,county,annual,7,,1998 2001 2003 2006 2010-2011 2013-2015 2020-2021 2023-2025
MT,Cut Bank,municipality,annual,7,,2001 2006 2010-2011 2014-2015 2019 2023
MT,Cut Bank City,municipality,annual,7,,2024
MT,Daniels County,county,annual,7,,1999 2012 2019 2024
MT,Darby,municipality,annual,7,,2010 2025
MT,Dawson County,county,annual,7,,1998-2010 2012-2015 2017 2022-2024
MT,Deer Lodge,municipality,annual,7,,2016-2018 2020
MT,Denton,municipality,annual,7,,2020 2025
MT,Dillon,municipality,annual,7,,2007 2022-2023
MT,Drummond,municipality,biennial,,,2007
MT,Dutton,municipality,annual,7,,2010
MT,East Helena,municipality,annual,7,,2000 2003 2010 2014 2022
MT,Ekalaka,municipality,annual,7,,2009
MT,Eureka,municipality,annual,7,,2012 2016 2020
MT,Eureka,municipality,biennial,,,2003
MT,Fairfield,municipality,annual,7,,2019 2023-2024
MT,Fairfield,municipality,biennial,,,2011
MT,Fairview,municipality,annual,7,,1998-1999 2020 2024
MT,Fallon County,county,annual,7,,1998 2002 2004 2007 2012-2014 2018 2022-2024
MT,Fergus County,county,annual,7,,1998-2000 2002-2003 2005-2007 2011-2016 2019-2024
MT,Flathead County,county,annual,7,,1998-2025
MT,Flaxville,municipality,annual,7,,2018
MT,Forsyth,municipality,annual,7,,2001 2014
MT,Fort Benton,municipality,annual,7,,2009 2018-2019
MT,Fort Benton City,municipality,annual,7,,2023
MT,Froid,municipality,annual,7,,2020-2021
MT,Fromberg,municipality,annual,7,,2018
MT,Gallatin County,county,annual,7,,1998-2023
MT,Garfield County,county,annual,7,,2004-2005 2021-2024
MT,Geraldine,municipality,annual,7,,2021-2022
MT,Geraldine,municipality,biennial,,,2002
MT,Glacier County,county,annual,7,,1998 2021-2025
MT,Glacier County,county,biennial,,,2014
MT,Glasgow,municipality,annual,7,,1998-2000 2010 2013 2020-2021 2024
MT,Glendive,municipality,annual,7,,2003 2015 2020 2024-2025
MT,Glendive,municipality,biennial,,,2001
MT,Glendive,municipality,biennial,,,2005
MT,Granite County,county,annual,7,,1998-1999 2003-2006 2008-2016 2021-2024
MT,Great Falls,municipality,annual,7,,1999-2025
MT,Great Falls City,municipality,annual,7,,1998
MT,Hamilton,municipality,annual,7,,1998 2000 2002-2004 2010 2016 2024
MT,Hardin,municipality,annual,7,,2004 2010 2024
MT,Hardin,municipality,biennial,,,2008
MT,Harlem,municipality,annual,7,,1998 2009 2017-2018
MT,Harlowton,municipality,annual,7,,1999 2015 2021-2022
MT,Havre,municipality,annual,7,,1998-2003 2010-2011 2016-2017 2020-2021 2024-2025
MT,Helena,municipality,annual,7,,1999-2025
MT,Helena City,municipality,annual,7,,1998
MT,Hill County,county,annual,7,,1998-2023
MT,Hot Springs,municipality,annual,7,,2004 2019
MT,Hot Springs,municipality,biennial,,,2000
MT,Hysham,municipality,annual,7,,2017
MT,Jefferson County,county,annual,7,,1998 2001-2002 2005 2009-2013 2020-2025
MT,Judith Basin County,county,annual,7,,1998 2010-2012 2021 2023-2024
MT,Judith Gap,municipality,annual,7,,2002
MT,Kalispell,municipality,annual,7,,1998-2014 2018 2020-2023 2025
MT,Lake County,county,annual,7,,1998-2015 2017 2020-2025
MT,Laurel,municipality,annual,7,,1998-1999 2003-2004 2006-2007 2009-2011 2014-2015 2017 2023-2024
MT,Lavina,municipality,annual,7,,2003
MT,Lewis And Clark County,county,annual,7,,1998-1999 2004-2005 2018 2024-2025
MT,Lewistown,municipality,annual,7,,1999 2005-2008 2010-2012 2021 2023-2025
MT,Libby,municipality,annual,7,,1998 2002-2005 2010-2012 2014-2016 2024
MT,Libby,municipality,biennial,,,2007
MT,Liberty County,county,annual,7,,1998 2011 2021 2024-2025
MT,Lima,municipality,annual,7,,2003
MT,Lincoln County,county,annual,7,,1998-2000 2002-2003 2005-2008 2010-2016 2019-2025
MT,Livingston,municipality,annual,7,,2003-2006 2010 2018 2020-2021 2023
MT,Lodge Grass,municipality,annual,7,,2019
MT,Lodge Grass,municipality,biennial,,,2018
MT,Madison County,county,annual,7,,1999 2001 2003-2015 2017-2025
MT,Malta,municipality,annual,7,,2003 2008-2011 2023
MT,Manhattan,municipality,annual,7,,2001-2002 2007-2008 2020 2023-2025
MT,Mccone County,county,annual,7,,2006-2008 2024-2025
MT,Meagher County,county,annual,7,,2004 2010-2013 2015 2022 2024
MT,Medicine Lake,municipality,annual,7,,2020
MT,Medicine Lake,municipality,biennial,,,1999
MT,Miles City,municipality,annual,7,,1998-2000 2002-2003 2006 2008-2013 2016 2020-2024
MT,Mineral County,county,annual,7,,1998-2003 2005 2007-2009 2012-2016 2018-2022 2024-2025
MT,Mineral County,county,biennial,,,2011
MT,Missoula,municipality,annual,7,,1998-2025
MT,Missoula County,county,annual,7,,1998-2024
MT,Moore,municipality,biennial,,,2016
MT,Musselshell County,county,annual,7,,2001 2003 2015 2020-2021 2023-2025
MT,Musselshell County,county,biennial,,,2012
MT,Musselshell County,county,biennial,,,2014
MT,Musselshell County,county,biennial,,,2019
MT,Onaway,municipality,annual,4,,2005
MT,Opheim,municipality,annual,7,,2002
MT,Park County,county,annual,7,,1998 2000 2002-2003 2005-2006 2009-2015 2017-2025
MT,Petroleum County,county,annual,7,,2012
MT,Philipsburg,municipality,annual,7,,2024
MT,Philipsburg,municipality,biennial,,,2003
MT,Phillips County,county,annual,7,,1998 2000 2003 2006-2009 2023-2024
MT,Pinesdale,municipality,annual,7,,2010 2017
MT,Plains,municipality,annual,7,,2005 2022-2024
MT,Plentywood,municipality,annual,7,,2014 2018 2022
MT,Polson,municipality,annual,7,,2001 2010 2024-2025
MT,Pondera County,county,annual,7,,2003 2006 2008 2010-2011 2015 2018 2021-2025
MT,Poplar,municipality,annual,7,,2000 2019-2023
MT,Poplar,municipality,biennial,,,2009
MT,Poplar,municipality,biennial,,,2011
MT,Powder River County,county,annual,7,,2005 2011-2013 2023-2025
MT,Powder River County,county,biennial,,,2007
MT,Powder River County,county,biennial,,,2022
MT,Powell County,county,annual,7,,1998-2000 2002-2016 2020-2024
MT,Ravalli County,county,annual,7,,1998-2016 2018-2025
MT,Red Lodge,municipality,annual,7,,1998-1999 2001-2002 2004 2008 2010-2011 2014 2018 2020 2023-2025
MT,Richland County,county,annual,7,,1998-2003 2006 2010-2013 2016 2019 2021-2024
MT,Ronan,municipality,annual,7,,2003 2012-2013 2024
MT,Ronan,municipality,biennial,,,1999
MT,Roosevelt County,county,annual,7,,1998-1999 2005-2006 2009 2011-2013 2021 2023-2024
MT,Rosebud County,county,annual,7,,1998-2000 2002 2004-2005 2011-2013 2016-2017 2020-2021 2023-2025
MT,Roundup,municipality,annual,7,,1998-1999 2015 2021
MT,Ryegate,municipality,annual,7,,2021
MT,Saco,municipality,biennial,,,2012
MT,Sander County,county,annual,7,,2000
MT,Sanders County,county,annual,7,,1998-1999 2001-2017 2019-2025
MT,Scobey,municipality,annual,7,,2006 2020-2022
MT,Shelby,municipality,annual,7,,2000 2002-2004 2009-2011 2023-2025
MT,Shelby,municipality,biennial,,,2015
MT,Sheridan,municipality,annual,7,,2008 2011-2013 2020
MT,Sheridan County,county,annual,7,,2002-2003 2005 2007-2008 2010-2011 2021-2022
MT,Sidney,municipality,annual,7,,2019-2021 2023-2025
MT,St. Ignatius,municipality,biennial,,,2007
MT,St.Ignatius,municipality,biennial,,,2008
MT,Stanford,municipality,annual,7,,2019 2024
MT,Stanford,municipality,biennial,,,2003
MT,Stevensville,municipality,annual,7,,2001-2002 2004 2011-2012 2015-2017 2025
MT,Stevensville,municipality,biennial,,,2022
MT,Stillwater County,county,annual,7,,1998-1999 2003-2004 2008 2010-2011 2014-2015 2018-2025
MT,Sunburst Town Hall,municipality,annual,7,,2025
MT,Superior,municipality,annual,7,,2000-2013
MT,Superior Town,municipality,annual,7,,2025
MT,Sweet Grass County,county,annual,7,,2004 2010-2015 2021 2024
MT,Terry,municipality,annual,7,,1998-2000 2002 2024-2025
MT,Teton County,county,annual,7,,2002 2020-2021
MT,Thompson Falls,municipality,annual,7,,1998-2002 2024
MT,Thompson Falls City,municipality,annual,7,,2023
MT,Three Forks,municipality,annual,7,,2025
MT,Toole County,county,annual,7,,2001 2003-2007 2010-2013 2019-2025
MT,Townsend,municipality,annual,7,,2010 2025
MT,Troy,municipality,annual,7,,1998-1999 2001 2008 2010
MT,Troy,municipality,biennial,,,2007
MT,Twin Bridges,municipality,annual,7,,1999 2012
MT,Valier,municipality,annual,7,,1999-2000 2011-2012 2015
MT,Valley County,county,annual,7,,1999-2007 2009-2017 2019-2021 2023-2025
MT,Valley County,county,biennial,,,1998
MT,Virginia City,municipality,annual,7,,2000 2010 2024
MT,Virginia City,municipality,biennial,,,2005
MT,Wheatland County,county,annual,7,,2016 2025
MT,White Sulphur Springs,municipality,annual,7,,2013 2017
MT,Whitefish,municipality,annual,7,,1999-2002 2009-2013 2020-2021 2023
MT,Whitehall,municipality,annual,7,,2012-2013 2024
MT,Wibaux,municipality,annual,7,,2012
MT,Wibaux County,county,annual,7,,2025
MT,Winifred,municipality,annual,7,,2010
MT,Wolf Point,municipality,annual,7,,1999 2004-2008 2011-2012 2018 2021 2023-2025
MT,Yellowstone County,county,annual,7,,1998-2014 2019-2025
NE,Adams County,county,annual,7,,1998 2008-2009 2011 2020-2022 2025
NE,Ainsworth,municipality,annual,10,,2003-2004 2020 2024
NE,Albion,municipality,annual,10,,2000 2009 2012-2013
NE,Alda,municipality,annual,10,,2010-2011
NE,Alexandria,municipality,annual,10,,2015
NE,Alliance,municipality,annual,10,,2001-2002 2005-2010 2012 2015-2016 2019-2020 2022-2025
NE,Alma,municipality,annual,10,,2012-2013 2021
NE,Amherst,municipality,annual,10,,2022
NE,Anselmo,municipality,annual,10,,2000
NE,Antelope County,county,annual,7,,2014 2019 2021 2023
NE,Ashton,municipality,annual,10,,2013
NE,Atkinson,municipality,annual,10,,2013-2014
NE,Aurora,municipality,annual,10,,2011-2012 2019 2022-2024
NE,Bancroft,municipality,annual,10,,2009
NE,Banner County,county,annual,7,,2011
NE,Bayard,municipality,annual,10,,2015 2017-2018
NE,Beatrice,municipality,annual,7,,2001
NE,Beatrice,municipality,annual,10,,1999-2000 2002 2004-2005 2007-2008 2010-2011 2013-2019 2021-2025
NE,Beaver City,municipality,annual,10,,2021-2022
NE,Bee,municipality,annual,10,,2003
NE,Beemer,municipality,annual,10,,2003
NE,Bellevue,municipality,annual,10,,1998 2000-2003 2005-2006 2009-2024
NE,Bellwood,municipality,annual,10,,2014-2015
NE,Benkelman,municipality,annual,10,,2011-2012 2016
NE,Bennet,municipality,annual,10,,2010
NE,Big Springs,municipality,annual,10,,2001 2006-2007
NE,Bladen,municipality,annual,10,,2016
NE,Blair,municipality,annual,10,,2000-2003 2007 2011-2016 2019 2021-2024
NE,Blue Hill,municipality,annual,10,,2001
NE,Boelus,municipality,annual,10,,2007
NE,Boone County,county,annual,7,,2021
NE,Boyd County,county,annual,7,,2020-2022
NE,Boys Town,municipality,annual,1,,2011
NE,Bridgeport,municipality,annual,10,,2009-2012
NE,Broken Bow,municipality,annual,10,,2010-2011
NE,Brule,municipality,annual,10,,2002-2003
NE,Brunswick,municipality,annual,10,,2000
NE,Buffalo County,county,annual,7,,2000 2005-2007 2021-2025
NE,Burt County,county,annual,7,,2021
NE,Bushnell,municipality,annual,10,,1998
NE,Butler County,county,annual,7,,2023
NE,Butte,municipality,annual,10,,2000 2013
NE,Cairo,municipality,annual,10,,1999 2009
NE,Cambridge,municipality,annual,10,,2002-2003 2008
NE,Cass County,county,annual,7,,2001 2007 2009-2010 2012-2013 2021 2023-2024
NE,Cedar Bluffs,municipality,annual,10,,2011
NE,Cedar County,county,annual,7,,2020-2024
NE,Central City,municipality,annual,10,,1999-2000 2005-2007 2011-2012 2015 2018
NE,Chadron,municipality,annual,10,,2000-2001 2004-2005 2007 2009-2016 2023
NE,Chapman,municipality,annual,10,,1999
NE,Chappell,municipality,annual,10,,1999
NE,Cherry County,county,annual,7,,2007 2010-2011 2021 2023
NE,Cheyenne County,county,annual,7,,2005-2006 2011 2015-2016 2024
NE,Clearwater,municipality,annual,10,,2018 2021-2022
NE,Colfax County,county,annual,7,,2012 2021-2024
NE,Columbus,municipality,annual,10,,1998-1999 2001-2015 2017 2020-2025
NE,Cook,municipality,annual,10,,2011-2012
NE,Cordova,municipality,annual,10,,2008
NE,Cozad,municipality,annual,10,,2007 2009 2011 2022-2023
NE,Crab Orchard,municipality,annual,10,,2003
NE,Crawford,municipality,annual,10,,1999-2000 2022
NE,Creston,municipality,annual,10,,2012
NE,Crete,municipality,annual,10,,1998 2006 2009 2011 2014 2016-2018 2022
NE,Cuming County,county,annual,7,,2020
NE,Curtis,municipality,annual,10,,2013
NE,Custer County,county,annual,7,,2003 2008 2020-2021
NE,Dakota City,municipality,annual,10,,2017-2018
NE,Dakota County,county,annual,7,,2001-2002 2021-2023
NE,Dannebrog,municipality,annual,10,,1998 2003
NE,Davenport,municipality,annual,10,,2002
NE,Davey,municipality,annual,10,,2013
NE,David City,municipality,annual,10,,1998-1999 2005 2009 2024-2025
NE,Dawes County,county,annual,7,,2023
NE,Dawson County,county,annual,7,,1998-2006 2009-2010 2021 2023-2025
NE,Deshler,municipality,annual,10,,2002
NE,Dewitt,municipality,annual,10,,2000 2004 2012
NE,Dix,municipality,annual,10,,2003
NE,Dixon County,county,annual,7,,2022 2024
NE,Dodge County,county,annual,7,,2020-2025
NE,Dorchester,municipality,annual,10,,2011 2015
NE,Douglas County,county,annual,7,,1998-2025
NE,Dundy County,county,annual,7,,2011
NE,Eagle,municipality,annual,10,,2002
NE,Elmwood,municipality,annual,10,,2011
NE,Emerson,municipality,annual,10,,2000 2025
NE,Ewing,municipality,annual,10,,2012 2016
NE,Fairbury,municipality,annual,10,,1999-2001 2003 2023
NE,Fairfield,municipality,annual,10,,2020
NE,Fairmont,municipality,annual,10,,2002 2025
NE,Falls City,municipality,annual,10,,2000 2005-2007 2009-2010 2013-2014 2016 2021 2023-2024
NE,Faribury,municipality,annual,10,,2021
NE,Father Flanagan's Boy's Home Aka Girls And Boys Town,municipality,annual,1,,2002
NE,Father Flanagan's Boys Home Aka Girls And Boys Town,municipality,annual,1,,2004
NE,Father Flanagan's Boys' Home Dba Boys Town,municipality,annual,1,,2012-2015
NE,Father Flanagans Boys Home Dba Boys Town,municipality,annual,1,,2009-2010
NE,Fillmore County,county,annual,7,,2006
NE,Fremont,municipality,annual,10,,1998-1999 2002-2013 2020-2025
NE,Fullerton,municipality,annual,10,,2003
NE,Gage County,county,annual,7,,2011 2021 2024
NE,Garden County,county,annual,7,,2011
NE,Garfield County,county,annual,7,,2021
NE,Garland,municipality,annual,10,,2015
NE,Geneva,municipality,annual,10,,2007
NE,Gering,municipality,annual,10,,1998 2000 2002 2005 2009-2011 2021 2025
NE,Gibbon,municipality,annual,10,,1999-2000
NE,Gordon,municipality,annual,10,,1999 2004-2006 2015 2021
NE,Gothenburg,municipality,annual,10,,1998-1999
NE,Grand Island,municipality,annual,10,,1998-2019 2021-2025
NE,Grant,municipality,annual,10,,2002 2017 2022
NE,Greeley County,county,annual,7,,2011
NE,Gretna,municipality,annual,10,,2001-2002 2015 2021-2022
NE,Guide Rock,municipality,annual,10,,2005
NE,Haigler,municipality,annual,10,,2000
NE,Hall County,county,annual,7,,1998-2016 2018 2020-2025
NE,Hallam,municipality,annual,10,,2006
NE,Harrison,municipality,annual,10,,2015-2016
NE,Hartington,municipality,annual,10,,2015
NE,Hastings,municipality,annual,10,,1998-2016 2020 2022 2024
NE,Hayes Center,municipality,annual,10,,2024
NE,Hebron,municipality,annual,10,,2001
NE,Hickman,municipality,annual,10,,1998 2001 2011 2013 2016-2017
NE,Hitchcock County,county,annual,7,,2005
NE,Holdrege,municipality,annual,10,,1999-2001 2003 2007 2010-2011 2014
NE,Holdrege City,municipality,annual,10,,1998
NE,Holt County,county,annual,7,,1998 2015 2019-2023
NE,Homer,municipality,annual,10,,2019
NE,Hooper Township,township,annual,7,,2021
NE,Humboldt,municipality,annual,10,,2013
NE,Humphrey,municipality,annual,10,,2012
NE,Hyannis,municipality,annual,10,,2024-2025
NE,Indianola,municipality,annual,10,,2000 2011
NE,Jackson,municipality,annual,10,,2000
NE,Jefferson County,county,annual,7,,2002 2011 2023 2025
NE,Johnson County,county,annual,7,,1998 2008 2011
NE,Kearney,municipality,annual,10,,1998-2024
NE,Keith County,county,annual,7,,2007 2011-2013
NE,Kenesaw,municipality,annual,10,,2001
NE,Kimball,municipality,annual,10,,2002-2003 2005 2015 2023
NE,Kimball County,county,annual,7,,2020-2025
NE,Knox County,county,annual,7,,2000-2001 2022-2023
NE,La Vista,municipality,annual,10,,2010-2012 2020 2022
NE,Lancaster County,county,annual,7,,1998-2017 2019-2024
NE,Laurel,municipality,annual,10,,2021
NE,Lawrence,municipality,annual,10,,1998
NE,Lexington,municipality,annual,10,,2001 2003-2008 2010-2011 2013-2015
NE,Lincoln,municipality,annual,9,,1998-2025
NE,Lincoln County,county,annual,7,,1999-2013 2017 2020-2024
NE,Lindsay,municipality,annual,10,,2019
NE,Litchfield,municipality,annual,10,,2004
NE,Lodgepole,municipality,annual,10,,2012
NE,Louisville,municipality,annual,10,,1998-1999 2001
NE,Lyman,municipality,annual,10,,2011-2012
NE,Madison County,county,annual,7,,2001 2021 2023-2025
NE,Malcolm,municipality,annual,10,,2010
NE,Mason City,municipality,annual,10,,2010
NE,Mccook,municipality,annual,10,,1999-2002 2004-2012 2014 2020 2022-2024
NE,Mead,municipality,annual,10,,2014 2021
NE,Meadow Grove,municipality,annual,10,,1998
NE,Merna,municipality,annual,10,,2015
NE,Merriman,municipality,annual,10,,2018-2019
NE,Milford,municipality,annual,10,,2024
NE,Minatare,municipality,annual,10,,2011-2013
NE,Minden,municipality,annual,10,,2002
NE,Mitchell,municipality,annual,10,,2019
NE,Morrill,municipality,annual,10,,2000 2007 2011-2012
NE,Morse Bluff,municipality,annual,10,,2020
NE,Nance County,county,annual,7,,2020-2021 2023
NE,Nebraska City,municipality,annual,10,,2003-2004 2010-2013 2015 2021 2023
NE,Neligh,municipality,annual,10,,2002 2025
NE,Nelson,municipality,annual,10,,2013
NE,Nemaha County,county,annual,7,,2021 2023
NE,Newman Grove,municipality,annual,10,,2002
NE,Newport,municipality,annual,10,,2003
NE,Nickerson Township,township,annual,7,,2021
NE,Norfolk,municipality,annual,10,,1998-2015 2020-2025
NE,North Loup,municipality,annual,10,,2016
NE,North Platte,municipality,annual,10,,2001-2016 2020-2021 2024-2025
NE,O Neill,municipality,annual,10,,1998
NE,O'Neill,municipality,annual,10,,1999 2019-2020
NE,Oakdale,municipality,annual,10,,1999 2003
NE,Oconto,municipality,annual,10,,2003
NE,Ogallala,municipality,annual,10,,1998 2000-2003 2005 2007 2010 2012 2014-2016 2019-2021
NE,Ohiowa,municipality,annual,10,,2013
NE,Omaha,municipality,annual,1,,1998-2024
NE,Orleans,municipality,annual,10,,1999-2000
NE,Osceola,municipality,annual,10,,2012 2024
NE,Oshkosh,municipality,annual,10,,2021
NE,Otoe County,county,annual,7,,1998 2011-2013 2021 2023-2025
NE,Overton,municipality,annual,10,,2000
NE,Pacific Junction,municipality,annual,7,,2021 2023
NE,Palisade,municipality,annual,10,,2010
NE,Palmer,municipality,annual,10,,2003 2007
NE,Papillion,municipality,annual,10,,1998-2000 2010-2011 2014-2017 2020 2025
NE,Pawnee City,municipality,annual,10,,2008-2009 2011-2012 2018-2019
NE,Paxton,municipality,annual,10,,2004-2005
NE,Pender,municipality,annual,10,,2005
NE,Phelps County,county,annual,7,,2003 2011-2013
NE,Pierce,municipality,annual,10,,2002
NE,Pierce County,county,annual,7,,2023-2024
NE,Pilger,municipality,annual,10,,2004 2015
NE,Plainview,municipality,annual,10,,2007
NE,Platte County,county,annual,7,,2003 2005-2007 2010-2011 2019-2021 2023-2025
NE,Plattsmouth,municipality,annual,10,,2001 2011-2013 2020-2021 2024
NE,Plymouth,municipality,annual,10,,2002
NE,Ponca,municipality,annual,10,,2005-2006 2025
NE,Ralston,municipality,annual,10,,2000 2002-2003 2011 2021-2022
NE,Ramapo,municipality,annual,1,,2008
NE,Randolph,municipality,annual,10,,2020-2021
NE,Ravenna,municipality,annual,10,,2007 2009 2014
NE,Raymond,municipality,annual,10,,2001
NE,Red Willow County,county,annual,7,,1998-1999
NE,Republican City,municipality,annual,10,,2010
NE,Richardson County,county,annual,7,,2023
NE,Rock County,county,annual,7,,2021
NE,Rosalie,municipality,annual,10,,2016
NE,Rushville,municipality,annual,10,,2002 2012
NE,Ruskin,municipality,annual,10,,2002
NE,Saline County,county,annual,7,,1998-1999 2002 2023-2024
NE,Sargent,municipality,annual,10,,2000-2001 2003
NE,Sarpy County,county,annual,7,,1998-2025
NE,Saunders County,county,annual,7,,2005-2006 2009 2011 2016 2021 2023-2025
NE,Schuyler,municipality,annual,10,,2010-2011
NE,Scotts Bluff County,county,annual,7,,1998-2025
NE,Scottsbluff,municipality,annual,10,,1998-2000 2002-2011 2025
NE,Seward,municipality,annual,10,,2001-2002 2007
NE,Seward City,municipality,annual,10,,1998
NE,Seward County,county,annual,7,,2012-2017 2020-2025
NE,Shelby,municipality,annual,10,,2010
NE,Shelton,municipality,annual,10,,2002 2013
NE,Shubert,municipality,annual,10,,2003
NE,Sidney,municipality,annual,7,,2001
NE,Sidney,municipality,annual,10,,2000 2002-2005 2009-2011 2016-2017
NE,Silver Creek,municipality,annual,10,,2003
NE,South Sioux City,municipality,annual,10,,2000-2016 2018-2019 2021-2024
NE,Spencer,municipality,annual,10,,2005
NE,Springfield,municipality,annual,10,,2023
NE,St. Paul,municipality,annual,10,,2009
NE,Stamford,municipality,annual,10,,2003-2004
NE,Stanton,municipality,annual,10,,2001
NE,Stanton County,county,annual,7,,1998 2022
NE,Stratton,municipality,annual,10,,2007
NE,Stromsburg,municipality,annual,10,,2013
NE,Superior,municipality,annual,10,,2000-2001 2024-2025
NE,Sutherland,municipality,annual,10,,2010
NE,Sutton,municipality,annual,10,,2002-2003
NE,Syracuse,municipality,annual,10,,2021-2024
NE,Tecumseh,municipality,annual,10,,1998 2025
NE,Tekamah,municipality,annual,10,,1998 2003 2010
NE,Thomas County,county,annual,7,,2007-2008
NE,Trenton,municipality,annual,10,,1999
NE,Ulysses,municipality,annual,10,,2014
NE,Utica,municipality,annual,10,,2016
NE,Valenti,municipality,annual,10,,2006 2008 2015 2022-2023
NE,Valentine,municipality,annual,10,,2009
NE,Valley,municipality,annual,10,,2005 2023-2025
NE,Valley County,county,annual,7,,2011
NE,Valley-Valley,municipality,annual,10,,2015 2021
NE,Verdigre,municipality,annual,10,,2011
NE,Wahoo,municipality,annual,1,,2025
NE,Wakefield,municipality,annual,10,,2001 2015 2023-2024
NE,Walthill,municipality,annual,10,,2006 2013-2014
NE,Washington County,county,annual,7,,2000 2002 2006 2021 2024-2025
NE,Wauneta,municipality,annual,10,,2020
NE,Wausa,municipality,annual,10,,2003
NE,Waverly,municipality,annual,10,,2015 2024
NE,Way,municipality,annual,10,,2002 2004-2005 2009 2011-2012 2014-2015 2018-2022 2024
NE,Wayne,municipality,annual,10,,2003 2010 2013
NE,Wayne County,county,annual,7,,2023
NE,West Point,municipality,annual,10,,2004-2005 2020-2021
NE,Western,municipality,annual,10,,2007 2020
NE,Weston,municipality,annual,10,,2002-2003
NE,Wilcox,municipality,annual,10,,2009
NE,Winnebago,municipality,annual,10,,2004
NE,Winside,municipality,annual,10,,2003
NE,Winslow,municipality,annual,10,,2023
NE,Wisner,municipality,annual,10,,2001-2002 2020 2022 2025
NE,Wood River,municipality,annual,10,,2021
NE,Wymore,municipality,annual,10,,2009-2010
NE,York,municipality,annual,10,,2002-2003 2010-2012 2016-2020
NE,York County,county,annual,7,,2021 2025
NV,Boulder City,municipality,annual,7,,1999 2004-2012 2014-2019 2021-2025
NV,Caliente,municipality,annual,7,,2007-2012 2015 2023-2024
NV,Carlin,municipality,annual,7,,2003-2004 2025
NV,Carson City,municipality,annual,7,,1998-2025
NV,Clark County,county,annual,7,,1998-2025
NV,Douglas County,county,annual,7,,1998-2025
NV,Elko,municipality,annual,7,,2000-2025
NV,Elko City,municipality,annual,7,,1999
NV,Elko County,county,annual,7,,1998-1999 2002-2024
NV,Ely,municipality,annual,7,,2000-2002 2006 2010-2012 2014 2017 2021-2022
NV,Esmeralda County,county,annual,7,,2001-2015 2017-2018 2020-2023
NV,Eureka County,county,annual,7,,1998-1999 2003-2005 2010-2013 2015 2023-2025
NV,Fallon,municipality,annual,7,,2002 2004-2005 2009-2013 2017 2019-2023 2025
NV,Fernley,municipality,annual,7,,1998 2008-2017 2019 2021-2025
NV,Henderson,municipality,annual,7,,2001-2025
NV,Henderson City,municipality,annual,7,,1998-2000
NV,Humboldt County,county,annual,7,,1999-2025
NV,Kingston,municipality,annual,7,,2008
NV,Lander County,county,annual,7,,1998-2015 2017 2019 2021-2025
NV,Las Vegas,municipality,annual,7,,1998-2025
NV,Lincoln County,county,annual,7,,1998 2000-2025
NV,Lovelock,municipality,annual,7,,1998-2000 2002-2003 2011-2013 2017
NV,Lyon County,county,annual,7,,1998-2025
NV,Mesquite,municipality,annual,7,,2001-2002 2005-2016 2018 2020-2025
NV,Mineral County,county,annual,7,,1998-2025
NV,North Las Vegas,municipality,annual,7,,1998-2025
NV,Nye County,county,annual,7,,1998-2014 2016-2024
NV,Pahrump,municipality,annual,7,,2014
NV,Pershing County,county,annual,7,,1998-2003 2007-2025
NV,Reno,municipality,annual,7,,1998-2008 2010-2024
NV,Reno State Of,municipality,annual,7,,2009
NV,Sparks,municipality,annual,7,,1999-2025
NV,Sparks City,municipality,annual,7,,1998
NV,Storey County,county,annual,7,,1998 2000 2002 2004 2010-2019 2021-2022 2024-2025
NV,Tonopah,municipality,annual,7,,2008 2012-2013
NV,Tonopah Town,municipality,annual,7,,2007
NV,Washoe County,county,annual,7,,1998-2025
NV,Wells,municipality,annual,7,,2000 2007 2010 2012 2020-2025
NV,Wells City,municipality,annual,7,,1999
NV,West Wendover,municipality,annual,7,,1999-2000 2002-2013 2015 2020-2025
NV,White Pine County,county,annual,7,,1998-2006 2008-2025
NV,Winnemucca,municipality,annual,7,,2006-2007 2009 2012 2015-2018 2020-2023 2025
NV,Yerington,municipality,annual,7,,2000 2002-2003 2010-2012 2018 2021-2025
NH,Acworth,municipality,annual,1,,2023-2024
NH,Allenstown,municipality,annual,1,,2009-2012 2016
NH,Alstead,municipality,annual,1,,2005-2007
NH,Alton,municipality,annual,1,,2007
NH,Amesbury,municipality,annual,7,,2025
NH,Amherst,municipality,annual,7,,2013 2025
NH,Andover,municipality,annual,7,,2025
NH,Antrim,municipality,annual,1,,2005 2017 2024
NH,Ashland,municipality,annual,1,,2000
NH,Barrington,municipality,annual,1,,2004 2022
NH,Bath,municipality,annual,1,,2013-2014
NH,Bedford,municipality,annual,1,,2010 2013 2020 2022-2024
NH,Belknap County,county,annual,1,,1999 2002 2004 2006 2014 2020-2024
NH,Belmont,municipality,annual,1,,2003 2009 2012-2014
NH,Bennington,municipality,annual,1,,2009
NH,Berlin,municipality,annual,7,,1998-2023
NH,Bethlehem,municipality,annual,1,,1998 2012
NH,Boscawen,municipality,annual,1,,2005 2014
NH,Brentwood,municipality,annual,1,,2008
NH,Bridgewater,municipality,annual,1,,1998
NH,Bristol,municipality,annual,1,,2003 2008 2010 2013 2020
NH,Brookline,municipality,annual,1,,2023
NH,Campton,municipality,annual,1,,2013
NH,Carroll County,county,annual,1,,2001-2002 2020-2024
NH,Charlestown,municipality,annual,1,,1999 2002-2003 2022
NH,Cheshire Administration County,county,annual,1,,2025
NH,Cheshire County,county,annual,1,,1998-2001 2004-2005 2008 2010-2024
NH,Claremont,municipality,annual,1,,2000-2001 2004 2006-2012
NH,Claremont,municipality,annual,7,,1998 2015-2017 2020-2024
NH,Claremont,municipality,other,,18,2014
NH,Colebrook,municipality,annual,1,,2000-2001 2010-2011 2014 2016-2017 2019-2020
NH,Concord,municipality,annual,7,,1998-2025
NH,Conway,municipality,annual,1,,2000 2005 2009 2013 2019-2023
NH,Coos County,county,annual,1,,1998 2000 2015 2020-2024
NH,Dalton,municipality,annual,1,,2004
NH,Deerfield,municipality,annual,1,,2007
NH,Deering,municipality,annual,1,,2010
NH,Derry,municipality,annual,7,,2000-2003 2006 2008-2011 2013 2015 2021-2025
NH,Dover,municipality,annual,7,,1998-2024
NH,Dublin,municipality,annual,1,,2010
NH,Durham,municipality,annual,1,,2009-2012 2022-2024
NH,Enfield,municipality,annual,1,,2002 2017-2018 2023
NH,Epping,municipality,annual,1,,2000-2003 2010 2019-2025
NH,Epsom,municipality,annual,1,,2008
NH,Errol,municipality,annual,1,,2002-2003 2016
NH,Exeter,municipality,annual,1,,2002 2007-2008 2010 2012-2018 2021-2024
NH,Farmington,municipality,annual,1,,2000 2007 2010-2011 2013
NH,Francestown,municipality,annual,1,,2011
NH,Franconia,municipality,annual,1,,2010
NH,Franklin,municipality,annual,7,,1998 2018 2020-2023
NH,Gilford,municipality,annual,1,,1998
NH,Goffstown,municipality,annual,1,,2006 2008 2010 2020 2022
NH,Gorham,municipality,annual,1,,1998 2002 2007-2008
NH,Grafton County,county,annual,7,,1999-2025
NH,Greenfield,municipality,annual,1,,2005 2009
NH,Greenville,municipality,annual,1,,1998 2000-2002 2010 2013
NH,Hampton,municipality,annual,1,,2005-2006 2008 2013-2014 2018-2020 2022-2024
NH,Hanover,municipality,annual,7,,2010 2013 2015 2021 2024-2025
NH,Haverhill,municipality,annual,1,,2000 2002 2007-2008 2011
NH,Hill,municipality,annual,1,,2009-2010
NH,Hillsborough,municipality,annual,1,,2010 2014
NH,Hillsborough County,county,annual,7,,2009-2010 2013 2017 2021-2025
NH,Hinsdale,municipality,annual,1,,2010
NH,Hinsdale,municipality,annual,7,,2022
NH,Hollis,municipality,annual,1,,2005 2011 2024
NH,Hooksett,municipality,annual,7,,2010-2011 2021 2024-2025
NH,Hudson,municipality,annual,7,,2009 2020-2022 2024-2025
NH,Jaffrey,municipality,annual,1,,2003 2007-2012 2023-2024
NH,Keene,municipality,annual,7,,2001-2024
NH,Keene City,municipality,annual,7,,1998-2000
NH,Kensington,municipality,annual,1,,2008
NH,Kingston,municipality,annual,1,,2012
NH,Laconia,municipality,annual,7,,1998 2001-2023
NH,Lancaster,municipality,annual,1,,1998 2009 2011 2017-2018
NH,Lebanon,municipality,annual,1,,1998-2002 2005-2024
NH,Lincoln,municipality,annual,1,,2011-2012 2015-2016
NH,Lisbon,municipality,annual,1,,2003 2005 2012
NH,Litchfield,municipality,annual,1,,2023
NH,Littleton,municipality,annual,1,,2002-2004 2008-2009 2011 2018
NH,Londonderry,municipality,annual,7,,2004 2006 2009-2011 2020-2021 2024-2025
NH,Manchester,municipality,annual,7,,1998 2000-2008 2010-2025
NH,Marlborough,municipality,annual,1,,2014 2024
NH,Meredith,municipality,annual,1,,1998 2002-2004 2008-2009 2022
NH,Merrimack,municipality,annual,7,,2003 2006-2007 2010-2012 2021-2025
NH,Merrimack County,county,annual,1,,1999-2001 2003-2004 2006 2008 2010 2019-2025
NH,Middleton,municipality,annual,1,,2006
NH,Milford,municipality,annual,1,,2016 2020 2022
NH,Milton,municipality,annual,1,,2003 2005
NH,Nashua,municipality,annual,7,,1998-2024
NH,New Castle,municipality,annual,7,,2020-2021
NH,New Durham,municipality,annual,1,,2010
NH,New Ipswich,municipality,annual,1,,2013
NH,New London,municipality,annual,1,,2008
NH,New London,municipality,annual,7,,2013-2014 2016
NH,Newbury,municipality,annual,1,,2009
NH,Newfields,municipality,annual,1,,2006
NH,Newington,municipality,annual,1,,2005 2016
NH,Newmarket,municipality,annual,7,,2001 2010 2015-2018 2021-2025
NH,Newport,municipality,annual,7,,2000 2005 2011-2013 2019-2020 2023
NH,North Hampton,municipality,annual,7,,2007
NH,Northfield,municipality,annual,1,,2003
NH,Northumberland,municipality,annual,1,,2005-2006 2014 2016-2018
NH,Ossipee,municipality,annual,1,,2007 2022
NH,Pelham,municipality,annual,1,,2024
NH,Peterborough,municipality,annual,1,,2001-2003
NH,Peterborough,municipality,annual,7,,2009-2012 2015 2021-2025
NH,Peterborough,municipality,other,,18,2008
NH,Pittsburg,municipality,annual,1,,2000 2012-2013
NH,Pittsfield,municipality,annual,1,,2003 2011 2013
NH,Plaistow,municipality,annual,1,,2024
NH,Plymouth,municipality,annual,7,,1999 2002 2005 2024-2025
NH,Portsmouth,municipality,annual,7,,1998-2022 2024-2025
NH,Raymond,municipality,annual,1,,1998 2003 2008 2024
NH,Rindge,municipality,annual,1,,2002 2009-2010
NH,Rochester,municipality,annual,7,,1998-2002 2004-2008 2010-2024
NH,Rockingham County,county,annual,1,,1999-2001 2003-2004 2009-2013
NH,Rockingham County,county,annual,7,,2020-2023
NH,Rye,municipality,annual,1,,2002 2004
NH,Salem,municipality,annual,1,,2001 2003 2006-2008 2010-2013 2016 2018-2024
NH,Sandwich,municipality,annual,1,,2022 2024
NH,Seabrook,municipality,annual,1,,2001 2005-2006 2009-2010 2023
NH,Somersworth,municipality,annual,7,,1998-2001 2003-2025
NH,Stark,municipality,annual,1,,2014
NH,Stewartstown,municipality,annual,1,,2014
NH,Strafford,municipality,annual,1,,2008
NH,Strafford County,county,annual,1,,1999 2001 2005 2012 2020-2024
NH,Stratford,municipality,annual,1,,2002
NH,Stratham,municipality,annual,1,,2011
NH,Sullivan County,county,annual,7,,2010-2015 2019-2025
NH,Sunapee,municipality,annual,1,,1998 2013-2014
NH,Swanzey,municipality,annual,1,,2005 2009 2023-2024
NH,Tamworth,municipality,annual,1,,2001 2014
NH,Tilton,municipality,annual,1,,1999 2007-2008 2010
NH,Troy,municipality,annual,1,,1999
NH,Waterville Valley,municipality,annual,1,,2011-2012 2014
NH,West New York,municipality,annual,1,,2022
NH,Whitefield,municipality,annual,1,,2001-2002 2005 2011 2018-2021
NH,Wilton,municipality,annual,1,,2007
NH,Winchester,municipality,annual,7,,2000-2004 2006 2011-2012 2015 2024-2025
NH,Windham,municipality,annual,1,,2020 2023
NH,Wolfeboro,municipality,annual,1,,1998 2005 2011 2021 2024
NH,Woodstock,municipality,annual,1,,2001 2004
NJ,Absecon,municipality,annual,1,,2011
NJ,Allentown,municipality,annual,1,,2020 2022-2023
NJ,Alloway Township,township,annual,1,,2009-2010
NJ,Asbury Park,municipality,annual,1,,1998 2000-2004 2006-2017 2019-2024
NJ,Asbury Park City,municipality,annual,1,,1999
NJ,Atlantic City,municipality,annual,1,,1999-2021 2023-2024
NJ,Atlantic County,county,annual,1,,1998-1999 2001-2017 2019 2021-2025
NJ,Atlantic Highlands,municipality,annual,1,,2013
NJ,Audubon,municipality,annual,1,,2024
NJ,Avalon,municipality,annual,1,,2021
NJ,Avon By The Sea,municipality,annual,1,,2013
NJ,Avon-By-The-Sea,municipality,annual,1,,2002-2003
NJ,Barnegat Township,township,annual,1,,2014 2021 2024-2025
NJ,Barrington,municipality,annual,1,,2015
NJ,Bay Head,municipality,annual,1,,2013
NJ,Bayonne,municipality,annual,1,,2011-2024
NJ,Bayonne,municipality,annual,7,,1998-2011
NJ,Beach Haven,municipality,annual,1,,2009 2011-2012 2014-2019
NJ,Beachwood,municipality,annual,1,,2013 2022
NJ,Belleville Township,township,annual,1,,1999-2001 2003-2004 2006 2010 2012-2013 2015 2020 2022-2023
NJ,Bellmawr,municipality,annual,1,,2004 2009-2010
NJ,Belmar,municipality,annual,1,,2005 2009 2013 2017-2018 2020-2021
NJ,Bergen County,county,annual,1,,1998-2024
NJ,Bergenfield,municipality,annual,1,,2012 2023
NJ,Bergenfield,municipality,annual,7,,2000
NJ,Berkeley Heights Township,township,annual,1,,2023
NJ,Berkeley Township,township,annual,1,,2003-2004 2011 2013 2015 2017 2021-2024
NJ,Berlin Borough,municipality,annual,1,,2002 2023
NJ,Berlin Township,township,annual,1,,2013
NJ,Berlin Township,township,annual,7,,1998
NJ,Bernards Township,township,annual,1,,2024
NJ,Beverly,municipality,annual,1,,1999
NJ,Bloomfield Township,township,annual,1,,2001-2002 2004 2006-2024
NJ,Bloomingdale,municipality,annual,1,,2003
NJ,Bogota,municipality,annual,1,,2012
NJ,Boonton Public Schools,municipality,annual,7,,2010
NJ,Bound Brook,municipality,annual,1,,1998-1999 2022-2023
NJ,Branchville,municipality,annual,1,,2015-2017
NJ,Brick Township,township,annual,1,,2000-2016 2019-2023
NJ,Bridgeton,municipality,annual,1,,2017 2021-2024
NJ,Bridgeton,municipality,annual,7,,1998-2008 2010 2012-2015
NJ,Bridgewater Township,township,annual,1,,1998-2000 2013 2021-2022
NJ,Brigantine,municipality,annual,1,,2013 2016-2018 2020-2023
NJ,Brooklawn,municipality,annual,1,,2019-2020
NJ,Buena Vista Township,township,annual,1,,2010
NJ,Burlington,municipality,annual,1,,2001 2010-2013 2015
NJ,Burlington Boe,municipality,annual,7,,2002
NJ,Burlington County,county,annual,1,,1998 2002-2024
NJ,Burlington State Of County,county,annual,1,,1999-2001
NJ,Burlington Township,township,annual,1,,2014
NJ,Butler,municipality,annual,1,,2005-2006
NJ,Butler Borough,municipality,annual,1,,2013
NJ,Califon,municipality,annual,1,,1998
NJ,Camden,municipality,annual,1,,2021 2023-2024
NJ,Camden,municipality,annual,7,,2001-2020
NJ,Camden,municipality,other,,,2020
NJ,Camden City,municipality,annual,7,,1998
NJ,Camden County,county,annual,1,,1998-2024
NJ,Cape May,municipality,annual,1,,1999-2002 2012-2013 2016 2020 2024-2025
NJ,Cape May County,county,annual,1,,1998-2015 2017 2019 2021-2024
NJ,Carlstadt,municipality,annual,1,,2017-2019 2023-2024
NJ,Carney's Point Township,township,annual,1,,2005
NJ,Carneys Point Township,township,annual,1,,1999 2001-2004
NJ,Carteret,municipality,annual,1,,2005-2007 2009 2011 2013-2015 2020-2021 2023 2025
NJ,Carteret Borough,municipality,annual,1,,2024
NJ,Cedar Grove Township,township,annual,1,,2002-2003 2008 2024
NJ,Chatham Township,township,annual,1,,2023 2025
NJ,Cherry Hill Township,township,annual,7,,1998-2015 2017 2019-2020 2022-2025
NJ,City Atlantic City,municipality,annual,1,,2022
NJ,Cityof Margate City,municipality,annual,1,,2013
NJ,Cityof Ocean City,municipality,annual,1,,2015
NJ,Clark Township,township,annual,1,,2013
NJ,Clayton,municipality,annual,1,,2011 2014
NJ,Clementon,municipality,annual,1,,2023
NJ,Cliffside Park,municipality,annual,1,,2011-2013 2016 2018 2020-2024
NJ,Clifton,municipality,annual,1,,1998-2000 2002-2024
NJ,Clinton,municipality,annual,1,,2013-2014
NJ,Closter Borough,municipality,annual,1,,1998
NJ,Collingswood,municipality,annual,1,,2001 2008 2014-2015 2020 2023
NJ,Colts Neck Township,township,annual,1,,2013-2014
NJ,Commercial Township,township,annual,1,,2000 2002 2008-2010 2013
NJ,Cranford Township,township,annual,1,,1998-2003 2012-2014 2022-2023
NJ,Cresskill,municipality,annual,1,,1998
NJ,Cumberland County,county,annual,1,,1998-2000 2003-2024
NJ,Deal,municipality,annual,1,,2017
NJ,Delaware Township,township,annual,1,,1999 2022
NJ,Delran Township,township,annual,1,,2003 2015 2024
NJ,Dennis Township,township,annual,1,,2024
NJ,Denville Township,township,annual,1,,2012-2013 2022 2024
NJ,Deptford Township,township,annual,1,,1998 2000 2009 2023-2024
NJ,Dover,municipality,annual,1,,1998-2004 2006-2008 2010-2014 2019 2022-2023
NJ,Dover Township,township,annual,7,,1999-2006
NJ,Downe Township,township,annual,1,,2015
NJ,Dumont,municipality,annual,1,,2022-2023
NJ,Dunellen,municipality,annual,7,,2007
NJ,East Brunswick Township,township,annual,1,,2013 2020 2022 2024-2025
NJ,East Hanover Township,township,annual,1,,2013 2023-2024
NJ,East Orange,municipality,annual,1,,2012-2024
NJ,East Orange,municipality,annual,7,,2000-2011
NJ,East Rutherford,municipality,annual,1,,2012 2021-2023
NJ,East Windsor Township,township,annual,1,,2013
NJ,Eatontown,municipality,annual,1,,2013
NJ,Edgewater,municipality,annual,1,,2013 2023-2024
NJ,Edgewater Ha,municipality,annual,1,,2000
NJ,Edison Township,township,annual,1,,2011-2016 2020-2024
NJ,Edison Township,township,annual,7,,2000-2008
NJ,Egg Harbor,municipality,annual,1,,1998 2000-2001 2004 2007
NJ,Egg Harbor City,municipality,annual,1,,2010-2013 2018
NJ,Egg Harbor Township,township,annual,1,,1998 2011-2012 2020 2022-2024
NJ,Elizabeth,municipality,annual,7,,1998 2001 2004-2025
NJ,Elmwood Park,municipality,annual,1,,1999 2023
NJ,Emerson,municipality,annual,1,,2021-2022
NJ,Englewood,municipality,annual,1,,1998-1999 2012-2013 2022-2024
NJ,Englishtown,municipality,annual,1,,2001
NJ,Essex County,county,annual,1,,1998-2024
NJ,Evesham Township,township,annual,1,,2000-2003 2011 2017 2022
NJ,Ewing Township,township,annual,1,,2021-2024
NJ,Ewing Township,township,annual,7,,2002-2003
NJ,Fair Lawn,municipality,annual,1,,2012 2023-2024
NJ,Fairfield Township,township,annual,1,,1999 2012 2022-2023
NJ,Fairfield Township,township,annual,7,,2005
NJ,Fairview,municipality,annual,1,,2012 2023-2024
NJ,Fanwood,municipality,annual,1,,2014
NJ,Flemington,municipality,annual,1,,1998 2012-2013
NJ,Fleminton,municipality,annual,1,,2011
NJ,Folsom,municipality,annual,1,,2000-2001
NJ,Fort Lee,municipality,annual,1,,2002 2006 2012-2013 2020 2022-2024
NJ,Fort Lee Municipal Office,municipality,annual,1,,2025
NJ,Franklin,municipality,annual,1,,1998
NJ,Franklin Lakes,municipality,annual,1,,2000 2024
NJ,Franklin Township,township,annual,1,,2014 2020-2021 2024
NJ,Franklin Township,township,annual,7,,1998-2000 2002-2003 2006 2009 2011
NJ,Freehold,municipality,annual,1,,2002 2013 2023
NJ,Freehold Township,township,annual,1,,2009 2013-2014 2020 2022-2024
NJ,Frenchtown,municipality,annual,1,,2012 2014 2024
NJ,Galloway Township,township,annual,1,,2001-2002 2023-2024
NJ,Garfield,municipality,annual,1,,2001-2003 2006 2009 2013-2014 2020 2023-2024
NJ,Gibbsboro,municipality,annual,1,,2009 2022
NJ,Glassboro,municipality,annual,1,,2000-2002 2004 2013 2022-2023
NJ,Glen Ridge,municipality,annual,1,,1999
NJ,Glen Ridge Borough,municipality,annual,1,,2020 2022
NJ,Glen Rock,municipality,annual,1,,2021-2023
NJ,Gloucester,municipality,annual,1,,2001
NJ,Gloucester City,municipality,annual,1,,1998-2000 2002-2004 2009-2010 2012-2014 2016-2017 2022-2023
NJ,Gloucester County,county,annual,1,,1998-2015 2017-2024
NJ,Gloucester Township,township,annual,1,,2011-2012 2014 2016 2018 2022-2024
NJ,Gloucester Township,township,annual,7,,1998-2003 2005-2008 2010
NJ,Green Brook Township,township,annual,1,,2022
NJ,Guttenberg,municipality,annual,1,,2013 2020-2021 2023
NJ,Guttenberg,municipality,annual,7,,1999
NJ,Guttenberg Boe,municipality,annual,7,,2009
NJ,Hackensack,municipality,annual,1,,2010-2012
NJ,Hackettstown Mua,municipality,annual,12,,2004-2005
NJ,Haddon Heights,municipality,annual,1,,2022
NJ,Haddon Township,township,annual,1,,1999 2007
NJ,Haddonfield,municipality,annual,1,,2011-2013
NJ,Hamilton / Mercer County Township,township,annual,7,,1998 2010
NJ,Hamilton Township,township,annual,1,,1998-2000 2010-2024
NJ,Hamilton Township,township,annual,7,,1999-2006 2008-2009
NJ,Hamilton=6 Months Audit Township,township,annual,1,,2010
NJ,Hammonton,municipality,annual,1,,2000-2001 2003 2006-2008 2010-2014
NJ,Hammonton Town,municipality,annual,1,,1998
NJ,Hanover Township,township,annual,1,,2022-2023
NJ,Harmony Township,township,annual,1,,2006 2008-2009
NJ,Harrison,municipality,annual,1,,2015 2018-2024
NJ,Harrison Town,municipality,annual,1,,1998
NJ,Harrison Township,township,annual,1,,2014
NJ,Hasbrouck Heights,municipality,annual,1,,2002 2012 2022
NJ,Hasbrouck Heights,municipality,annual,7,,2024
NJ,Hawthorne,municipality,annual,1,,2022
NJ,Helmetta,municipality,annual,1,,2003
NJ,Highlands,municipality,annual,1,,2013
NJ,Highlands Borough,municipality,annual,1,,2024
NJ,Hillsborough Township,township,annual,1,,2000 2014 2022-2023
NJ,Hillsdale,municipality,annual,1,,2023
NJ,Hillside Township,township,annual,1,,2012
NJ,Hillside Township,township,annual,7,,1999 2001-2003 2006 2010
NJ,Hoboken,municipality,annual,1,,2012-2024
NJ,Hoboken,municipality,annual,7,,1998-2007
NJ,Holmdel Township,township,annual,1,,2023
NJ,Hopatcong,municipality,annual,1,,2003-2004 2013 2022-2024
NJ,Hopewell,municipality,annual,1,,1999
NJ,Hopewell Township,township,annual,1,,1998 2000-2001 2012 2022-2023
NJ,Howell Township,township,annual,1,,2012-2013 2017 2021-2024
NJ,Hudson County,county,annual,1,,1999-2025
NJ,Hunterdon County,county,annual,1,,2005-2025
NJ,Irviington Township,township,annual,7,,1998
NJ,Irvington Township,township,annual,1,,2012-2023
NJ,Irvington Township,township,annual,7,,1999 2003-2011
NJ,Island Heights,municipality,annual,1,,2012
NJ,Jackson Township,township,annual,1,,1998 2012-2014 2016 2022-2023
NJ,Jersey City,municipality,annual,1,,2011-2024
NJ,Jersey City,municipality,annual,7,,1998-2001 2003-2010
NJ,Keansburg,municipality,annual,1,,2011-2015 2018
NJ,Kearny,municipality,annual,1,,2012-2017 2019 2022-2024
NJ,Kearny,municipality,annual,7,,1998 2000 2004-2005
NJ,Kearny Township,township,annual,1,,2012 2018
NJ,Keyport,municipality,annual,1,,2013-2016 2019-2020
NJ,Kinnelon,municipality,annual,1,,2024
NJ,Lacey Township,township,annual,1,,2014 2017 2021-2023 2025
NJ,Lake Como,municipality,annual,1,,2019
NJ,Lakehurst,municipality,annual,1,,2020
NJ,Lakewood Township,township,annual,1,,1998-2008 2011 2014-2024
NJ,Lambertville,municipality,annual,1,,1998-1999 2022 2024
NJ,Lavallette,municipality,annual,1,,2000-2003 2013 2015
NJ,Lawrence Township,township,annual,1,,1999 2009 2022-2024
NJ,Leonia,municipality,annual,1,,2008
NJ,Lincoln Park,municipality,annual,1,,2011 2013-2015 2023
NJ,Linden,municipality,annual,1,,1999-2015 2017-2019 2021-2024
NJ,Linden City,municipality,annual,1,,1998
NJ,Lindenwold,municipality,annual,1,,1999 2005 2007 2010 2015 2018 2023
NJ,Little Egg Harbor Township,township,annual,1,,1999 2002 2013 2023
NJ,Little Falls Township,township,annual,1,,2008 2012-2019 2022-2023
NJ,Little Ferry,municipality,annual,1,,2013-2014 2016 2018 2020 2022
NJ,Little Silver,municipality,annual,1,,2013
NJ,Livingston Township,township,annual,1,,1998 2002 2010 2013 2019-2022 2024
NJ,Lodi,municipality,annual,7,,2000
NJ,Lodi Borough,municipality,annual,7,,1998
NJ,Long Beach Township,township,annual,1,,2001 2009-2017 2020 2022-2023
NJ,Long Branch,municipality,annual,1,,1998-2006 2008-2017 2019-2024
NJ,Long Hill Township,township,annual,1,,2013
NJ,Longport,municipality,annual,1,,2015
NJ,Lopatcong Township,township,annual,1,,2017
NJ,Lower Township,township,annual,1,,2002-2003 2007 2009 2012 2023
NJ,Lyndhurst Township,township,annual,1,,2022-2023
NJ,Madison,municipality,annual,1,,2013 2025
NJ,Madison Borough,municipality,annual,1,,2023
NJ,Magnolia,municipality,annual,1,,2008
NJ,Mahwah Township,township,annual,1,,2022-2023
NJ,Manalapan Township,township,annual,1,,2013 2020 2023-2024
NJ,Manasquan,municipality,annual,1,,2017 2024
NJ,Manchester Township,township,annual,1,,2021-2024
NJ,Manchester Township,township,annual,7,,1998
NJ,Mantoloking,municipality,annual,1,,2013-2014
NJ,Mantua Township,township,annual,1,,2022-2023
NJ,Manville,municipality,annual,1,,1999 2001-2008 2010-2013 2015-2024
NJ,Manville Borough,municipality,annual,1,,2014
NJ,Maple Shade Township,township,annual,1,,2007-2008 2010-2017 2023
NJ,Maplewood Township,township,annual,1,,1999 2012-2013 2020 2022 2024
NJ,Margate,municipality,annual,1,,2015 2019
NJ,Marlboro Township,township,annual,1,,2013 2017-2018 2022-2023
NJ,Maurice River Township,township,annual,1,,2001
NJ,Maywood,municipality,annual,1,,2002 2021
NJ,Medford Lakes,municipality,annual,1,,2008
NJ,Medford Township,township,annual,1,,2004 2007 2009-2010 2018 2022-2024
NJ,Mendham Township,township,annual,1,,2006
NJ,Mercer County,county,annual,1,,1999-2000 2003 2006-2024
NJ,Merchantville,municipality,annual,1,,2000 2012
NJ,Metuchen,municipality,annual,1,,2021-2022
NJ,Middle Township,township,annual,1,,1998-1999 2001-2002 2004-2015 2022
NJ,Middlesex,municipality,annual,1,,2014
NJ,Middlesex County,county,annual,1,,1998-2024
NJ,Middletown Township,township,annual,1,,1998-2001 2003 2005 2011-2014 2020-2024
NJ,Millburn Township,township,annual,1,,1999 2008 2011-2012 2022-2023
NJ,Milltown,municipality,annual,1,,2007 2013 2015-2016 2019
NJ,Milltown Borough,municipality,annual,1,,2023
NJ,Millville,municipality,annual,1,,2022-2024
NJ,Millville,municipality,annual,7,,1998-2013
NJ,Millville,municipality,other,,6,2013
NJ,Mine Hill Township,township,annual,7,,2010
NJ,Monmouth Beach,municipality,annual,1,,2013
NJ,Monmouth County,county,annual,1,,1998-2006 2008-2020 2022-2025
NJ,Monroe Township,township,annual,1,,2013 2020-2024
NJ,Montclair Township,township,annual,1,,1998-2008 2010-2014 2016-2024
NJ,Montgomery Township,township,annual,1,,2022-2023
NJ,Montvale,municipality,annual,1,,2022
NJ,Montville Township,township,annual,1,,2011 2022-2023
NJ,Moonachie,municipality,annual,1,,2013 2018
NJ,Moorestown Township,township,annual,1,,2003 2025
NJ,Morris County,county,annual,1,,1998-2023 2025
NJ,Morris Plains,municipality,annual,1,,2014
NJ,Morris Township,township,annual,1,,1998 2023
NJ,Morristown,municipality,annual,1,,2000-2009 2011-2025
NJ,Mount Arlington,municipality,annual,1,,2004
NJ,Mount Holly Township,township,annual,1,,2020
NJ,Mount Laurel Township,township,annual,1,,2022-2023
NJ,Mount Olive Township,township,annual,1,,1999-2000 2022
NJ,Mount Olive Township,township,biennial,,,2023
NJ,National Park,municipality,annual,1,,2011-2012 2019
NJ,Neptune Township,township,annual,1,,1998-1999 2001 2003 2005 2010-2015 2017-2023
NJ,New Brunswick,municipality,annual,1,,1998-2003 2005-2024
NJ,New Milford,municipality,annual,1,,2004 2012-2013 2019 2023
NJ,New Providence,municipality,annual,1,,2023
NJ,Newark,municipality,annual,1,,1998-1999 2002-2004 2008-2019 2021-2024
NJ,Newton,municipality,annual,1,,1998 2001-2003 2023-2024
NJ,North Arlington,municipality,annual,1,,2013 2023-2024
NJ,North Bergen Township,township,annual,1,,2012-2013 2015 2018-2024
NJ,North Bergen Township,township,annual,7,,2000-2001 2003-2006 2008-2011
NJ,North Brunswick Township,township,annual,7,,2007-2008 2010 2014 2022-2025
NJ,North Plainfield,municipality,annual,1,,2012-2013 2022-2023
NJ,North Wildwood,municipality,annual,1,,2003 2009 2011 2013-2014 2024-2025
NJ,Nutley Township,township,annual,1,,2000 2003-2007 2010 2013 2020 2022-2025
NJ,Oakland,municipality,annual,1,,2024
NJ,Oaklyn,municipality,annual,1,,2020 2022
NJ,Ocean City,municipality,annual,1,,2000 2003-2005 2007-2010 2013-2014 2016-2022 2024-2025
NJ,Ocean County,county,annual,1,,1998-2025
NJ,Ocean Gate,municipality,annual,1,,2014 2024
NJ,Ocean Township,township,annual,1,,2013-2017 2021-2024
NJ,Oceanport,municipality,annual,1,,2013
NJ,Ogdensburg,municipality,annual,1,,2000
NJ,Old Bridge Middlesex Co Township,township,annual,1,,2025
NJ,Old Bridge Township,township,annual,1,,2010-2015 2017 2020-2021 2023-2025
NJ,Old Bridge Township,township,annual,7,,1998-2003 2007-2009
NJ,Oradell,municipality,annual,1,,2013-2014
NJ,Orange Township,municipality,annual,1,,2014-2015 2018-2024
NJ,Orange Township,municipality,annual,7,,1998-1999 2001-2006
NJ,Orange Township Public Schools,municipality,annual,7,,2005-2008 2010-2013 2022-2025
NJ,Palisades Park,municipality,annual,1,,2021-2022
NJ,Palmyra,municipality,annual,1,,2004 2012
NJ,Paramus,municipality,annual,1,,2002-2003 2022-2025
NJ,Park Ridge,municipality,annual,1,,2022
NJ,Parsippany Troy-Hills Township,township,annual,1,,2016 2020-2022
NJ,Parsippany-Troy Hills Township,township,annual,1,,1998-1999 2002-2003 2006 2008 2010-2015
NJ,Passaic,municipality,annual,1,,2017-2025
NJ,Passaic,municipality,annual,7,,1998-2000 2003-2016
NJ,Passaic 6 Month Audit,municipality,other,,,2016
NJ,Passaic County,county,annual,1,,1998 2000-2001 2003-2017 2019-2024
NJ,Paterson,municipality,annual,1,,2021-2023
NJ,Paterson,municipality,annual,7,,1999-2016 2018-2020
NJ,Paterson City,municipality,annual,7,,1998
NJ,Paulsboro,municipality,annual,1,,2003 2010-2012 2017-2019 2021-2022
NJ,Pemberton Township,township,annual,1,,2020
NJ,Penns Grove,municipality,annual,1,,1998 2007
NJ,Pennsauken Township,township,annual,1,,1998 2008 2010-2012 2014-2016 2018-2024
NJ,Pennsville Township,township,annual,1,,2024
NJ,Pequannock Township,township,annual,1,,2011 2019-2020 2022-2025
NJ,Perth Amboy,municipality,annual,1,,2011-2024
NJ,Perth Amboy,municipality,annual,7,,1999-2010
NJ,Perth Amboy City,municipality,annual,7,,1998
NJ,Phillipsburg,municipality,annual,1,,1998-1999 2001 2003-2004 2006-2024
NJ,Piscataway Township,township,annual,1,,2012-2014 2020 2024-2025
NJ,Piscataway Township,township,annual,7,,1998-1999 2005 2008-2009
NJ,Pitman,municipality,annual,1,,2011-2012
NJ,Plainfield,municipality,annual,1,,2012-2024
NJ,Plainfield,municipality,annual,7,,1998-2002 2004-2008 2010-2011
NJ,Plainfield Public Schools,municipality,annual,7,,2024-2025
NJ,Plainsboro Township,township,annual,1,,2001 2022-2023
NJ,Pleasantville,municipality,annual,1,,1999-2003 2010-2012 2020-2022 2024
NJ,Pohatcong Township,township,annual,1,,2005
NJ,Point Pleasant,municipality,annual,1,,2013-2015 2021 2023
NJ,Point Pleasant Beach,municipality,annual,1,,2013 2015
NJ,Pompton Lakes,municipality,annual,1,,2012-2015
NJ,Princeton,municipality,annual,1,,2008-2010 2012
NJ,Princeton Township,township,annual,1,,2001 2003 2008-2010 2012
NJ,Prospect Park,municipality,annual,1,,2021
NJ,Quinton Township,township,annual,1,,2008
NJ,Rahway,municipality,annual,1,,2013-2017 2019-2024
NJ,Rahway,municipality,annual,7,,2000
NJ,Ramsey,municipality,annual,1,,2007 2022 2024
NJ,Randolph Township,township,annual,1,,2023-2024
NJ,Raritan Township,township,annual,1,,1999 2004 2022-2023
NJ,Readington Township,township,annual,1,,2013
NJ,Red Bank,municipality,annual,1,,2010 2022
NJ,Ridgefield,municipality,annual,1,,2022
NJ,Ridgewood,municipality,annual,1,,2011-2012 2023-2024
NJ,Ringwood,municipality,annual,1,,2012-2013 2023
NJ,Riverside Township,township,annual,1,,2023
NJ,Rockaway Township,township,annual,1,,1998-1999 2023 2025
NJ,Roselle,municipality,annual,1,,2013-2014 2022
NJ,Roselle Park,municipality,annual,1,,2023
NJ,Roxbury Township,township,annual,1,,2012 2022-2023
NJ,Rumson,municipality,annual,1,,2012-2015 2018
NJ,Runnemede,municipality,annual,1,,2001 2008-2009 2014 2022
NJ,Rutherford,municipality,annual,1,,2022-2023
NJ,Saddle Brook Township,township,annual,1,,2021-2022
NJ,Saddle River,municipality,annual,1,,2023
NJ,Salem,municipality,annual,1,,1998 2003-2005 2007 2010-2011 2016
NJ,Salem County,county,annual,1,,1998-2000 2002-2006 2008-2024
NJ,Sayreville,municipality,annual,1,,1999 2002-2003 2006 2011 2013-2014 2020 2022-2024
NJ,Sayreville Borough,municipality,annual,1,,1998
NJ,Scotch Plains Township,township,annual,1,,2013 2023
NJ,Sea Bright,municipality,annual,1,,2014-2015 2017-2018
NJ,Sea Girt,municipality,annual,1,,2014
NJ,Sea Isle City,municipality,annual,1,,1998-2001 2013-2014 2021
NJ,Seaside Heights,municipality,annual,1,,1998-1999 2001 2004-2006 2013-2015 2024
NJ,Seaside Park,municipality,annual,1,,2010-2014
NJ,Secaucus,municipality,annual,1,,1999 2010-2013 2020 2022-2023
NJ,Ship Bottom,municipality,annual,1,,2013
NJ,Somerdale,municipality,annual,1,,2006 2009 2016
NJ,Somers Point,municipality,annual,1,,2018-2020 2022
NJ,Somerset County,county,annual,1,,1998-2024
NJ,Somerville,municipality,annual,1,,1998-2013 2015-2024
NJ,South Amboy,municipality,annual,1,,2014 2016 2023-2025
NJ,South Amboy,municipality,annual,7,,2007
NJ,South Bound Brook Borough,municipality,annual,1,,2023
NJ,South Brunswick Township,township,annual,1,,2001 2003 2013 2021-2022
NJ,South Orange Village Township,township,annual,1,,2022-2023
NJ,South Plainfield,municipality,annual,1,,2013 2021
NJ,South Plainfield,municipality,annual,7,,1999 2001
NJ,South River,municipality,annual,1,,2010 2013 2015-2016
NJ,Spotswood,municipality,annual,1,,2010
NJ,Spring Lake,municipality,annual,1,,2013
NJ,Springfield Township,township,annual,1,,2013
NJ,Stafford Township,township,annual,1,,2010 2013 2021-2022
NJ,Stanhope,municipality,annual,1,,2024
NJ,Stone Harbor,municipality,annual,1,,2012
NJ,Stratford,municipality,annual,1,,2023
NJ,Summit,municipality,annual,1,,2013-2014 2020 2022
NJ,Sussex,municipality,annual,1,,2009 2023
NJ,Sussex County,county,annual,1,,1998-2025
NJ,Teaneck Township,township,annual,1,,1998 2010-2012 2022-2024
NJ,Tenafly,municipality,annual,1,,2024
NJ,Toms River 18 Month Audit Township,township,annual,1,,2010
NJ,Toms River Township,township,annual,1,,2011-2025
NJ,Toms River Township,township,annual,7,,2009
NJ,Totowa,municipality,annual,1,,2008 2013 2016 2020
NJ,Totowa Public Schools,municipality,annual,7,,2010
NJ,Trenton,municipality,annual,1,,2022-2024
NJ,Trenton,municipality,annual,7,,1998-2021
NJ,Trenton-6 Month Audit,municipality,other,,06,2021
NJ,Tuckerton,municipality,annual,1,,2004 2013 2015-2018 2022
NJ,Tuckerton Borough,municipality,annual,1,,1998
NJ,Union Beach,municipality,annual,1,,2013
NJ,Union City,municipality,annual,1,,2024
NJ,Union City,municipality,annual,7,,1998-2023
NJ,Union City,municipality,other,,06,2023
NJ,Union County,county,annual,1,,1999 2001-2002 2004-2024
NJ,Union Public Schools Township,township,annual,7,,1998 2019
NJ,Union Township,township,annual,1,,1998 2000-2017 2019-2024
NJ,Upper Deerfield Township,township,annual,1,,2010-2012 2015 2022-2023
NJ,Upper Freehold Township,township,annual,1,,2011
NJ,Upper Township,township,annual,1,,2022 2024
NJ,Ventnor,municipality,annual,1,,2013
NJ,Ventnor City,municipality,annual,1,,2024-2025
NJ,Vernon Township,township,annual,1,,2002 2012
NJ,Verona Township,township,annual,1,,2012 2022 2024
NJ,Vineland,municipality,annual,1,,2012-2024
NJ,Vineland,municipality,annual,7,,1998-2011
NJ,Vineland,municipality,other,,6,2011
NJ,Voorhees Township,township,annual,1,,1999 2020-2024
NJ,Waldwick,municipality,annual,1,,2024
NJ,Wall Township,township,annual,1,,2010 2014 2023-2024
NJ,Wallington,municipality,annual,1,,2012 2023-2024
NJ,Wanaque,municipality,annual,1,,2023
NJ,Warren County,county,annual,1,,1998 2000-2025
NJ,Warren Township,township,annual,1,,1999 2022
NJ,Washington Township,township,annual,1,,1998 2001 2007 2010 2012-2013 2016 2023-2024
NJ,Waterford Township,township,annual,1,,2003 2018
NJ,Wayne Township,township,annual,1,,1998 2000-2001 2004 2007-2025
NJ,Weehawken Township,township,annual,7,,1998 2004-2005 2008 2011-2015 2020 2022-2025
NJ,Wenonah,municipality,annual,1,,2018
NJ,West Caldwell Township,township,annual,1,,2013 2020 2022-2024
NJ,West Cape May Borough,municipality,annual,1,,2013
NJ,West Deptford Township,township,annual,1,,2023
NJ,West Milford Township,township,annual,1,,2013 2021-2025
NJ,West New York,municipality,annual,1,,2013-2014 2020-2021 2023-2025
NJ,West New York,municipality,annual,7,,1998-2005 2007
NJ,West Orange Township,township,annual,1,,2008-2010 2012 2014-2023
NJ,West Wildwood,municipality,annual,1,,1998 2022
NJ,West Windsor Township,township,annual,1,,2011 2021
NJ,Westfield,municipality,annual,1,,2013 2022-2024
NJ,Westwood,municipality,annual,1,,2000 2012-2013 2024
NJ,Wharton,municipality,annual,1,,2008 2021-2022 2024
NJ,Wildwood,municipality,annual,1,,1999-2001 2003-2014 2017 2020-2021
NJ,Wildwood Crest,municipality,annual,1,,2003-2004 2006 2013-2014 2019 2022
NJ,Willingboro Township,township,annual,1,,2022-2024
NJ,Wilodwood Crest,municipality,annual,1,,2011
NJ,Winslow Township,township,annual,1,,2023-2024
NJ,Wood-Ridge,municipality,annual,1,,2011 2013
NJ,Woodbine,municipality,annual,1,,2001 2003 2006 2008-2012 2014-2015 2020-2021 2023-2024
NJ,Woodbridge Township,township,annual,7,,1998-2004 2006-2014 2016-2025
NJ,Woodbury,municipality,annual,1,,2011 2013
NJ,Woodbury Public Schools,municipality,annual,7,,2010
NJ,Woodland Park,municipality,annual,1,,2021-2022 2024
NJ,Woodstown,municipality,annual,1,,1998 2002 2013
NJ,Wrightstown,municipality,annual,1,,2002
NJ,Wyckoff Township,township,annual,1,,2022-2023
NM,Alamogordo,municipality,annual,7,,1998-2021
NM,Albquerque,municipality,annual,7,,2009
NM,Albuquerque,municipality,annual,7,,1999-2000 2002-2008 2010-2025
NM,Albuquerue,municipality,annual,7,,1998 2001
NM,Angel Fire,municipality,annual,7,,1999 2004 2009 2011 2021 2023-2024
NM,Anthony,municipality,annual,7,,2020 2023
NM,Artesia,municipality,annual,7,,1998-1999 2001 2004-2007 2011 2018 2021-2023
NM,Aztec,municipality,annual,7,,1999 2003 2009-2011 2014 2016-2017 2021 2024-2025
NM,Bayard,municipality,annual,7,,1998-2004 2006-2008 2010-2012 2014 2016 2021 2023
NM,Belen,municipality,annual,7,,1998-2002 2004-2005 2007-2011 2013 2018-2025
NM,Bernalillo,municipality,annual,7,,2002 2007-2013 2020-2021 2023-2025
NM,Bernalillo County,county,annual,7,,1998-2002 2004-2006
NM,Bloomfield,municipality,annual,7,,2010-2011 2015 2021-2022 2025
NM,Bosque Farms,municipality,annual,7,,1998-2000
NM,Capitan,municipality,annual,7,,2002 2006 2010
NM,Carlsbad,municipality,annual,7,,2000-2018 2020-2025
NM,Carlsbad City,municipality,annual,7,,1998-1999
NM,Catron County,county,annual,7,,2004 2010-2017 2019-2025
NM,Chama,municipality,annual,7,,2006 2014
NM,Chaves County,county,annual,7,,1998 2000-2006 2010-2011 2021-2023 2025
NM,Cibloa County,county,annual,7,,2024
NM,Cibola County,county,annual,7,,1999 2001 2006 2012 2021-2023 2025
NM,Cimarron,municipality,annual,7,,1999 2005-2006 2021-2022
NM,Clayton,municipality,annual,7,,2004 2006 2008 2012-2015 2017 2021-2022 2024-2025
NM,Clovis,municipality,annual,7,,1999-2025
NM,Colfax County,county,annual,7,,1998 2001 2011 2014 2021-2024
NM,Columbus,municipality,annual,7,,1998-2000
NM,Corrales,municipality,annual,7,,2003 2010 2012-2013 2020
NM,Cuba,municipality,annual,7,,2005-2006 2013 2019 2024-2025
NM,Curry County,county,annual,7,,2001-2002 2007 2011-2012 2023-2025
NM,Deming,municipality,annual,7,,1999-2000 2002-2015 2017-2021
NM,Dexter,municipality,annual,7,,1999
NM,Dona Ana County,county,annual,7,,1998-2025
NM,Eagle Nest,municipality,annual,7,,2000 2003 2011
NM,Eddy County,county,annual,7,,2000-2008 2010-2013 2015-2021 2023 2025
NM,Edgewood,municipality,annual,7,,2010
NM,Elephant Butte,municipality,annual,7,,2010-2011
NM,Espanola,municipality,annual,7,,2005-2011 2017 2021-2024
NM,Espanola City,municipality,annual,7,,1998
NM,Espanola State Of,municipality,annual,7,,1999
NM,Farmington,municipality,annual,7,,1998-2025
NM,Fort Sumner,municipality,annual,7,,2011 2018 2021 2024-2025
NM,Gallup,municipality,annual,7,,1998-2025
NM,Grant County,county,annual,7,,1998 2002-2003 2005-2025
NM,Grants,municipality,annual,7,,2001 2003-2014 2019-2025
NM,Guadalupe County,county,annual,7,,2003 2009 2011 2013 2021
NM,Hagerman,municipality,annual,7,,1999 2001
NM,Hatch,municipality,annual,7,,1999 2007-2008 2025
NM,Hidalgo County,county,annual,7,,2003 2007-2008 2020-2021 2023
NM,Hobbs,municipality,annual,7,,1998-2000 2002 2004-2006 2008-2025
NM,Hurley,municipality,annual,7,,1999-2001 2010 2021
NM,Jal,municipality,annual,7,,1999 2012 2014-2015 2018-2019
NM,Jemez Springs,municipality,annual,7,,2003
NM,Las Cruces,municipality,annual,7,,1999-2025
NM,Las Vegas,municipality,annual,7,,1998-2000 2005 2007-2008 2010-2022 2025
NM,Lea County,county,annual,7,,1999 2001-2003 2006-2022 2024
NM,Lincoln County,county,annual,7,,2004 2007 2009-2016 2023-2025
NM,Logan,municipality,annual,7,,2009-2011
NM,Lordsburg,municipality,annual,7,,2003 2006 2009 2011-2012 2014-2019 2024
NM,Los Lunas,municipality,annual,7,,1998 2001 2005-2013 2020-2021 2025
NM,Los Rancho De Albuquerque,municipality,annual,7,,2007
NM,Los Ranchos De Albuquerque,municipality,annual,7,,2021
NM,Loving,municipality,annual,7,,2004
NM,Lovington,municipality,annual,7,,1998-2001 2006-2009 2023
NM,Luna County,county,annual,7,,2000-2025
NM,Maxwell,municipality,annual,7,,2023-2025
NM,Mckinley County,county,annual,7,,2001-2004 2007-2010 2012-2017 2019-2025
NM,Mesilla,municipality,annual,7,,2003-2015
NM,Milan,municipality,annual,7,,2001 2024
NM,Mora County,county,annual,7,,2005-2012 2014-2015
NM,Moriarty,municipality,annual,7,,2001-2002 2004 2006 2010-2011 2013 2019
NM,Moriarty City,municipality,annual,7,,1998 2000
NM,Mosquero,municipality,annual,7,,2011
NM,Mountainair,municipality,annual,7,,2001 2003 2008-2013
NM,Otero County,county,annual,7,,1998 2008-2015 2019-2025
NM,Portales,municipality,annual,7,,2003 2010-2012 2014-2023 2025
NM,Quay County,county,annual,7,,1999 2020 2025
NM,Questa,municipality,annual,7,,2011-2012 2021-2022
NM,Raton,municipality,annual,7,,2003 2011-2014 2018-2023
NM,Red River,municipality,annual,7,,2010 2019
NM,Reserve,municipality,annual,7,,1999 2009
NM,Rio Arriba County,county,annual,7,,2002-2004 2006 2008-2016 2018-2025
NM,Rio Rancho,municipality,annual,7,,2000-2025
NM,Rio Rancho City,municipality,annual,7,,1998-1999
NM,Roosevelt County,county,annual,7,,2022-2024
NM,Roswell,municipality,annual,7,,1998-2018 2020-2022
NM,Ruidoso,municipality,annual,7,,1998-2002 2004-2005 2007-2016 2018-2025
NM,Ruidoso Downs,municipality,annual,7,,2006 2009-2012
NM,San Jon,municipality,annual,7,,2002 2006-2007 2011
NM,San Juan County,county,annual,7,,1998-2025
NM,Sandoval County,county,annual,7,,2003 2006-2025
NM,Santa Clara,municipality,annual,7,,2003
NM,Santa Fe,municipality,annual,7,,1998-2020 2022-2023 2025
NM,Santa Fe County,county,annual,7,,1998-2025
NM,Santa Rosa,municipality,annual,7,,2001-2002 2004-2005 2007 2014-2015 2017 2025
NM,Sierra County,county,annual,7,,2008-2010 2012 2015 2020 2023-2025
NM,Silver City,municipality,annual,7,,1999-2000 2002-2005 2007-2018 2020-2021
NM,Silver City Town,municipality,annual,7,,1998
NM,Socorro,municipality,annual,7,,2000 2002-2004 2009-2015 2019 2021-2025
NM,Socorro County,county,annual,7,,2009-2016 2019 2021 2023-2024
NM,Springer,municipality,annual,7,,1999 2001 2006 2010-2012 2022-2023
NM,Sunland Park,municipality,annual,7,,1999 2001-2005 2011-2012 2022-2025
NM,Taos,municipality,annual,7,,2001-2002 2004-2006 2008-2018 2020-2024
NM,Taos County,county,annual,7,,2011-2015 2021-2025
NM,Taos Ski Valley,municipality,annual,7,,2020
NM,Tatum,municipality,annual,7,,2002-2004
NM,Tijeras,municipality,annual,7,,2022-2023
NM,Torrance County,county,annual,7,,1998-2002 2013-2014 2024
NM,Truth Or Consequences,municipality,annual,7,,1998 2001 2008 2010-2011 2013 2017-2018 2024-2025
NM,Tucumcari,municipality,annual,7,,1999-2000 2003-2004 2008-2009 2012-2022
NM,Tularosa,municipality,annual,7,,2004
NM,Valencia County,county,annual,7,,2001-2003 2011 2018-2019 2021-2022 2025
NM,Vaughn,municipality,annual,7,,1998
NM,Willard,municipality,annual,7,,2003
NM,Williamsburg,municipality,annual,7,,2025
NY,Adams,municipality,annual,1,,2002-2003
NY,Addison,municipality,annual,6,,2003 2009 2020
NY,Akron,municipality,annual,6,,1999-2000
NY,Alabama,municipality,annual,1,,2020-2021
NY,Alba,municipality,annual,1,,1999-2006 2010-2011
NY,Alba County,county,annual,1,,1998 2007-2024
NY,Albany,municipality,annual,1,,1998 2008-2009 2012-2024
NY,Albany County,county,annual,1,,1999-2002 2004-2006
NY,Albay,municipality,annual,1,,2007
NY,Albion,municipality,annual,1,,1999-2002 2007 2009 2012
NY,Albion,municipality,annual,6,,2000 2010 2013 2015-2016
NY,Alden,municipality,annual,1,,1998-2005 2024
NY,Alexander,municipality,annual,1,,2014 2022-2024
NY,Alexander,municipality,annual,4,,2012 2022
NY,Alexandria,municipality,annual,1,,2006-2007 2013 2015
NY,Allegany,municipality,annual,1,,2000 2011
NY,Allegany County,county,annual,1,,1998-2003
NY,Amherst,municipality,annual,1,,1998-2000 2002-2025
NY,Amsterdam,municipality,annual,1,,2002
NY,Amsterdam,municipality,annual,7,,1998-2018 2020-2025
NY,Andes,municipality,annual,1,,1998 2006-2007 2009-2010
NY,Andover,municipality,annual,6,,2000
NY,Angelica,municipality,annual,6,,2001-2002 2004
NY,Angola,municipality,annual,6,,2000
NY,Antwerp,municipality,annual,6,,2005
NY,Arcadia,municipality,annual,1,,2001 2003-2005 2007-2010 2017
NY,Arietta,municipality,annual,1,,2012 2022
NY,Attica,municipality,annual,6,,2010-2012
NY,Auburn,municipality,annual,7,,1999-2025
NY,Auburn City,municipality,annual,7,,1998
NY,Aurora,municipality,annual,1,,1999-2005 2007
NY,Ausable,municipality,annual,1,,1998
NY,Avon,municipality,annual,6,,1999 2014
NY,Babylon,municipality,annual,1,,1998-1999 2001-2025
NY,Babylon L.D. Corporation Ii,municipality,annual,1,,2023
NY,Bainbridge,municipality,annual,1,,2006
NY,Baldwinsville,municipality,annual,3,,2000
NY,Ballston,municipality,annual,1,,1998 2001
NY,Ballston Spa,municipality,annual,6,,1999-2002 2010
NY,Barker,municipality,annual,1,,2025
NY,Barre,municipality,annual,1,,1999 2012-2013 2018
NY,Barre Town,municipality,annual,1,,1998
NY,Barton,municipality,annual,1,,2003-2006 2014
NY,Batavia,municipality,annual,1,,2003 2006-2011 2013-2015 2018-2019 2022-2024
NY,Batavia,municipality,annual,4,,2001-2006 2009-2011 2014-2015 2017 2019-2020 2023-2025
NY,Bath,municipality,annual,6,,2012 2024-2025
NY,Beacon,municipality,annual,1,,2003-2005 2022-2023
NY,Bedford,municipality,annual,1,,1999 2007 2011-2014 2022
NY,Beekmantown,municipality,annual,1,,1998
NY,Bellmont,municipality,annual,1,,2024
NY,Benton,municipality,annual,1,,2002-2004
NY,Bergen,municipality,annual,1,,2013
NY,Betha,municipality,annual,1,,2018
NY,Bethel,municipality,annual,1,,2009-2010 2025
NY,Bethlehem,municipality,annual,1,,2000 2002-2003 2005 2007 2009-2017 2019-2025
NY,Binghamton,municipality,annual,1,,1998-2024
NY,Black Brook,municipality,annual,1,,1998 2002 2004
NY,Black River,municipality,annual,6,,2007-2009
NY,Blenheim,municipality,annual,1,,2011
NY,Bloomfield,municipality,annual,6,,2000 2003
NY,Blooming Grove,municipality,annual,1,,2019-2022
NY,Bolivar,municipality,annual,6,,2024
NY,Bolivar Community Development Block Grant,municipality,annual,6,,2014
NY,Boonville,municipality,annual,6,,1998-2000 2020
NY,Bradford,municipality,annual,1,,2023
NY,Briarcliff Manor,municipality,annual,6,,2002 2010-2013
NY,Brighton,municipality,annual,1,,2002-2003 2011
NY,Broadalbin,municipality,annual,6,,1999-2000
NY,Bronxville,municipality,annual,6,,2017
NY,Brookfield,municipality,annual,1,,1999
NY,Brookhaven,municipality,annual,1,,1999 2001-2025
NY,Broome,municipality,annual,1,,2011
NY,Broome County,county,annual,1,,1998-2024
NY,Brownville,municipality,annual,1,,2020-2021
NY,Brutus,municipality,annual,1,,2002-2003 2015
NY,Buffalo,municipality,annual,7,,2003-2025
NY,Buffalo Primary Government,municipality,annual,7,,1998-2001
NY,Buffalo Sec 8 Hsg Assistance Pymts Prgs Ny409,municipality,annual,7,,2020
NY,Burdett,municipality,annual,6,,2019
NY,Busti,municipality,annual,1,,2004
NY,Byron,municipality,annual,1,,2007 2015 2024
NY,Cairo,municipality,annual,1,,2000 2011-2012
NY,Caledonia,municipality,annual,1,,2002
NY,Callicoon,municipality,annual,1,,2006
NY,Camillus,municipality,annual,1,,1998 2009 2011 2023
NY,Campbell,municipality,annual,1,,2014 2023
NY,Canajoharie,municipality,annual,6,,2002-2003 2011 2015-2016
NY,Canandaigua,municipality,annual,1,,2000-2003 2005-2007 2009-2014
NY,Canaseraga,municipality,annual,6,,2007
NY,Canastota,municipality,annual,6,,2002-2003 2010-2014 2018 2021
NY,Candor,municipality,annual,1,,1998
NY,Caneadea,municipality,annual,1,,2010-2011 2014-2015
NY,Canisteo,municipality,annual,6,,2023 2025
NY,Canton,municipality,annual,6,,2024
NY,Cape Vincent,municipality,annual,1,,2000 2006
NY,Cape Vincent,municipality,annual,6,,2012-2014
NY,Carlton,municipality,annual,1,,2001 2015
NY,Carmel,municipality,annual,1,,2002
NY,Caroga,municipality,annual,1,,1998
NY,Carthage,municipality,annual,6,,2004-2005 2018
NY,Cassadaga,municipality,annual,6,,2011-2012 2014
NY,Castile,municipality,annual,6,,2014
NY,Castorland,municipality,annual,6,,2015
NY,Catlin,municipality,annual,1,,2013
NY,Catskill,municipality,annual,1,,2013
NY,Catskill,municipality,annual,6,,1998
NY,Cattaraugus,municipality,annual,6,,2002
NY,Cattaraugus County,county,annual,1,,1998-2024
NY,Cayuga,municipality,annual,6,,2015
NY,Cayuga County,county,annual,1,,1998-2022 2024
NY,Central Square,municipality,annual,6,,1999
NY,Champion,municipality,annual,1,,1998-2001 2008-2009 2012
NY,Champlain,municipality,annual,6,,1998
NY,Chateaugay,municipality,annual,1,,2006
NY,Chaumont,municipality,annual,6,,2002
NY,Chautauqua County,county,annual,1,,1998-2024
NY,Chautauqua Industrial Development County,county,annual,1,,2014
NY,Chazy,municipality,annual,1,,2001-2002
NY,Cheektowaga,municipality,annual,1,,1998-2025
NY,Chemung County,county,annual,1,,2001 2003
NY,Chenango,municipality,annual,1,,2007
NY,Chenango County,county,annual,1,,1998-2025
NY,Chesterfield,municipality,annual,1,,1998-1999
NY,Chili,municipality,annual,1,,2004 2024
NY,Cicero,municipality,annual,1,,2024
NY,Cincinnatus,municipality,annual,1,,2000
NY,Clarence,municipality,annual,1,,2006 2010-2011 2023-2025
NY,Clarendon,municipality,annual,1,,1998-1999 2003 2006 2020
NY,Clarkson,municipality,annual,1,,2024-2025
NY,Clarkstown,municipality,annual,1,,1999-2003 2007 2009-2013 2019-2022 2024
NY,Clayton,municipality,annual,1,,2014 2020-2021
NY,Clayton,municipality,annual,6,,2004-2005 2019-2025
NY,Clifton,municipality,annual,1,,1998
NY,Clifton Park,municipality,annual,1,,1998-2003 2005-2006 2008-2009 2011 2016-2017 2020-2022
NY,Clinton County,county,annual,1,,1998-2017 2019-2024
NY,Clyde,municipality,annual,6,,2010-2011 2015 2022-2024
NY,Cobleskill,municipality,annual,1,,2009-2015 2018-2024
NY,Cobleskill,municipality,annual,6,,1998 2000 2004-2008
NY,Cobleskill 12/31/08,municipality,other,,7,2008
NY,Cochecton,municipality,annual,1,,2001 2005
NY,Coeymans,municipality,annual,1,,1998 2000-2001
NY,Cohoes,municipality,annual,1,,1998 2001-2004 2006-2011 2013 2024-2025
NY,Colchester,municipality,annual,1,,2005-2012 2024
NY,Colesville,municipality,annual,1,,2006-2007
NY,Collins,municipality,annual,1,,2003
NY,Colonie,municipality,annual,1,,1998-2019 2021-2024
NY,Colonie,municipality,annual,6,,2024
NY,Columbia County,county,annual,1,,1998-2010 2012-2024
NY,Conesville,municipality,annual,1,,2012
NY,Conklin,municipality,annual,1,,2006-2008 2014-2015 2018
NY,Constable,municipality,annual,1,,2000 2003
NY,Cooperstown,municipality,annual,6,,2012-2013 2019
NY,Copenhagen,municipality,annual,6,,2001
NY,Corfu,municipality,annual,6,,2011
NY,Corinth,municipality,annual,6,,1998-2001 2003 2016-2025
NY,Corning,municipality,annual,7,,1998-2002 2009-2015 2019-2020 2024-2025
NY,Cornwall,municipality,annual,1,,2007 2012
NY,Cortland,municipality,annual,1,,1999-2023
NY,Cortland County,county,annual,1,,1998-2024
NY,Cortlandt,municipality,annual,1,,1998-2001 2003 2012-2013 2021-2022 2024
NY,Cortlandville,municipality,annual,1,,2004 2009 2011 2014-2016 2023
NY,Croghan,municipality,annual,1,,2001-2002
NY,Croton On Hudson,municipality,annual,6,,2000 2012
NY,Croton-On- Hudson,municipality,annual,6,,2002
NY,Croton-On-Hudson,municipality,annual,6,,2008
NY,Cuba,municipality,annual,1,,2004 2009-2010
NY,Cuba,municipality,annual,6,,2011-2012 2024-2025
NY,Cuba Village,municipality,annual,6,,1998-2004
NY,Dania Beach,municipality,annual,10,,2025
NY,Dannemora,municipality,annual,1,,2001-2002
NY,Darien,municipality,annual,1,,1998 2002 2024
NY,Davenport,municipality,annual,1,,2006-2008
NY,Dayton,municipality,annual,1,,2002
NY,Deerfield,municipality,annual,1,,2001 2008
NY,Dekalb,municipality,annual,1,,2001
NY,Delaware County,county,annual,1,,1998-2024
NY,Delevan,municipality,annual,6,,2011
NY,Denning,municipality,annual,1,,2001 2006
NY,Depew,municipality,annual,6,,2007-2008 2024
NY,Deposit,municipality,annual,1,,2007
NY,Deposit,municipality,annual,3,,2001 2007-2009 2020
NY,Dewitt,municipality,annual,1,,1998 2010 2013 2025
NY,Dexter,municipality,annual,6,,2002-2003
NY,Diana,municipality,annual,1,,2024
NY,Dobbs Ferry,municipality,annual,6,,2012 2023 2025
NY,Dolgeville,municipality,annual,6,,2000 2003 2024
NY,Dresden,municipality,annual,1,,1998
NY,Dryden,municipality,annual,1,,2001 2020 2022 2024
NY,Dryden,municipality,annual,6,,2011-2012
NY,Duanesburg,municipality,annual,1,,2001-2002
NY,Dunkirk,municipality,annual,1,,1999 2001-2011 2014-2015 2018 2020-2023
NY,Durham,municipality,annual,1,,2014
NY,Dutchess County,county,annual,1,,1999 2001-2024
NY,Earlville,municipality,annual,6,,2010-2012
NY,East Fishkill,municipality,annual,1,,2003
NY,East Greenbush,municipality,annual,1,,2017 2023
NY,East Hampton,municipality,annual,1,,1998-2022 2024-2025
NY,Eastchester,municipality,annual,1,,1998-2018
NY,Eden,municipality,annual,1,,2000 2003-2005 2010-2011
NY,Edmeston,municipality,annual,1,,2001
NY,Elba,municipality,annual,1,,2018-2021
NY,Eldred Borough,municipality,annual,1,,2023
NY,Ellenville,municipality,annual,6,,1999 2002 2004 2011-2015
NY,Ellicottville,municipality,biennial,,,2003
NY,Elmira,municipality,annual,1,,1998-2024
NY,Endicott,municipality,annual,6,,2001 2012 2014-2015 2018-2020
NY,Erie County,county,annual,1,,1998-2024
NY,Erwin,municipality,annual,1,,2009-2010
NY,Esperance,municipality,annual,1,,2017 2021
NY,Essex County,county,annual,1,,1998-2024
NY,Evans,municipality,annual,1,,2020 2022-2024
NY,Evans Mills,municipality,annual,6,,2010
NY,Fair Haven,municipality,annual,6,,1998
NY,Fairport,municipality,annual,6,,2010-2011 2025
NY,Fairport Section 8 Hap Program,municipality,annual,10,,2005-2010 2012-2015
NY,Fairport Section 8 Hap Programs,municipality,annual,10,,1998 2000-2001 2004
NY,Fallsburg,municipality,annual,1,,2009 2015
NY,Farmington,municipality,annual,1,,2001
NY,Farnham,municipality,annual,6,,2001
NY,Fayette,municipality,annual,1,,1999 2010
NY,Fenton,municipality,annual,1,,2014
NY,Fine,municipality,annual,1,,2005
NY,Fishkill,municipality,annual,1,,2024
NY,Fleming,municipality,annual,1,,1999-2001
NY,Floyd,municipality,annual,1,,2000
NY,Food Bank For New York City,municipality,annual,7,,2009-2011 2015
NY,Fort Edward,municipality,annual,1,,2010
NY,Fort Edward,municipality,annual,6,,2015
NY,Fort Johnson,municipality,annual,6,,2001-2002
NY,Fort Plain,municipality,annual,6,,1998-2022
NY,Frankfort,municipality,annual,6,,1998-2001 2005
NY,Franklin,municipality,annual,1,,2008-2009
NY,Franklin,municipality,annual,6,,2013
NY,Franklin County,county,annual,1,,1998-2024
NY,Freeport,municipality,annual,3,,1998-2007
NY,Friendship,municipality,annual,1,,2000-2002
NY,Fulton,municipality,annual,1,,2001-2023
NY,Fulton City,municipality,annual,1,,1998-2000
NY,Fulton County,county,annual,1,,1998-2022 2024
NY,Fultonville,municipality,annual,6,,2012
NY,Gaines,municipality,annual,1,,1998-2000 2007 2013
NY,Gates,municipality,annual,1,,2020 2025
NY,Geddes,municipality,annual,1,,1998 2014
NY,Genesee County,county,annual,1,,1998 2010-2025
NY,Genesee State Of County,county,annual,1,,1999
NY,Geneva,municipality,annual,1,,2000-2003 2005-2009
NY,German Flatts,municipality,annual,1,,2005
NY,Gilbertsville,municipality,annual,6,,2008-2009
NY,Gilboa,municipality,annual,1,,2012
NY,Glen Cove,municipality,annual,1,,1998-2002 2004-2024
NY,Glen Falls,municipality,annual,1,,2000
NY,Glen Park,municipality,annual,6,,2005
NY,Glens Falls,municipality,annual,1,,1998-1999 2001-2024
NY,Glenville,municipality,annual,1,,2001-2003 2007-2010 2022
NY,Gloversville,municipality,annual,1,,2001-2010 2012-2015 2019-2024
NY,Gloversville City,municipality,annual,1,,1998-2000
NY,Gorham,municipality,annual,1,,2003
NY,Goshen,municipality,annual,1,,1999
NY,Gouverneur,municipality,annual,1,,2020
NY,Gouverneur,municipality,annual,6,,1999-2007 2009-2014
NY,Gowanda,municipality,annual,6,,2000-2001 2003 2010 2013 2025
NY,Granby,municipality,annual,1,,2016 2023-2025
NY,Grand Island,municipality,annual,1,,2007 2020 2022
NY,Granville,municipality,annual,6,,2010 2012-2013
NY,Greece,municipality,annual,1,,2005-2015 2017 2019-2022
NY,Greece State Of,municipality,annual,1,,1998
NY,Green Island,municipality,annual,6,,1999-2007 2011 2014 2021-2024
NY,Greenburgh,municipality,annual,1,,1998-2005 2008 2011-2013 2023-2024
NY,Greene,municipality,annual,1,,2007
NY,Greene County,county,annual,1,,1998-2000 2005-2019 2021-2024
NY,Greenport,municipality,annual,1,,2009
NY,Greenport,municipality,annual,6,,2013-2014
NY,Groton,municipality,annual,6,,1999-2000 2002 2006 2010
NY,Groveland,municipality,annual,1,,2005
NY,Guilderland,municipality,annual,1,,2009-2015 2018-2023
NY,Halfmoon,municipality,annual,1,,2007-2008 2011-2012 2014-2015
NY,Hamburg,municipality,annual,1,,1999-2007 2009-2013 2015-2016 2020 2022-2024
NY,Hamden,municipality,annual,1,,2006
NY,Hamilton,municipality,annual,6,,2003 2008 2010 2012 2015-2016 2022
NY,Hamilton County,county,annual,1,,1998-2005 2007-2025
NY,Hamlin,municipality,annual,1,,2004
NY,Hammond,municipality,annual,1,,2021-2023
NY,Hammond,municipality,annual,6,,2005
NY,Hancock,municipality,annual,1,,2005-2010 2020-2021
NY,Hancock,municipality,annual,6,,2007-2009
NY,Hannibal,municipality,annual,1,,2000
NY,Hardenburgh,municipality,annual,1,,2011
NY,Harrietstown,municipality,annual,1,,2002 2009 2012 2014-2025
NY,Harrietstown Hsng Author,municipality,annual,1,,1999
NY,Hartwick,municipality,annual,1,,2006-2007
NY,Hastings,municipality,annual,1,,2010 2022
NY,Hastings Town,municipality,annual,1,,1999
NY,Hastings-On-Hudson,municipality,annual,6,,2000 2023-2025
NY,Haverstraw,municipality,annual,1,,2000-2001 2012-2013
NY,Haverstraw,municipality,annual,6,,2017-2018
NY,Hector,municipality,annual,1,,2008
NY,Hempstead,municipality,annual,1,,1998-2024
NY,Hempstead H/a,municipality,annual,4,,2002
NY,Hempstead Ha,municipality,annual,4,,2007-2008
NY,Henderson,municipality,annual,1,,2002-2003
NY,Henrietta,municipality,annual,1,,2003-2004
NY,Herkimer,municipality,annual,1,,2012-2013
NY,Herkimer,municipality,annual,6,,2003 2013-2014 2016-2019
NY,Herkimer County,county,annual,1,,1998-2024
NY,Herrings,municipality,annual,6,,2002
NY,Heuvelton,municipality,annual,6,,2009 2020-2021 2024
NY,Highland Falls,municipality,annual,6,,1998-2014 2017-2021 2023
NY,Hillsdale,municipality,annual,1,,2007-2008
NY,Hinsdale,municipality,annual,1,,2013
NY,Hobart,municipality,annual,6,,2002-2003
NY,Holley,municipality,annual,6,,1998-2000 2003
NY,Homer,municipality,annual,3,,1999
NY,Hoosick,municipality,annual,1,,2003 2009 2014
NY,Hoosick Falls,municipality,annual,6,,1999-2003
NY,Hopewell,municipality,annual,1,,2003
NY,Hopewell Town,municipality,annual,1,,2007
NY,Hornell,municipality,annual,4,,1998-2014 2016-2017 2019-2025
NY,Horseheads,municipality,annual,1,,2021
NY,Horseheads,municipality,annual,6,,2002-2003 2014
NY,Hounsfield,municipality,annual,1,,2003 2009
NY,Hudson,municipality,annual,1,,1999 2002-2007 2009-2011 2022 2024
NY,Hudson,municipality,annual,5,,1998
NY,Hudson,municipality,other,,8,1998
NY,Hudson Falls,municipality,annual,6,,2001-2002 2008 2013-2015 2019 2021
NY,Hunter,municipality,annual,1,,2015-2016
NY,Hunter,municipality,annual,6,,1998
NY,Huntington,municipality,annual,1,,1998-2025
NY,Huron,municipality,annual,1,,2007 2009 2011 2021 2024
NY,Hyde Park,municipality,annual,1,,2023
NY,Ilion,municipality,annual,6,,1999 2011-2016 2018 2021
NY,Irondequoit,municipality,annual,1,,1998-2022 2024-2025
NY,Irvington,municipality,annual,6,,2000 2021 2023-2024
NY,Islip,municipality,annual,1,,1998-2024
NY,Italy,municipality,annual,1,,2001
NY,Ithaca,municipality,annual,1,,1998-2018 2020-2021 2023-2024
NY,Jamestown,municipality,annual,1,,1998-2024
NY,Jasper,municipality,annual,1,,2005-2006 2023
NY,Java,municipality,annual,1,,1999
NY,Jay,municipality,annual,1,,2005 2012
NY,Jefferson County,county,annual,1,,1998-2024
NY,Jerusalem,municipality,annual,1,,1998 2001-2002 2023
NY,Jewett,municipality,annual,1,,2012
NY,Johnson City,municipality,annual,6,,2000-2001 2005 2007-2008 2014 2017-2018
NY,Johnstown,municipality,annual,1,,1998-2004 2008-2012 2014
NY,Johstown,municipality,annual,1,,2013
NY,Junius,municipality,annual,1,,1998
NY,Kaser,municipality,annual,6,,2008 2010-2011
NY,Kaser - Hcv Program,municipality,annual,7,,2011 2016-2017
NY,Kaser Hcv Program,municipality,annual,7,,2018-2020
NY,Keeseville,municipality,annual,6,,2001 2003-2004
NY,Kendall,municipality,annual,1,,2001 2003 2007-2008 2010-2011 2013
NY,Kenmore,municipality,annual,6,,1999-2000 2002-2003 2005 2007 2013 2018 2023-2025
NY,Kent,municipality,annual,1,,2023
NY,Kinderhook,municipality,annual,6,,2014
NY,Kingston,municipality,annual,1,,1999-2025
NY,Kingston City,municipality,annual,1,,1998
NY,Kingston Local Development Corporation,municipality,annual,1,,1998-1999 2001 2005-2006
NY,Kirkwood,municipality,annual,1,,2005-2008 2019
NY,Kiryas Joel,municipality,annual,1,,2023-2024
NY,Kiryas Joel,municipality,annual,6,,2009-2013 2015 2017-2021
NY,Lackawanna,municipality,annual,8,,1998-2003 2005-2012 2015 2023-2025
NY,Lake George,municipality,annual,1,,2001
NY,Lake George,municipality,annual,6,,2012 2015
NY,Lake Placid,municipality,annual,8,,2014-2015
NY,Lancaster,municipality,annual,1,,2006 2010 2015 2023-2024
NY,Lancaster,municipality,annual,6,,2000 2007 2014
NY,Lancaster Community Development Corporation,municipality,annual,6,,2014
NY,Lansing,municipality,annual,6,,2005-2007
NY,Larchmont,municipality,annual,6,,2011 2015
NY,Laurens,municipality,annual,1,,2006-2007
NY,Laurens,municipality,annual,6,,2008
NY,Lawrence,municipality,other,,13,2003
NY,Leicester,municipality,annual,1,,2003 2021
NY,Lenox Lewis Point/pine Ridge Usda Water System Grant,municipality,annual,10,,2009
NY,Leray,municipality,annual,1,,2001-2005
NY,Leroy,municipality,annual,1,,2003-2004 2007 2016
NY,Leroy,municipality,annual,6,,2003
NY,Lewis,municipality,annual,1,,2019
NY,Lewis County,county,annual,1,,2001-2025
NY,Lewiston,municipality,annual,6,,2000-2001
NY,Lexington,municipality,annual,1,,2012-2013
NY,Liberty,municipality,annual,1,,2010-2011 2013-2014 2016 2018
NY,Liberty,municipality,annual,6,,2000-2002 2015
NY,Liberty,municipality,annual,7,,2015
NY,Lima,municipality,annual,6,,2007
NY,Limestone,municipality,annual,6,,1998
NY,Little Falls,municipality,annual,1,,1998-2003 2007 2010-2012 2015
NY,Little Valley,municipality,annual,6,,2005 2024
NY,Livingston County,county,annual,1,,1999-2022 2024-2025
NY,Livonia,municipality,annual,1,,2002-2003
NY,Lloyd,municipality,annual,1,,2012 2018
NY,Lloyd - Hudson Valley Rail Trail,municipality,annual,1,,2010
NY,Lockport,municipality,annual,1,,1998-2004 2006-2011 2014 2016 2022-2024
NY,Long Beach,municipality,annual,7,,1998-2025
NY,Lorraine,municipality,annual,1,,1998
NY,Louisville,municipality,other,,42,2006
NY,Louisville,municipality,other,,36,2008
NY,Lowville,municipality,annual,1,,2003 2005-2006
NY,Lowville,municipality,annual,6,,1999
NY,Lyme,municipality,annual,1,,1999-2000
NY,Lyndonville,municipality,annual,6,,2001 2006-2007 2013
NY,Lyons,municipality,annual,6,,2011-2012
NY,Lyonsdale,municipality,annual,1,,2006
NY,Macedon,municipality,annual,1,,2000 2002 2023
NY,Madison County,county,annual,1,,1998-2025
NY,Maine,municipality,annual,1,,2012
NY,Malone,municipality,annual,1,,2009 2012 2014 2018 2021
NY,Malone,municipality,annual,6,,2000 2011-2012
NY,Malta,municipality,annual,1,,2007-2008 2015
NY,Mamaoroneck,municipality,annual,1,,2006
NY,Mamaroneck,municipality,annual,1,,1998-2005 2007-2025
NY,Mamaroneck,municipality,annual,6,,2004-2006 2022-2025
NY,Mamaroneck,municipality,annual,7,,2007-2008 2013
NY,Mamorneck,municipality,annual,6,,1998-2000 2002-2003
NY,Mamorneck,municipality,annual,7,,2001
NY,Manchester,municipality,annual,1,,1999 2001 2003 2007
NY,Manchester,municipality,annual,6,,1998
NY,Margaretville,municipality,annual,6,,2022
NY,Marilla,municipality,annual,1,,2000 2011
NY,Marion,municipality,annual,1,,2002 2006-2007 2012 2014-2015
NY,Marlborough,municipality,annual,1,,1999-2000
NY,Martinsburg,municipality,annual,1,,2011-2012
NY,Massena,municipality,annual,1,,1998 2000-2001 2003-2008 2011-2012 2014-2015 2018-2019 2021-2022
NY,Massena,municipality,annual,6,,2001-2003 2009-2011 2019 2024
NY,Mcgraw,municipality,annual,6,,2015
NY,Mechanicville,municipality,annual,1,,1998-2000 2005 2016 2020 2024-2025
NY,Medina,municipality,annual,6,,2000-2004 2006-2007 2019
NY,Mentz,municipality,annual,1,,2018
NY,Mexico,municipality,annual,1,,2019
NY,Middleburgh,municipality,annual,1,,2011 2014 2020 2023
NY,Middletown,municipality,annual,1,,1999-2005 2007-2024
NY,Milford,municipality,annual,6,,2015
NY,Milo,municipality,annual,1,,1999
NY,Minerva,municipality,annual,1,,2023
NY,Minoa,municipality,annual,6,,2003
NY,Mohawk,municipality,annual,6,,2014 2018 2020-2021
NY,Monroe,municipality,annual,1,,2023
NY,Monroe County,county,annual,1,,1998-2024
NY,Montgomery,municipality,annual,1,,2023-2024
NY,Montgomery County,county,annual,1,,1998-1999 2004-2024
NY,Monticello,municipality,annual,8,,2000-2006 2012 2015-2017
NY,Montour Falls,municipality,annual,6,,1999 2018-2020
NY,Moriah,municipality,annual,1,,1998-2000 2007 2011-2012 2021 2024
NY,Morris,municipality,annual,6,,2015
NY,Morrisville,municipality,annual,6,,2003
NY,Mount Morris,municipality,annual,6,,1998-1999
NY,Mount Pleasant,municipality,annual,1,,2022-2023
NY,Mount Vernon,municipality,annual,1,,1998-2021
NY,Murray,municipality,annual,1,,1998-1999 2002 2004-2007 2013-2014
NY,Naples,municipality,annual,1,,2005
NY,Naples,municipality,annual,6,,2010-2011
NY,Naples,municipality,other,,36,2001
NY,Nassau County,county,annual,1,,1998-2024
NY,New Castle,municipality,annual,1,,2000
NY,New Haven,municipality,annual,1,,2011 2013 2015 2017-2018 2022-2023
NY,New Paltz,municipality,annual,1,,2024
NY,New Paltz,municipality,annual,6,,1998 2001 2013-2015 2021-2024
NY,New Rochelle,municipality,annual,1,,1998-2025
NY,New Scotland,municipality,annual,1,,2011 2015
NY,New Square,municipality,annual,6,,2010 2017 2023
NY,New Square Pha,municipality,annual,4,,2005-2008 2010
NY,New Windsor,municipality,annual,1,,1998-1999 2003 2012-2013 2015 2017 2019-2020 2025
NY,Newark,municipality,annual,6,,1998-2002 2010 2015 2019-2020
NY,Newark Valley,municipality,annual,3,,2010-2011 2013
NY,Newburgh,municipality,annual,1,,2000-2025
NY,Newburgh City,municipality,annual,1,,1998-1999
NY,Newcomb,municipality,annual,1,,2010
NY,Newstead,municipality,annual,1,,2001 2012
NY,Niagara,municipality,annual,1,,2007
NY,Niagara County,county,annual,1,,1998-2025
NY,Niagara Falls,municipality,annual,1,,1998-2024
NY,Nichols,municipality,annual,1,,2019
NY,Nichols,municipality,annual,6,,2020
NY,Niskayuna,municipality,annual,1,,2009 2012
NY,Norfolk,municipality,annual,1,,2012-2013
NY,North Castle,municipality,annual,1,,2008 2013
NY,North Dansville,municipality,annual,1,,2015
NY,North East,municipality,annual,1,,1998
NY,North Elba,municipality,annual,1,,2006-2007 2012 2014 2020 2022
NY,North Greenbush,municipality,annual,1,,2014 2021-2022
NY,North Hempstead,municipality,annual,1,,2002 2007-2016 2020-2024
NY,North Salem,municipality,annual,1,,2010
NY,North Syracuse,municipality,annual,6,,2021
NY,North Tonawanda,municipality,annual,1,,1998-2023
NY,Norwich,municipality,annual,1,,1998 2007 2023-2024
NY,Nunda,municipality,annual,1,,2004
NY,Nunda,municipality,annual,6,,1998 2003
NY,Nyack,municipality,annual,6,,2017
NY,Oakfield,municipality,annual,1,,2014-2015 2017 2019
NY,Oakfield,municipality,annual,6,,2007 2019
NY,Ogdensburg,municipality,annual,1,,1998-2004 2006-2008 2010 2012-2016 2019
NY,Olean,municipality,annual,6,,2001-2003 2005-2012 2015-2017 2019-2024
NY,Olive,municipality,annual,1,,2018 2020
NY,Oneida,municipality,annual,1,,1998-2004 2011 2013-2014 2016-2019 2022
NY,Oneida County,county,annual,1,,1998-2021
NY,Oneonta,municipality,annual,1,,1998-2012 2014-2024
NY,Onondaga County,county,annual,1,,1998-2003 2006-2024
NY,Ontario County,county,annual,1,,1998-2010 2012-2016 2023-2025
NY,Orange County,county,annual,1,,1998-2024
NY,Orangetown,municipality,annual,1,,1999-2000 2003 2012 2016-2017 2021-2022
NY,Orchard Park,municipality,annual,1,,2014 2023-2024
NY,Oriskany Falls,municipality,annual,6,,2003 2012
NY,Orleans,municipality,annual,1,,1999 2004-2006
NY,Orleans County,county,annual,1,,2024
NY,Orleans State Of County,county,annual,1,,1998-2001 2007
NY,Ossining,municipality,annual,1,,1998-2024
NY,Oswego,municipality,annual,1,,1998-2024
NY,Oswego County,county,annual,1,,1998-2024
NY,Otsego County,county,annual,1,,1998-2024
NY,Ovid,municipality,annual,6,,2012 2015
NY,Owasco,municipality,annual,1,,2025
NY,Owego,municipality,annual,1,,2000 2002 2006 2008-2009 2011-2014 2016 2019-2020
NY,Owego,municipality,annual,8,,2010 2012-2014 2016
NY,Oyster Bay,municipality,annual,1,,1999-2025
NY,Oyster Bay Town,municipality,annual,1,,1998
NY,Palmyra,municipality,annual,1,,2010
NY,Palmyra,municipality,annual,6,,2001 2011
NY,Pamelia,municipality,annual,1,,2001-2002
NY,Parish,municipality,annual,6,,2011
NY,Parishville,municipality,other,,15,2011
NY,Parma,municipality,annual,1,,2011-2012
NY,Patchogue,municipality,annual,6,,2025
NY,Pavilion,municipality,annual,1,,2000
NY,Peekskill,municipality,annual,1,,1998-2000 2002-2006 2008-2025
NY,Pelham,municipality,annual,6,,2003-2005 2007-2008 2011-2012
NY,Pembroke,municipality,annual,1,,2003-2004 2007-2008
NY,Pendleton,municipality,annual,1,,2019
NY,Penfield,municipality,annual,1,,1999 2004-2005
NY,Penn Yan,municipality,annual,6,,2000-2002 2019-2020 2024-2025
NY,Perinton,municipality,annual,1,,1998 2003 2012-2014
NY,Perry,municipality,annual,1,,1998-1999 2002 2011
NY,Perry,municipality,annual,6,,1998-2000 2002-2004 2012 2015 2017 2023-2024
NY,Persia,municipality,annual,1,,2001
NY,Peru,municipality,annual,1,,1998-1999 2011-2014 2021-2022
NY,Phelps,municipality,annual,1,,2015
NY,Philadelphia,municipality,annual,6,,2014-2015
NY,Philipstown,municipality,annual,1,,2012 2015 2023
NY,Phoenix,municipality,annual,3,,2000-2002
NY,Pike,municipality,annual,6,,2003
NY,Pittsford,municipality,annual,1,,1998 2003 2022
NY,Plattsburgh,municipality,annual,1,,1998-1999 2001-2012 2014-2015 2017 2021 2024
NY,Plattsburgh Hdfc,municipality,annual,1,,2000
NY,Plattsburgh Hdfc 014-Ee068,municipality,annual,1,,2002-2007 2009
NY,Pleasant Valley,municipality,annual,1,,2024
NY,Poestenkill,municipality,annual,1,,2010
NY,Pomfret,municipality,annual,1,,2022
NY,Portchester,municipality,annual,6,,2009
NY,Portland,municipality,annual,1,,2010-2011 2019-2020 2023-2024
NY,Potsdam,municipality,annual,1,,2024
NY,Potsdam,municipality,annual,6,,1998-2004 2006-2007 2009-2012 2015 2017 2019
NY,Potsdam Town,municipality,other,,17,1999
NY,Poughkeepsie,municipality,annual,1,,1998-2024
NY,Pound Ridge,municipality,annual,1,,2020
NY,Prattsburgh,municipality,annual,1,,1998 2014-2015
NY,Prattsville,municipality,annual,1,,2011-2014
NY,Princetown,municipality,annual,1,,2000-2010 2012
NY,Putnam County,county,annual,1,,1998-2024
NY,Putnam Valley,municipality,annual,1,,2023 2025
NY,Queensbury,municipality,annual,1,,2004 2008 2014
NY,Ramapo,municipality,annual,1,,2000-2001 2003 2023 2025
NY,Rampo,municipality,annual,1,,1999
NY,Randolph,municipality,annual,1,,2022-2023
NY,Red Hook,municipality,annual,6,,2013 2016-2017 2022
NY,Redfield,municipality,annual,1,,2000
NY,Rensselaer,municipality,annual,8,,1998 2000 2002 2004-2008 2010-2013 2015
NY,Rensselaer County,county,annual,1,,1998-2007 2009-2024
NY,Rensselaer Falls,municipality,annual,6,,1998
NY,Rensselaerville,municipality,annual,1,,2001
NY,Rensselear County,county,annual,1,,2008
NY,Richfield Springs,municipality,annual,6,,2010-2011
NY,Richland,municipality,annual,1,,2008-2011
NY,Richmondville,municipality,annual,1,,2012
NY,Ridgeway,municipality,annual,1,,2000-2001 2003-2004 2006-2013 2020
NY,Ridgeway Town,municipality,annual,1,,1998
NY,Ripley,municipality,annual,1,,2020-2023
NY,Ripton,municipality,annual,7,,2024
NY,Riverhead,municipality,annual,1,,1999-2001 2003 2005-2007 2009-2014
NY,Rochester,municipality,annual,7,,2007-2025
NY,Rochester City,municipality,annual,7,,1998
NY,Rockland,municipality,annual,1,,1998 2000 2002 2007-2009
NY,Rockland County,county,annual,1,,1998-2024
NY,Rockville Centre,municipality,annual,6,,1998-2009 2023
NY,Rome,municipality,annual,1,,1998 2000 2002-2025
NY,Rose,municipality,annual,1,,2017 2020-2021
NY,Rosendale,municipality,annual,1,,2018
NY,Rotterdam,municipality,annual,1,,1998-2018
NY,Round Lake,municipality,annual,6,,2003-2004
NY,Rouses Point,municipality,annual,6,,2013
NY,Roxbury,municipality,annual,1,,2001 2011 2020-2021
NY,Royalton,municipality,annual,1,,1998 2020
NY,Rushville,municipality,annual,6,,2013
NY,Rutland,municipality,annual,1,,2005 2007 2010-2011
NY,Rye,municipality,annual,1,,2000 2009-2010 2012-2013 2022 2024
NY,Rye Brook,municipality,annual,6,,2024-2025
NY,Sackets Harbor,municipality,annual,6,,2008 2012 2014
NY,Sackets Harbor,municipality,biennial,,,2011
NY,Saint Lawrence County,county,annual,1,,1999
NY,Salamanca,municipality,annual,4,,1998-2010 2012-2015
NY,Salina,municipality,annual,1,,2022-2024
NY,Salisbury,municipality,annual,1,,2021
NY,Sandy Creek,municipality,annual,1,,2009 2020-2022
NY,Sandy Creek,municipality,annual,6,,2003-2004 2019
NY,Saranac,municipality,annual,1,,1998 2022
NY,Saranac Lake,municipality,annual,6,,1998 2005 2008-2009 2013-2016 2021
NY,Saratoga County,county,annual,1,,2001-2024
NY,Saratoga Springs,municipality,annual,1,,1998-2016 2020-2024
NY,Saugerties,municipality,annual,1,,1998 2000-2011 2013 2015-2020 2022-2024
NY,Savannah,municipality,annual,1,,2001
NY,Scarsdale,municipality,annual,6,,2010-2014 2023-2024
NY,Schaghticoke,municipality,annual,1,,2009
NY,Schaghticoke,municipality,annual,6,,2001
NY,Schenectady,municipality,annual,1,,1998 2001-2025
NY,Schenectady County,county,annual,1,,2004-2024
NY,Schodack,municipality,annual,1,,2023
NY,Schoharie County,county,annual,1,,1998-2024
NY,Schroon,municipality,annual,1,,2001 2006-2007 2010
NY,Schuyler County,county,annual,1,,1999 2001-2024
NY,Schuyler Falls,municipality,annual,1,,2024
NY,Schuylerville,municipality,annual,6,,2013
NY,Scotia,municipality,annual,6,,1998-2023
NY,Scriba,municipality,annual,1,,2009 2011
NY,Seneca County,county,annual,1,,1998-2000 2002-2024
NY,Seneca Falls,municipality,annual,1,,2000-2001 2021
NY,Sennett,municipality,annual,1,,2023
NY,Shandaken,municipality,annual,1,,1999 2003 2012-2014 2016
NY,Shawangunk,municipality,annual,1,,2017
NY,Shelby,municipality,annual,1,,1998-2008 2010-2013
NY,Sheldon,municipality,annual,1,,2015
NY,Shelter Island,municipality,annual,1,,2009 2013
NY,Sherburne,municipality,annual,1,,2020
NY,Sherburne,municipality,annual,3,,2001 2006-2007
NY,Sheridan,municipality,annual,1,,2005
NY,Sherman,municipality,annual,6,,2023-2025
NY,Sherrill,municipality,annual,1,,2010
NY,Sidney,municipality,annual,1,,2007-2009
NY,Sidney,municipality,annual,6,,2000-2004 2006-2010 2022
NY,Silver Creek,municipality,annual,6,,2004 2010-2011
NY,Skaneateles,municipality,annual,6,,2001
NY,Slamananca,municipality,annual,4,,2011
NY,Sleepy Hollow,municipality,annual,6,,2009 2017 2023
NY,Smithtown,municipality,annual,1,,1998-2017 2019 2021-2025
NY,Smyrna,municipality,annual,6,,1998
NY,Sodus,municipality,annual,1,,2001 2009-2010 2013
NY,Sodus,municipality,annual,6,,2007
NY,Sodus Point,municipality,annual,6,,2011
NY,Solvay,municipality,annual,6,,1999-2000
NY,South Corning,municipality,annual,3,,2021
NY,South Dayton,municipality,annual,6,,2002
NY,Southampton,municipality,annual,1,,1998-2015 2017-2025
NY,Southeast,municipality,annual,1,,2010 2024-2025
NY,Southold,municipality,annual,1,,1998 2001 2003 2005 2008-2014 2020-2021 2024
NY,Southport,municipality,annual,1,,2002 2010
NY,Speculator,municipality,annual,6,,2021
NY,Spring Valley,municipality,annual,6,,1998-2023
NY,Springport,municipality,annual,1,,2000-2007
NY,Springville,municipality,annual,6,,2003 2006 2011
NY,Springwater,municipality,annual,1,,2013 2020
NY,St Johnsville,municipality,annual,6,,1998-1999 2003 2007
NY,St Lawrence County,county,annual,1,,1998 2000 2008-2010 2019-2021
NY,St. Lawrence County,county,annual,1,,2001-2007 2011-2018 2022-2024
NY,Stafford,municipality,annual,1,,2003 2010-2012 2023-2024
NY,Stamford,municipality,annual,6,,2004 2018 2023-2024
NY,Sterling,municipality,annual,1,,2015 2019
NY,Steuben County,county,annual,1,,1998 2002-2025
NY,Stillwater,municipality,annual,1,,1998-2018 2020
NY,Stillwater,municipality,annual,6,,2012
NY,Stony Point,municipality,annual,1,,2013
NY,Stratford,municipality,annual,1,,2007
NY,Suffern,municipality,annual,6,,2014 2023
NY,Suffolk County,county,annual,1,,1998-2023
NY,Sullivan,municipality,annual,1,,2001 2007 2013-2014
NY,Sullivan County,county,annual,1,,1998-2024
NY,Sylvan Beach,municipality,annual,6,,2002-2003
NY,Syracuse,municipality,annual,7,,1998-2025
NY,Tarrytown,municipality,annual,6,,2023
NY,Theresa,municipality,annual,6,,2010
NY,Thompson,municipality,annual,1,,2001 2005
NY,Thurston,municipality,annual,1,,2004
NY,Ticonderoga,municipality,annual,1,,2006-2007 2009-2013 2015
NY,Tioga,municipality,annual,1,,2012 2014 2018
NY,Tioga County,county,annual,1,,1998-2004 2006-2024
NY,Tompkins,municipality,annual,1,,2006-2007
NY,Tompkins County,county,annual,1,,1998-2019 2021-2024
NY,Tonawanda,municipality,annual,1,,1998-2024
NY,Troupsburg,municipality,annual,1,,2003
NY,Troy,municipality,annual,1,,1998-2024
NY,Tully,municipality,annual,6,,2017
NY,Tupper Lake,municipality,annual,6,,1999 2001-2002
NY,Tusten,municipality,annual,1,,2001
NY,Ulster,municipality,annual,1,,2002-2006 2011-2013 2020 2023-2024
NY,Ulster County,county,annual,1,,1998-2024
NY,Ulysses,municipality,annual,1,,2021
NY,Unadilla,municipality,annual,1,,2012
NY,Unadilla,municipality,annual,6,,2010-2011
NY,Union,municipality,annual,1,,1998-2024
NY,Unionville,municipality,annual,6,,2000
NY,Upper Moreland Township,township,annual,1,,2023
NY,Utica,municipality,annual,4,,1999-2000 2002-2025
NY,Utica City,municipality,annual,4,,1998
NY,Valley Falls,municipality,annual,6,,2004
NY,Valley Stream,municipality,annual,6,,2003
NY,Varick,municipality,annual,1,,1999 2010 2014
NY,Vernon,municipality,annual,1,,2017 2025
NY,Verona,municipality,annual,1,,2014
NY,Vestal,municipality,annual,1,,2005-2008 2010-2014 2021-2024
NY,Volney,municipality,annual,1,,2008 2010 2012-2018 2022
NY,Walden,municipality,annual,6,,2003 2020-2021
NY,Wallkill,municipality,annual,1,,1998 2001-2002 2010-2011 2017 2020-2021
NY,Walton,municipality,annual,6,,1998-2010 2013-2023
NY,Warren County,county,annual,1,,1998-2010 2012-2024
NY,Warsaw,municipality,annual,6,,1998
NY,Warwick,municipality,annual,1,,2005-2007 2009-2019 2022-2024
NY,Warwick,municipality,annual,6,,2011 2013
NY,Washington County,county,annual,1,,1998-2024
NY,Washingtonville,municipality,annual,3,,2002 2015
NY,Waterford,municipality,annual,6,,2020-2021
NY,Waterloo,municipality,annual,1,,2015
NY,Waterloo,municipality,annual,6,,1998 2018-2019 2023-2024
NY,Watertown,municipality,annual,7,,1999-2025
NY,Watertown City,municipality,annual,7,,1998
NY,Watervliet,municipality,annual,1,,2001 2006 2009-2011 2013 2018 2022-2023
NY,Watkins Glen,municipality,annual,6,,2017
NY,Watson,municipality,annual,1,,2020-2021
NY,Waverly,municipality,annual,1,,1998
NY,Waverly,municipality,annual,6,,2000-2001 2005-2007 2012-2013 2024
NY,Wawarsing,municipality,annual,1,,2002 2004-2016 2018-2021 2023-2024
NY,Wayland,municipality,annual,6,,2015
NY,Wayne County,county,annual,1,,1998-2015 2019-2024
NY,Webb,municipality,annual,1,,2012-2013 2017
NY,Webster,municipality,annual,1,,2006
NY,Weedsport,municipality,annual,3,,2001
NY,Wellsvile,municipality,annual,6,,2023
NY,Wellsville,municipality,annual,1,,2013 2020 2022
NY,Wellsville,municipality,annual,6,,2019
NY,Wesley Hills 38 Month Audit,municipality,annual,1,,2018
NY,West,municipality,annual,7,,2008 2010
NY,West Monroe,municipality,annual,1,,2002
NY,West Seneca,municipality,annual,1,,1998-2009 2015
NY,Westchester County,county,annual,1,,1998-2025
NY,Wester,municipality,annual,1,,2003
NY,Westfield,municipality,annual,1,,2014 2020
NY,Westfield,municipality,annual,6,,2005 2017
NY,Westport,municipality,annual,1,,1999 2006
NY,Wheatfield,municipality,annual,1,,2023
NY,White Plains,municipality,annual,7,,1998-2025
NY,Whitehall,municipality,annual,6,,1998-2003 2005
NY,Whitestown,municipality,annual,1,,2021-2023
NY,Whitney Point,municipality,annual,6,,2007-2008 2012
NY,Williamson,municipality,annual,1,,2010
NY,Williamsville,municipality,annual,6,,2007
NY,Wilmington,municipality,annual,1,,2001-2002
NY,Wilna,municipality,annual,1,,1999
NY,Wilton Town Hall,municipality,annual,1,,2025
NY,Windham,municipality,annual,1,,2011-2013 2015-2016
NY,Windsor,municipality,annual,1,,2006-2008 2010
NY,Wolcott,municipality,annual,1,,2010-2012 2015 2020 2025
NY,Wolcott,municipality,annual,6,,2010 2014
NY,Woodbury,municipality,annual,1,,2011
NY,Woodhull,municipality,annual,1,,2019
NY,Woodridge,municipality,annual,8,,1998 2001 2011-2012 2017
NY,Wurtsboro,municipality,annual,6,,2011
NY,Wyoming,municipality,annual,6,,2020
NY,Wyoming County,county,annual,1,,1998-2024
NY,Yates,municipality,annual,1,,1998-2003 2005-2008 2010-2013
NY,Yates County,county,annual,1,,1998-2025
NY,Yonkers,municipality,annual,7,,1998-2020 2022-2025
NY,York,municipality,annual,1,,1999 2003 2020
NY,Yorkshire - Public Assistance Disaster Grant,municipality,annual,1,,2010-2011
NY,Yorktown,municipality,annual,1,,1998-2001 2004 2006 2008-2025
NC,Aberdeen,municipality,annual,7,,2000 2008 2011-2012 2016 2022
NC,Ahoskie,municipality,annual,7,,2005 2024
NC,Alamance County,county,annual,7,,1998-2001 2003-2025
NC,Albemarle,municipality,annual,7,,1998-2010 2013-2025
NC,Alexander County,county,annual,7,,1999-2025
NC,Alleghany County,county,annual,7,,1998-2025
NC,Andrews,municipality,annual,7,,2003 2011 2018 2023-2025
NC,Angier,municipality,annual,7,,1999 2012 2024-2025
NC,Anson County,county,annual,7,,1998 2001-2025
NC,Apex,municipality,annual,7,,2010-2013 2015-2018 2020-2023 2025
NC,Archdale,municipality,annual,7,,2003 2007 2023
NC,Arlington,municipality,annual,7,,2001
NC,Ashe County,county,annual,7,,1998-2025
NC,Asheboro,municipality,annual,7,,1998-2001 2003-2009 2013-2014 2017 2023
NC,Asheville,municipality,annual,7,,1998-2025
NC,Atkinson,municipality,annual,7,,2012
NC,Aulander,municipality,annual,7,,2001 2019
NC,Aurora,municipality,annual,7,,2001
NC,Autryville,municipality,annual,7,,1999
NC,Avery County,county,annual,7,,1998-2025
NC,Ayden,municipality,annual,7,,2000-2002 2008-2009 2011-2012 2019-2023 2025
NC,Bailey,municipality,annual,7,,1999
NC,Bakersville,municipality,annual,7,,2000-2001 2003 2017 2020
NC,Bald Head Island,municipality,annual,7,,2000 2012-2013 2020
NC,Banner Elk,municipality,annual,7,,2006 2025
NC,Bath,municipality,annual,7,,2000
NC,Bayboro,municipality,annual,7,,1998
NC,Beaufort,municipality,annual,7,,1998 2006-2009 2022-2023 2025
NC,Beaufort County,county,annual,7,,1998-2000 2002-2003 2005-2007 2009-2014 2016-2020 2022-2025
NC,Beech Mountain,municipality,annual,7,,2024-2025
NC,Belhaven,municipality,annual,7,,1999-2004 2007 2013-2015 2025
NC,Belhaven Town,municipality,annual,7,,1998
NC,Belmont,municipality,annual,7,,2003 2017 2019-2025
NC,Benson,municipality,annual,7,,2004 2011 2014-2015 2018-2019 2025
NC,Berkeley County,county,annual,7,,2024-2025
NC,Bermuda Run,municipality,annual,7,,2023
NC,Bertie County,county,annual,7,,1998-2016 2018-2023
NC,Bessemer City,municipality,annual,7,,2013-2014 2017-2018 2021 2023-2024
NC,Bethel,municipality,annual,7,,1999-2000 2002-2004
NC,Beulaville,municipality,annual,7,,2014-2015 2024-2025
NC,Beulaville Town,municipality,annual,7,,1999-2000
NC,Biltmore Forest,municipality,annual,7,,2025
NC,Biscoe,municipality,annual,7,,2015 2021
NC,Black Creek,municipality,annual,7,,2007
NC,Black Mountain,municipality,annual,7,,2010 2023 2025
NC,Bladen County,county,annual,7,,1998-2025
NC,Bladenboro,municipality,annual,7,,1999-2000 2003-2004 2024
NC,Blowing Rock,municipality,annual,7,,2010-2011 2013 2024-2025
NC,Boiling Spring Lakes,municipality,annual,7,,2006 2019-2020 2023-2025
NC,Boiling Springs,municipality,annual,7,,1998-1999
NC,Bolton,municipality,annual,7,,1998 2004 2015
NC,Boone,municipality,annual,7,,1998 2001 2003 2011 2013-2014 2018-2019 2022
NC,Boonville,municipality,annual,7,,2017 2024
NC,Brevard,municipality,annual,7,,2003 2005 2013 2015-2018 2022-2025
NC,Brunswick,municipality,annual,7,,2000 2020 2025
NC,Brunswick County,county,annual,7,,1998 2000-2001 2003-2025
NC,Bryson City,municipality,annual,7,,2005 2013-2014 2025
NC,Buncombe County,county,annual,7,,1998-2005 2007-2025
NC,Bunn,municipality,annual,7,,2014
NC,Burgaw,municipality,annual,7,,1999-2002 2010-2011
NC,Burke County,county,annual,7,,1998-2010 2012-2025
NC,Burlington,municipality,annual,7,,1998-2025
NC,Burnsville,municipality,annual,7,,2013 2019 2021 2023-2025
NC,Butner,municipality,annual,7,,2019-2020 2023 2025
NC,Cabarrus County,county,annual,7,,1998-2001 2004-2016 2018-2025
NC,Caldwell County,county,annual,7,,1998-2005 2007-2025
NC,Calypso,municipality,annual,7,,2005
NC,Camden County,county,annual,7,,1998 2001 2004-2007 2009-2017 2019-2024
NC,Canton,municipality,annual,7,,2005-2007 2019-2020 2022-2025
NC,Carolina Beach,municipality,annual,7,,2010-2011 2014 2017-2019 2023-2025
NC,Carrboro,municipality,annual,7,,1998 2013 2019 2021-2022 2024
NC,Carteret County,county,annual,7,,1998-2025
NC,Carthage,municipality,annual,7,,2000 2002-2003 2014-2017 2022-2024
NC,Carthage Town,municipality,annual,7,,1998
NC,Cary,municipality,annual,7,,1998-2025
NC,Castalia,municipality,annual,7,,1999
NC,Caswell Beach,municipality,annual,7,,2010-2012
NC,Caswell County,county,annual,7,,1998-2023
NC,Catawba County,county,annual,7,,1998-2008 2010-2025
NC,Celveland County,county,annual,7,,2012 2016 2019
NC,Chadbourn,municipality,annual,7,,2011 2017-2019 2024-2025
NC,Chapel Hill,municipality,annual,7,,1998-2025
NC,Charlotte,municipality,annual,7,,2000-2025
NC,Charlotte City,municipality,annual,7,,1998-1999
NC,Chatham County,county,annual,7,,1998-2025
NC,Cherokee County,county,annual,7,,1998-2002 2004-2025
NC,Cherryville,municipality,annual,7,,2003 2008 2020 2022-2024
NC,China Grove,municipality,annual,7,,2000-2001 2003 2006-2007 2011-2013
NC,Chocowinity,municipality,annual,7,,2002
NC,Chocowinity Town,municipality,annual,7,,1999
NC,Chowan County,county,annual,7,,1998-2005 2008-2025
NC,Claremont,municipality,annual,7,,2023
NC,Clarkton,municipality,annual,7,,2003
NC,Clay County,county,annual,7,,1998-2003 2008-2025
NC,Clayton,municipality,annual,7,,2006 2014 2017 2019 2021 2023-2025
NC,Clemmons,municipality,annual,7,,2022-2024
NC,Cleveland County,county,annual,7,,1998-1999 2001-2011 2013-2015 2017-2018 2020-2025
NC,Clinton,municipality,annual,7,,1998-1999 2003 2005 2007-2008 2010-2015 2017-2018 2025
NC,Clyde,municipality,annual,7,,2024-2025
NC,Coats,municipality,annual,7,,2025
NC,Cofield,municipality,annual,7,,2008
NC,Colerain,municipality,annual,7,,2000 2002
NC,Columbia,municipality,annual,7,,2001-2002 2010 2014-2015 2021
NC,Columbus,municipality,annual,7,,2021
NC,Columbus County,county,annual,7,,2008-2025
NC,Concord,municipality,annual,7,,2000 2002-2025
NC,Concord City,municipality,annual,7,,1998-1999
NC,Connelly Springs,municipality,annual,7,,1998 2000
NC,Conover,municipality,annual,7,,1998 2002 2005 2009-2016 2022-2025
NC,Cooleemee,municipality,annual,7,,1999
NC,Cornelius,municipality,annual,7,,2003 2016-2017 2020-2024
NC,Cramerton,municipality,annual,7,,2025
NC,Craven County,county,annual,7,,1998-2025
NC,Creedmoor,municipality,annual,7,,2012 2014-2015 2020
NC,Cumberland County,county,annual,7,,1998-1999 2001-2025
NC,Currituck County,county,annual,7,,2000 2003 2010-2011 2013-2025
NC,Dallas,municipality,annual,7,,2015 2024
NC,Dare County,county,annual,7,,1998-2005 2007-2016 2018-2025
NC,Davidson,municipality,annual,7,,2005 2023
NC,Davidson County,county,annual,7,,1998-1999 2001-2004 2006-2025
NC,Davie County,county,annual,7,,1998-2019 2021-2024
NC,Denton,municipality,annual,7,,2000 2014-2015
NC,Dobbins Heights,municipality,annual,7,,1998-2000 2006 2009
NC,Dobson,municipality,annual,7,,2007 2010 2020-2021
NC,Dover,municipality,annual,7,,2010 2017-2018
NC,Duck,municipality,annual,7,,2023-2024
NC,Dunn,municipality,annual,7,,2000 2003 2012-2015 2023-2024
NC,Dunn,municipality,biennial,,,2025
NC,Dunn City,municipality,annual,7,,1999
NC,Duplin County,county,annual,7,,1999-2016 2018-2025
NC,Durham,municipality,annual,7,,1998-2025
NC,Durham County,county,annual,7,,1998-2004 2006-2025
NC,East Arcadia,municipality,annual,7,,2002
NC,East Spencer,municipality,annual,7,,1999 2002 2023
NC,East Spencer Town,municipality,annual,7,,1998
NC,Eden,municipality,annual,7,,2001 2010-2016 2020 2022 2024-2025
NC,Edenton,municipality,annual,7,,2002 2005 2018 2020-2025
NC,Edgecombe County,county,annual,7,,1998-2025
NC,Elizabeth City,municipality,annual,7,,1998-1999 2001-2002 2004-2007 2009-2012 2021-2025
NC,Elizabethtown,municipality,annual,7,,1998 2000-2001 2006 2012-2014 2016 2018-2025
NC,Elk Park,municipality,annual,7,,2013
NC,Elk Park Town,municipality,annual,7,,1998
NC,Elkin,municipality,annual,7,,2011 2019 2022-2025
NC,Ellerbe,municipality,annual,7,,2013 2025
NC,Elm City,municipality,annual,7,,1999 2002 2009 2011
NC,Elon,municipality,annual,7,,2024
NC,Emerald Isle,municipality,annual,7,,2004 2007 2012-2013 2019-2025
NC,Enfield,municipality,annual,7,,1998 2000 2002 2005 2009-2010 2015 2018 2022-2024
NC,Everetts,municipality,annual,7,,2002
NC,Fair Bluff,municipality,annual,7,,1998 2002 2018 2020-2025
NC,Fairmont,municipality,annual,7,,1999-2004 2007 2011 2017-2018 2023 2025
NC,Faison,municipality,annual,7,,2002 2004 2016 2021
NC,Faith,municipality,annual,7,,2003-2004
NC,Fallston,municipality,annual,7,,2019-2020
NC,Farmville,municipality,annual,7,,1998-2001 2004-2005 2009-2012 2014 2018 2021-2023
NC,Fayetteville,municipality,annual,7,,1998-2005 2007-2018 2022-2025
NC,Fletcher,municipality,annual,7,,2019 2023
NC,Forest City,municipality,annual,7,,1999 2007 2011 2013 2020-2021 2023 2025
NC,Forsyth County,county,annual,7,,1998-2025
NC,Fountain,municipality,annual,7,,2020
NC,Four Oaks,municipality,annual,7,,2012 2022-2023 2025
NC,Franklin,municipality,annual,7,,2013-2015 2019 2024
NC,Franklin County,county,annual,7,,1998-2025
NC,Fremont,municipality,annual,7,,2002-2005
NC,Fuquay-Varina,municipality,annual,7,,2007 2013 2018-2021 2023-2025
NC,Garland,municipality,annual,7,,2018 2021
NC,Garner,municipality,annual,7,,2000 2003-2004 2014-2015 2021 2023
NC,Gaston County,county,annual,7,,1998-2009 2011 2013-2025
NC,Gastonia,municipality,annual,7,,1998-2006 2008-2025
NC,Gates County,county,annual,7,,1998-2003 2005-2007 2009-2025
NC,Georgetown County,county,annual,7,,2025
NC,Gibsonville,municipality,annual,7,,2017 2020-2023
NC,Glen Alpine,municipality,annual,7,,2003
NC,Glen Alpine Town,municipality,annual,7,,2000
NC,Godwin,municipality,annual,7,,2023
NC,Goldsboro,municipality,annual,7,,1999-2013 2015-2023
NC,Goldston,municipality,annual,7,,2014 2016 2023
NC,Graham,municipality,annual,7,,2000-2003 2010 2023-2025
NC,Graham County,county,annual,7,,1998-2022
NC,Granite,municipality,annual,7,,2012
NC,Granite Falls,municipality,annual,7,,1998-1999 2004-2006 2017 2025
NC,Granite Quarry,municipality,annual,7,,2022
NC,Grantsboro,municipality,annual,7,,2001 2021-2022
NC,Granville County,county,annual,7,,1999-2025
NC,Green Level,municipality,annual,7,,2010-2011 2015
NC,Greene County,county,annual,7,,1998-2025
NC,Greenevers,municipality,annual,7,,2005 2022
NC,Greensboro,municipality,annual,7,,1998-2025
NC,Greenville,municipality,annual,7,,1999 2001-2025
NC,Greenville City,municipality,annual,7,,2000
NC,Greer,municipality,annual,7,,2024-2025
NC,Grifton,municipality,annual,7,,1998 2000-2003 2005 2014 2022-2023 2025
NC,Grimesland,municipality,annual,7,,2003
NC,Guilford County,county,annual,7,,1998-2025
NC,Halifax County,county,annual,7,,1998 2001-2008 2011-2025
NC,Hamilton,municipality,annual,7,,2006 2016
NC,Hamlet,municipality,annual,7,,2002-2005 2009-2010 2024-2025
NC,Hamlet City,municipality,annual,7,,2000
NC,Harmony,municipality,annual,7,,2011
NC,Harnett County,county,annual,7,,1998-2025
NC,Harrisburg,municipality,annual,7,,2013 2017 2024
NC,Hassell,municipality,annual,7,,1999
NC,Havelock,municipality,annual,7,,1999 2002-2004 2006 2010-2012 2015 2018-2019 2022-2025
NC,Haw River,municipality,annual,7,,2012 2025
NC,Haywood County,county,annual,7,,1998-2025
NC,Henderson,municipality,annual,7,,2000 2003 2005-2006 2008-2020 2023-2025
NC,Henderson City,municipality,annual,7,,1998-1999
NC,Henderson County,county,annual,7,,1998-2003 2007-2025
NC,Hendersonville,municipality,annual,7,,2003 2010 2012 2014-2016 2020-2025
NC,Hertford,municipality,annual,7,,2004 2009-2010 2022-2025
NC,Hertford County,county,annual,7,,1998-2006 2008-2025
NC,Hertforrd,municipality,annual,7,,2003
NC,Hickory,municipality,annual,7,,1998-2016 2018-2025
NC,High Point,municipality,annual,7,,1998 2000-2025
NC,High Shoals,municipality,annual,7,,2020 2023-2024
NC,Highlands,municipality,annual,7,,2010-2011 2015-2016 2025
NC,Hildebran,municipality,annual,7,,1998 2002 2004
NC,Hillsborough,municipality,annual,7,,2004 2011-2015 2019 2024
NC,Hobgood,municipality,annual,7,,2005 2011
NC,Hoffman,municipality,annual,7,,2018 2020
NC,Hoke County,county,annual,7,,1998-1999 2011-2025
NC,Holden Beach,municipality,annual,7,,2000 2022 2025
NC,Holly Springs,municipality,annual,7,,1998 2000-2002 2011-2012 2015-2025
NC,Hookerton,municipality,annual,7,,1998 2002 2004 2023
NC,Hope M Ills,municipality,annual,7,,2006
NC,Hope Mills,municipality,annual,7,,2005 2007-2008 2015 2024-2025
NC,Huntersville,municipality,annual,7,,2006 2010-2012 2019 2021-2025
NC,Hyde County,county,annual,7,,1998-2008 2014-2018 2020-2025
NC,Indian Beach,municipality,annual,7,,2002 2004-2005 2007
NC,Indian Trail,municipality,annual,7,,2017 2021 2023-2025
NC,Iredell County,county,annual,7,,1998-2025
NC,Jackson,municipality,annual,7,,2000
NC,Jackson County,county,annual,7,,1998-2025
NC,Jacksonville,municipality,annual,7,,1998-2025
NC,Jamestown,municipality,annual,7,,2020 2022-2023 2025
NC,Jamesville,municipality,annual,7,,2002 2024-2025
NC,Jefferson,municipality,annual,7,,2004
NC,Johnston County,county,annual,7,,1999-2002 2008-2025
NC,Johnston County,county,biennial,,,1998
NC,Jones County,county,annual,7,,1998-2025
NC,Jonesville,municipality,annual,7,,2001 2003 2008 2012-2013 2022 2025
NC,Kannapolis,municipality,annual,7,,1998-2015 2019-2024
NC,Kenly,municipality,annual,7,,1999-2000 2021-2022
NC,Kernersville,municipality,annual,7,,2002-2006 2012 2014-2015 2022-2023
NC,Kill Devil Hills,municipality,annual,7,,2004-2005 2011 2022-2023
NC,King,municipality,annual,7,,2010 2015-2016 2024-2025
NC,Kings Mountain,municipality,annual,7,,1999-2003 2008-2009 2011-2012 2014-2018 2022-2025
NC,Kinston,municipality,annual,7,,1999-2000 2003 2005-2009 2011-2013 2015 2017-2025
NC,Kitty Hawk,municipality,annual,7,,2004 2006
NC,Knightdale,municipality,annual,7,,2007 2010-2015 2022-2024
NC,La Grange,municipality,annual,7,,2000 2023-2024
NC,Lake Lure,municipality,annual,7,,2001 2006 2010-2011 2022-2023
NC,Lake Waccamaw,municipality,annual,7,,2001-2002
NC,Landis,municipality,annual,7,,2007 2014-2016 2023 2025
NC,Laurinburg,municipality,annual,7,,2001 2005-2007 2010-2011 2017 2019 2021-2025
NC,Lawndale,municipality,annual,7,,2010
NC,Lee County,county,annual,7,,1998-2025
NC,Leland,municipality,annual,7,,2019 2022-2024
NC,Lenoir,municipality,annual,7,,1998-2025
NC,Lenoir County,county,annual,7,,1998-2014 2016 2018-2022 2024-2025
NC,Lenoir County,county,biennial,,,2023
NC,Lewisville,municipality,annual,7,,2015 2023-2024
NC,Lexington,municipality,annual,7,,2003 2005-2006 2008-2014 2016 2021 2023 2025
NC,Liberty,municipality,annual,7,,2000 2004 2022 2024-2025
NC,Lillington,municipality,annual,7,,2023
NC,Lincoln County,county,annual,7,,1998-2020 2022-2025
NC,Lincolnton,municipality,annual,7,,1999-2001 2020 2022-2023
NC,Littleton,municipality,annual,7,,2007
NC,Long View,municipality,annual,7,,2000 2012 2019 2023
NC,Louisburg,municipality,annual,7,,2001 2009-2012 2018 2023
NC,Lowell,municipality,annual,7,,2023-2024
NC,Lucama,municipality,annual,7,,2006 2023
NC,Lumberton,municipality,annual,7,,1998-2004 2007-2009 2011 2018-2024
NC,Macon County,county,annual,7,,1999-2025
NC,Madison,municipality,annual,7,,1998 2003 2005 2024
NC,Madison County,county,annual,7,,1998 2007 2009-2019 2021-2024
NC,Maggie Valley,municipality,annual,7,,2011
NC,Magnolia,municipality,annual,7,,2001-2002 2018 2022
NC,Maiden,municipality,annual,7,,1998 2000-2001 2004 2008 2023 2025
NC,Manteo,municipality,annual,7,,2025
NC,Marion,municipality,annual,7,,2004-2005 2010 2020-2022 2024-2025
NC,Mars Hill,municipality,annual,7,,2003 2008 2010-2012 2023
NC,Marshall,municipality,annual,7,,2002-2004 2006 2018-2019
NC,Martin County,county,annual,7,,1998-2000 2002-2004 2006-2008 2010-2025
NC,Matthews,municipality,annual,7,,2010 2016 2020 2022-2023
NC,Maxton,municipality,annual,7,,2000-2002 2010-2011 2017-2018 2025
NC,Mayodan,municipality,annual,7,,2003-2005 2011 2017
NC,Maysville,municipality,annual,7,,2020 2023-2025
NC,Mcdowell County,county,annual,7,,1998-1999 2001-2025
NC,Mebane,municipality,annual,7,,2000 2014-2015 2022-2025
NC,Mecklenburg County,county,annual,7,,1998-2000 2002-2025
NC,Middlesex,municipality,annual,7,,1999-2001 2004
NC,Middlesex,municipality,biennial,,,1998
NC,Midland,municipality,annual,7,,2015 2024
NC,Midway,municipality,annual,7,,2023
NC,Mills River,municipality,annual,7,,2011
NC,Milton,municipality,annual,7,,2009
NC,Mint Hill,municipality,annual,7,,2023-2025
NC,Mitchell County,county,annual,7,,1998-2002 2004-2025
NC,Mocksville,municipality,annual,7,,1999-2001 2017 2020-2021 2023-2025
NC,Monroe,municipality,annual,7,,1998 2000-2001 2003-2005 2007-2014 2016-2023
NC,Montgomery County,county,annual,7,,1998-2000 2003-2006 2008-2011 2013-2025
NC,Moore County,county,annual,7,,1998-2025
NC,Mooresville,municipality,annual,7,,1998 2005 2011 2013 2018-2025
NC,Morehead City,municipality,annual,7,,1998-2003 2007-2015 2017-2018 2020-2025
NC,Morganton,municipality,annual,7,,1999-2000 2003-2006 2011 2013-2015 2017 2020-2025
NC,Morganton City,municipality,annual,7,,1998
NC,Morrisville,municipality,annual,7,,2003 2014 2018-2019 2021-2025
NC,Mount Airy,municipality,annual,7,,1998-2005 2007-2008 2016 2021 2023
NC,Mount Gilead,municipality,annual,7,,2015-2016 2020
NC,Mount Holly,municipality,annual,7,,1998-2003 2012-2013 2022-2025
NC,Mount Olive,municipality,annual,7,,2005 2007-2008 2010 2012-2013 2019 2022-2025
NC,Mount Pleasant,municipality,annual,7,,2004 2023-2025
NC,Mt Gilead,municipality,annual,7,,1999
NC,Mt. Gilead,municipality,annual,7,,2001
NC,Mt. Olive,municipality,annual,7,,2018 2020
NC,Murfreesboro,municipality,annual,7,,2000 2005 2024-2025
NC,Murphy,municipality,annual,7,,2010-2011 2019-2020 2023-2025
NC,Murphy`,municipality,annual,7,,2014
NC,Nags Head,municipality,annual,7,,2000 2019-2020 2022-2023 2025
NC,Nash County,county,annual,7,,1998-2006 2008-2025
NC,Nashville,municipality,annual,7,,2001-2002 2005 2008 2023 2025
NC,New Bern,municipality,annual,7,,1999-2008 2010-2013 2015-2016 2019-2025
NC,New Bern City,municipality,annual,7,,1998
NC,New Hanover County,county,annual,7,,1998-2025
NC,Newland,municipality,annual,7,,1999 2006-2008
NC,Newport,municipality,annual,7,,2000-2002 2008 2014-2016 2023
NC,Newton,municipality,annual,7,,1998 2001 2008 2014-2015 2022-2025
NC,Norlina,municipality,annual,7,,2015
NC,North Topsail Beach,municipality,annual,7,,1999 2006 2015-2016 2019-2022
NC,North Wilkesboro,municipality,annual,7,,1998-2003 2015 2022-2023
NC,Northampton County,county,annual,7,,1998-2007 2010-2014 2016-2025
NC,Northhampton County,county,annual,7,,2015
NC,Northwest,municipality,annual,7,,2002
NC,Norwood,municipality,annual,7,,2022-2023
NC,Oak City,municipality,annual,7,,1999
NC,Oak Island,municipality,annual,7,,2000 2007 2009-2011 2018-2019 2021-2024
NC,Oakboro,municipality,annual,7,,2011 2014
NC,Oakboro Town,municipality,annual,7,,1999
NC,Old Fort,municipality,annual,7,,1998 2004-2005 2025
NC,Onslow County,county,annual,7,,1998-2013 2015-2025
NC,Orange County,county,annual,7,,1998-2025
NC,Ossipee,municipality,annual,7,,2017
NC,Oxford,municipality,annual,7,,2002 2005-2006 2008 2013 2015 2019-2021 2023-2025
NC,Pamlico County,county,annual,7,,1998 2000-2002 2004-2007 2009-2025
NC,Paquotank County,county,annual,7,,2006
NC,Parkton,municipality,annual,7,,2015
NC,Parmele,municipality,annual,7,,2022
NC,Pasquotank County,county,annual,7,,1998-2005 2007-2014 2016-2025
NC,Pembroke,municipality,annual,7,,2000 2003-2006 2012-2013 2025
NC,Pender County,county,annual,7,,1998-2000 2003-2012 2014-2024
NC,Perquimans County,county,annual,7,,1998-2025
NC,Person County,county,annual,7,,1998-2003 2005-2025
NC,Pikeville,municipality,annual,7,,2021
NC,Pilot Mountain,municipality,annual,7,,2002
NC,Pine Knoll Shores,municipality,annual,7,,2003-2004 2006-2007 2012-2013 2019-2020 2023-2024
NC,Pine Level,municipality,annual,7,,2010-2011 2022
NC,Pinebluff,municipality,annual,7,,2014
NC,Pinehurst,municipality,annual,7,,2000 2009 2015
NC,Pineville,municipality,annual,7,,2023-2025
NC,Pink Hill,municipality,annual,7,,2001
NC,Pitt County,county,annual,7,,1998-2025
NC,Pittsboro,municipality,annual,7,,2011 2013
NC,Plymouth,municipality,annual,7,,1999-2001 2003-2005 2007 2018 2021
NC,Plymouth,municipality,annual,10,,2002
NC,Polk County,county,annual,7,,1998-2022 2024-2025
NC,Polkton,municipality,annual,7,,2001 2006
NC,Pollocksville,municipality,annual,7,,2024-2025
NC,Pollucksville,municipality,annual,7,,2000
NC,Princeton,municipality,annual,7,,2005 2012 2023
NC,Princeville,municipality,annual,7,,2001 2003 2021
NC,Raeford,municipality,annual,7,,2010 2020 2023
NC,Raleigh,municipality,annual,7,,1998-2025
NC,Ramsuer,municipality,annual,7,,2004
NC,Randleman,municipality,annual,7,,1998 2013
NC,Randolph County,county,annual,7,,1998-2025
NC,Ranlo,municipality,annual,7,,2023-2024
NC,Red Springs,municipality,annual,7,,2005 2009 2011-2012 2019-2023 2025
NC,Reidsville,municipality,annual,7,,1998-1999 2003 2010 2015-2017 2020-2021 2023-2025
NC,Rhodhiss,municipality,annual,7,,1998 2018-2019
NC,Rich Square,municipality,annual,7,,2021
NC,Richmond County,county,annual,7,,1998-1999 2002-2025
NC,River Bend,municipality,annual,7,,2023
NC,Roanoke Rapids,municipality,annual,7,,2000-2004 2006-2008 2011 2013 2022-2023
NC,Robbins,municipality,annual,7,,1998-1999 2003 2020-2021
NC,Robbinsville,municipality,annual,7,,2002 2011-2015 2017-2018
NC,Robersonville,municipality,annual,7,,2001-2003 2014-2016
NC,Robersonville Town,municipality,annual,7,,2000
NC,Robeson County,county,annual,7,,1998-2000 2005 2008-2009 2011 2013-2025
NC,Rockingham,municipality,annual,7,,2001-2004 2006 2009 2014-2015 2020 2023
NC,Rockingham City,municipality,annual,7,,1999
NC,Rockingham County,county,annual,7,,1998-2025
NC,Rockwell,municipality,annual,7,,2007
NC,Rocky Mount,municipality,annual,7,,2000-2025
NC,Rocky Mount City,municipality,annual,7,,1998-1999
NC,Rolesville,municipality,annual,7,,2023-2025
NC,Ronda,municipality,annual,7,,2010-2011
NC,Roper,municipality,annual,7,,2003 2018 2020
NC,Rose Hill,municipality,annual,7,,2003 2007 2013-2014
NC,Roseboro,municipality,annual,7,,2023-2025
NC,Rosman,municipality,annual,7,,2004
NC,Rowan County,county,annual,7,,1998-2003 2006-2025
NC,Rowland,municipality,annual,7,,1998 2000-2001
NC,Rowland Town Hall,municipality,annual,7,,2025
NC,Roxboro,municipality,annual,7,,2007-2011 2022-2025
NC,Rural Hall,municipality,annual,7,,2023
NC,Rutherford College,municipality,annual,7,,1998 2001-2002 2008
NC,Rutherford County,county,annual,7,,1999-2025
NC,Rutherfordton,municipality,annual,7,,2014 2022
NC,Salisbury,municipality,annual,7,,1998-2025
NC,Saluda,municipality,annual,7,,2020-2021
NC,Sampson County,county,annual,7,,1998 2000-2025
NC,Sandyfield,municipality,annual,7,,2002
NC,Sanford,municipality,annual,7,,2000-2003 2005 2007-2013 2017 2021-2025
NC,Sanford City,municipality,annual,7,,1999
NC,Saratoga,municipality,annual,7,,2020 2025
NC,Sawmills,municipality,annual,7,,2016 2023
NC,Sawmills Town,municipality,annual,7,,1999 2003
NC,Scotland County,county,annual,7,,1998-2016 2023-2024
NC,Scotland Neck,municipality,annual,7,,2000 2018-2019
NC,Seagrove,municipality,annual,7,,2008
NC,Selma,municipality,annual,7,,1998-1999 2002-2003 2006 2010-2013 2019 2022-2025
NC,Seven Devils,municipality,annual,7,,2006
NC,Seven Springs,municipality,annual,7,,2002
NC,Shallotte,municipality,annual,7,,2000 2008 2023
NC,Shallotte Town,municipality,annual,7,,1998-1999
NC,Sharpsburg,municipality,annual,7,,1999 2002-2003 2011-2013 2019 2024
NC,Shelby,municipality,annual,7,,1998-2025
NC,Siler City,municipality,annual,7,,1999 2006 2015-2016 2019-2020
NC,Sims,municipality,annual,7,,2001-2002
NC,Smithfield,municipality,annual,7,,1998 2000-2001 2010 2015 2019 2023-2025
NC,Snow Hill,municipality,annual,7,,2001-2002 2015
NC,Southern Pines,municipality,annual,7,,2000-2001 2010 2025
NC,Southport,municipality,annual,7,,2010 2021
NC,Sparta,municipality,annual,7,,2009 2020-2021 2024-2025
NC,Spencer,municipality,annual,7,,2025
NC,Spindale,municipality,annual,7,,2000 2014 2017-2019 2025
NC,Spring Hope,municipality,annual,7,,2002 2008
NC,Spruce Pine,municipality,annual,7,,1998-2001 2013-2014 2017 2025
NC,St Pauls,municipality,annual,7,,2025
NC,St. James,municipality,annual,7,,2012 2023
NC,St. Pauls,municipality,annual,7,,2005
NC,Stallings,municipality,annual,7,,2023-2025
NC,Stanley,municipality,annual,7,,1998 2017-2018 2020 2025
NC,Stanly County,county,annual,7,,1998-2006 2008-2025
NC,Statesville,municipality,annual,7,,1999-2007 2009-2016 2020-2025
NC,Stokes County,county,annual,7,,1998-2025
NC,Stoneveille,municipality,annual,7,,2019
NC,Stoneville,municipality,annual,7,,2002-2004
NC,Stonveille,municipality,annual,7,,2020-2021
NC,Stovall,municipality,annual,7,,1999
NC,Sunset Beach,municipality,annual,7,,2001 2023
NC,Surf City,municipality,annual,7,,2019-2021 2023
NC,Surfside Beach,municipality,annual,7,,2025
NC,Surry County,county,annual,7,,1998-2025
NC,Swain County,county,annual,7,,1998-2025
NC,Swepsonville,municipality,annual,7,,2004
NC,Sylva,municipality,annual,7,,1999-2003
NC,Tabor City,municipality,annual,7,,1998 2000-2001 2003-2004 2012 2018-2019 2021-2024
NC,Tabor City Town Hall,municipality,annual,7,,2025
NC,Tarboro,municipality,annual,7,,1998-2003 2007 2012 2015 2017-2018 2022-2025
NC,Taylorsville,municipality,annual,7,,2000-2001 2007 2013-2015 2017-2018
NC,Taylortown,municipality,annual,7,,2021-2022
NC,Thomasville,municipality,annual,7,,1998-1999 2002-2003 2005-2009 2011-2012 2014-2015 2017-2025
NC,Topsail Beach,municipality,annual,7,,1999-2000 2004 2013 2015 2019-2021 2025
NC,Transylvania County,county,annual,7,,1998-2006 2008-2025
NC,Transyvania County,county,annual,7,,2007
NC,Trenton,municipality,annual,7,,1998
NC,Trinity,municipality,annual,7,,2007-2008 2010-2011 2014-2015 2023 2025
NC,Troutman,municipality,annual,7,,2015 2023
NC,Troy,municipality,annual,7,,1998-1999 2003-2004 2007 2019 2023 2025
NC,Tyrrell County,county,annual,7,,1998 2002-2007 2010-2025
NC,Union County,county,annual,7,,1998-2025
NC,Valdese,municipality,annual,7,,2000-2003 2006 2008-2009 2011 2018 2021-2022 2025
NC,Vance County,county,annual,7,,1998-2011 2013-2014 2016-2025
NC,Vass,municipality,annual,7,,1998 2001 2007
NC,Wadesboro,municipality,annual,7,,1998-2000 2002-2003 2007 2015 2020 2022-2025
NC,Wagram,municipality,annual,7,,2002
NC,Wake County,county,annual,7,,1998-2025
NC,Wake Forest,municipality,annual,7,,1998-2000 2011 2014 2017-2025
NC,Walkertown,municipality,annual,7,,2002-2004
NC,Wallace,municipality,annual,7,,2000-2001 2005 2007 2020-2023
NC,Wallace Town,municipality,annual,7,,1999
NC,Wallburg,municipality,annual,7,,2012
NC,Walnut Cove,municipality,annual,7,,2024-2025
NC,Walnut Creek,municipality,annual,7,,2001
NC,Walstonburg,municipality,annual,7,,2001 2025
NC,Walstonburg Town,municipality,annual,7,,1999
NC,Warren County,county,annual,7,,1998-2025
NC,Warrenton,municipality,annual,7,,2007 2019-2021
NC,Warsaw,municipality,annual,7,,1998-1999 2002-2003 2010-2011 2014 2018-2019 2021-2023
NC,Washington,municipality,annual,7,,1998-1999 2002-2007 2009-2014 2016 2018 2020-2025
NC,Washington County,county,annual,7,,1998-2000 2002-2004 2006-2011 2016-2025
NC,Watauga County,county,annual,7,,1998-2025
NC,Waxhaw,municipality,annual,7,,2022-2024
NC,Wayne County,county,annual,7,,1999-2000 2002-2025
NC,Waynesville,municipality,annual,7,,1999-2000 2002-2003 2009-2013 2022-2024
NC,Weaverville,municipality,annual,7,,2024-2025
NC,Weaverville Town,municipality,annual,7,,1998
NC,Wendell,municipality,annual,7,,2006-2008 2022 2025
NC,West Jefferson,municipality,annual,7,,2000-2002 2019-2020
NC,Whitakers,municipality,annual,7,,2022-2023
NC,Whiteville,municipality,annual,7,,2000-2003 2007-2009 2020 2023-2024
NC,Whiteville Town,municipality,annual,7,,1999
NC,Wilkes County,county,annual,7,,1998-2007 2009-2025
NC,Wilkesboro,municipality,annual,7,,2005-2006 2014-2015 2019 2022-2023
NC,Williamston,municipality,annual,7,,1998 2000-2005 2007 2012 2014-2017 2021 2024
NC,Wilmington,municipality,annual,7,,1998-2025
NC,Wilson,municipality,annual,7,,2000-2025
NC,Wilson City,municipality,annual,7,,1998-1999
NC,Wilson County,county,annual,7,,1998-2025
NC,Wilson's Mills,municipality,annual,7,,2017
NC,Windsor,municipality,annual,7,,2000-2004 2006 2011 2014 2019-2020 2022 2024-2025
NC,Winfall,municipality,annual,7,,2001 2003
NC,Wingate,municipality,annual,7,,2023
NC,Winston Salem,municipality,annual,7,,2006-2008 2010 2015
NC,Winston-Salem,municipality,annual,7,,1998-2005 2009 2011-2014 2016-2025
NC,Winterville,municipality,annual,7,,1999 2001 2005 2019-2020 2022-2023 2025
NC,Winton,municipality,annual,7,,2001
NC,Winton Town,municipality,annual,7,,1999
NC,Woodfin,municipality,annual,7,,2022 2025
NC,Woodland,municipality,annual,7,,2023-2024
NC,Wrightsville Beach,municipality,annual,7,,1998 2001
NC,Yadkin County,county,annual,7,,1998-2008 2010-2025
NC,Yadkinville,municipality,annual,7,,2008-2009
NC,Yancey County,county,annual,7,,1998-2025
NC,Yanceyville,municipality,annual,7,,2001 2011-2012 2020 2025
NC,Yanceyville Town,municipality,annual,7,,1999
NC,Youngsville,municipality,annual,7,,2010 2023
NC,Zebulon,municipality,annual,7,,2000-2001 2021 2024
ND,Adams County,county,biennial,,,2010
ND,Adams County,county,biennial,,,2014
ND,Adams County,county,biennial,,,2020
ND,Adams County,county,biennial,,,2024
ND,Arthur,municipality,annual,1,,2016
ND,Ashley,municipality,annual,1,,2003-2004
ND,Barnes County,county,annual,1,,1998 2000-2004 2010-2014
ND,Benson County,county,annual,1,,1998-2006 2010-2014
ND,Berthold,municipality,biennial,,,2015
ND,Beulah,municipality,annual,1,,2014 2024
ND,Billings County,county,annual,1,,1999-2020 2022-2023
ND,Billings County,county,biennial,,,1998
ND,Bismarck,municipality,annual,1,,1998-1999 2001-2025
ND,Bottineau,municipality,biennial,,,2005
ND,Bottineau County,county,annual,1,,2000-2006 2010-2012 2019-2020
ND,Bottineau County,county,annual,7,,1999
ND,Bowbells,municipality,biennial,,,2013
ND,Bowbells,municipality,biennial,,,2015
ND,Bowdon,municipality,annual,1,,2011
ND,Bowman County,county,biennial,,,2012
ND,Bowman County,county,biennial,,,2014
ND,Bowman County,county,biennial,,,2016
ND,Bowman County,county,biennial,,,2018
ND,Bowman County,county,biennial,,,2020
ND,Bowman County,county,biennial,,,2022
ND,Bowman County,county,biennial,,,2024
ND,Burke County,county,annual,1,,2010
ND,Burleigh County,county,annual,1,,1998-2017 2020-2024
ND,Burlington,municipality,biennial,,,2012
ND,Carrington,municipality,annual,1,,1998 2000
ND,Cass County,county,annual,1,,1998-2017 2020-2025
ND,Casselton,municipality,annual,1,,2004-2005 2009
ND,Casselton,municipality,biennial,,,1998
ND,Cavalier,municipality,annual,1,,2009-2010 2015 2017 2020
ND,Cavalier County,county,annual,1,,1999 2001-2002 2005-2006 2009 2011-2013 2018 2020 2023-2024
ND,Cavalier County,county,biennial,,,2007
ND,Center,municipality,annual,1,,2021
ND,Churchs Ferry,municipality,annual,1,,2000
ND,Cooperstown,municipality,annual,1,,2006
ND,Devils Lake,municipality,annual,1,,1998-2015 2017 2020
ND,Dickey County,county,annual,1,,1998-2002 2006 2010 2013-2014 2020 2023
ND,Dickey County,county,biennial,,,2009
ND,Dickey County,county,biennial,,,2012
ND,Dickinson,municipality,annual,1,,2000 2004-2005 2009-2016 2019-2021 2023
ND,Divide County,county,annual,1,,2011-2012 2014
ND,Dodge,municipality,annual,1,,2019
ND,Drake,municipality,biennial,,,2006
ND,Drayton,municipality,biennial,,,1998
ND,Drayton,municipality,biennial,,,2000
ND,Drayton,municipality,biennial,,,2002
ND,Dunn County,county,annual,1,,2011-2024
ND,Dunn County,county,biennial,,,2010
ND,Edgeley,municipality,annual,1,,2011
ND,Elgin,municipality,annual,1,,2023
ND,Elgin,municipality,biennial,,,2019
ND,Emerado,municipality,annual,1,,2001
ND,Emmons County,county,biennial,,,2010
ND,Enderlin,municipality,annual,1,,2010-2011
ND,Fargo,municipality,annual,1,,2000-2025
ND,Fargo City,municipality,annual,1,,1998-1999
ND,Fessenden,municipality,biennial,,,2013
ND,Finley,municipality,biennial,,,2010
ND,Forman,municipality,biennial,,,2001
ND,Forman,municipality,biennial,,,2003
ND,Forman,municipality,biennial,,,2005
ND,Fosston,municipality,annual,1,,2025
ND,Foster County,county,annual,1,,2001 2010 2012
ND,Garrision,municipality,annual,1,,2016 2020
ND,Garrison,municipality,annual,1,,2015
ND,Glen Ullin,municipality,annual,1,,2001-2002 2018 2023
ND,Glenburn,municipality,annual,1,,2019
ND,Golden Valley County,county,annual,1,,1998-2003 2007-2012 2014-2024
ND,Grafton,municipality,annual,1,,2001-2002 2004-2010 2012-2016 2020 2024
ND,Grafton City,municipality,annual,1,,1998-1999
ND,Grand Forks,municipality,annual,1,,1998-2024
ND,Grand Forks County,county,annual,1,,1998-2017 2020-2024
ND,Griggs County,county,annual,1,,1999-2002 2004
ND,Gwinner,municipality,biennial,,,1999
ND,Hankinson,municipality,biennial,,,2002
ND,Hankinson,municipality,biennial,,,2004
ND,Hankinson,municipality,biennial,,,2008
ND,Harvey,municipality,annual,1,,2010 2012 2015
ND,Harwood,municipality,other,,44,2003
ND,Hatton,municipality,annual,1,,2008
ND,Hebron,municipality,annual,1,,2017
ND,Hillsboro,municipality,annual,1,,1999 2006 2013-2014
ND,Hillsboro,municipality,biennial,,,2012
ND,Hope,municipality,annual,1,,2003-2004
ND,Horace,municipality,annual,1,,2021
ND,Jamestown,municipality,annual,1,,1999-2015 2017-2022
ND,Jamestown City,municipality,annual,1,,1998
ND,Kenmare,municipality,biennial,,,2011
ND,Kenmare,municipality,biennial,,,2013
ND,Kidder County,county,biennial,,,2010
ND,Kidder County,county,biennial,,,2012
ND,Kittson County,county,annual,1,,2022
ND,Kulm,municipality,biennial,,,2010
ND,Lakota,municipality,annual,1,,1998 2002
ND,Lamoure,municipality,annual,1,,2012 2016-2017 2021
ND,Lamoure County,county,annual,1,,1998-1999 2005 2010 2012 2020 2024
ND,Langdon,municipality,annual,1,,2003-2006 2013 2017-2018
ND,Larimore,municipality,biennial,,,2003
ND,Leeds,municipality,annual,1,,2016
ND,Lidgerwood,municipality,biennial,,,1999
ND,Lidgerwood,municipality,biennial,,,2000
ND,Lincoln,municipality,annual,1,,2004
ND,Linton,municipality,annual,1,,2002
ND,Linton,municipality,biennial,,,2013
ND,Linton,municipality,biennial,,,2015
ND,Linton,municipality,biennial,,,2019
ND,Linton-,municipality,biennial,,,2017
ND,Lisbon,municipality,annual,1,,1998-2003 2006 2010
ND,Logan County,county,biennial,,,2013
ND,Maddock,municipality,annual,1,,2012
ND,Mandan,municipality,annual,1,,1998-2004 2008-2025
ND,Mayville,municipality,annual,1,,2001-2004 2007-2009 2024
ND,Mchenry County,county,annual,1,,2010-2015
ND,Mchenry County,county,biennial,,,2002
ND,Mchenry County,county,biennial,,,2006
ND,Mcintosh County,county,biennial,,,2012
ND,Mckenzie County,county,annual,1,,1998-2023
ND,Mclean County,county,annual,1,,2012
ND,Mclean County,county,biennial,,,2010
ND,Mclean County,county,biennial,,,2014
ND,Mclean County,county,biennial,,,2016
ND,Mclean County,county,biennial,,,2020
ND,Mercer County,county,annual,1,,2023
ND,Mercer County,county,biennial,,,2010
ND,Mercer County,county,biennial,,,2020
ND,Michigan,municipality,biennial,,,2010
ND,Milnor,municipality,biennial,,,2005
ND,Milnor,municipality,biennial,,,2006
ND,Minnewaukan,municipality,annual,1,,2012-2014
ND,Minnewaukan,municipality,biennial,,,2000
ND,Minnewaukan,municipality,biennial,,,2002
ND,Minnewauken,municipality,biennial,,,1998
ND,Minot,municipality,annual,1,,1998-2025
ND,Minto,municipality,annual,1,,2011
ND,Mohall,municipality,annual,1,,2010 2016 2018 2020
ND,Morton County,county,annual,1,,1998-2007 2009-2014 2020 2022-2024
ND,Mott,municipality,biennial,,,2010
ND,Mountrail County,county,annual,1,,1999 2002 2009-2010 2012 2017 2020 2023-2024
ND,Mountrail County,county,biennial,,,2019
ND,Mountrail County,county,biennial,,,2022
ND,Munich,municipality,annual,1,,2010
ND,Nelson County,county,biennial,,,1998
ND,Nelson County,county,biennial,,,2000
ND,Nelson County,county,biennial,,,2002
ND,Nelson County,county,biennial,,,2004
ND,Nelson County,county,biennial,,,2012
ND,Nelson County,county,biennial,,,2013
ND,New Engla,municipality,biennial,,,2016
ND,New Engla,municipality,biennial,,,2018
ND,New Engla,municipality,biennial,,,2020
ND,New Rockford,municipality,biennial,,,2020
ND,New Rockford,municipality,biennial,,,2022
ND,New Salem,municipality,annual,1,,2023
ND,New Salem,municipality,biennial,,,2019
ND,New Salem,municipality,biennial,,,2021
ND,New Town,municipality,annual,1,,2016-2018 2020-2021 2024
ND,Northwood,municipality,annual,1,,2006-2011
ND,Oakes,municipality,annual,1,,2009-2011
ND,Oakes,municipality,biennial,,,2001
ND,Oakes,municipality,biennial,,,2003
ND,Oakes,municipality,biennial,,,2005
ND,Oakes,municipality,biennial,,,2007
ND,Park River,municipality,annual,1,,2005-2006 2008-2009
ND,Park River,municipality,biennial,,,2011
ND,Parshall,municipality,annual,1,,2011 2014 2017
ND,Parshall,municipality,biennial,,,2010
ND,Pembina,municipality,biennial,,,1998
ND,Pembina,municipality,biennial,,,2000
ND,Pembina County,county,annual,1,,1998-2014 2020 2023-2024
ND,Pierce County,county,annual,1,,1998-2002 2004-2006 2010 2012-2013
ND,Portla,municipality,biennial,,,2003
ND,Ramsey County,county,annual,1,,1998-2007 2009-2015
ND,Ransom County,county,annual,1,,1998-1999 2010 2012 2020
ND,Ray,municipality,annual,1,,2014-2016
ND,Ray,municipality,biennial,,,2011
ND,Ray,municipality,biennial,,,2013
ND,Renville County,county,annual,1,,2012 2022
ND,Richardton,municipality,annual,1,,2022
ND,Richland County,county,annual,1,,1998-2015 2017 2020-2021 2023-2024
ND,Riverdale,municipality,annual,1,,2020
ND,Rolette,municipality,annual,1,,2017
ND,Rolette County,county,annual,1,,1999-2002 2004 2020 2022
ND,Rolette County,county,biennial,,,2010
ND,Rolette County,county,biennial,,,2012
ND,Rolette County,county,biennial,,,2014
ND,Rolla,municipality,annual,1,,2004-2005 2013-2015
ND,Rolla,municipality,biennial,,,2018
ND,Rolla,municipality,biennial,,,2020
ND,Roseau,municipality,annual,1,,2025
ND,Rugby,municipality,annual,1,,2005 2009 2022
ND,Sargent County,county,annual,1,,1998-2001
ND,Sargent County,county,biennial,,,2007
ND,Sargent County,county,biennial,,,2013
ND,Sargent County,county,biennial,,,2020
ND,Slope County,county,annual,1,,2009-2010 2013-2023
ND,Slope County,county,biennial,,,1998
ND,Slope County,county,biennial,,,2004
ND,Slope County,county,biennial,,,2006
ND,Slope County,county,biennial,,,2008
ND,Slope County,county,biennial,,,2011
ND,Slope County,county,biennial,,,2012
ND,St John,municipality,biennial,,,2001
ND,Stanley,municipality,annual,1,,2011 2013 2023
ND,Stark County,county,annual,1,,1998-2015 2017 2020-2022
ND,Steele County,county,annual,1,,2010
ND,Steele County,county,biennial,,,2008
ND,Steele County,county,biennial,,,2013
ND,Steele County,county,biennial,,,2023
ND,Steele County,county,biennial,,,2024
ND,Streeter,municipality,annual,1,,2014
ND,Stutsman County,county,annual,1,,1998-2006 2008-2016 2020-2024
ND,Tioga,municipality,annual,1,,2015
ND,Tower City,municipality,other,,36,2004
ND,Towner County,county,annual,1,,1998-1999 2006 2012
ND,Towner County,county,biennial,,,2014
ND,Traill County,county,annual,1,,1998-2002 2008-2011 2020 2023-2024
ND,Traill County,county,biennial,,,2022
ND,Valley City,municipality,annual,1,,1998-1999 2001-2005 2008-2014 2017-2020 2023-2024
ND,Velva,municipality,annual,1,,2006 2009
ND,Wahpeton,municipality,annual,1,,1998-2000 2002-2004 2008-2009 2018 2020 2022
ND,Walhalla,municipality,annual,1,,1998-1999 2014
ND,Walsh County,county,annual,1,,1998-2005 2010-2015 2020-2021
ND,Ward County,county,annual,1,,1998-2002 2006-2017 2020 2022-2024
ND,Warroad,municipality,annual,1,,2025
ND,Washburn,municipality,annual,1,,2010 2014-2015
ND,Washburn,municipality,biennial,,,2022
ND,Watford City,municipality,annual,1,,2015-2016
ND,Watford City,municipality,biennial,,,1999
ND,Watford City,municipality,biennial,,,2009
ND,Wells County,county,annual,1,,2001-2002
ND,Wells County,county,biennial,,,2011
ND,Wells County,county,biennial,,,2013
ND,West Fargo,municipality,annual,1,,1998-1999 2001-2002 2006-2007 2009 2011 2020-2024
ND,Williams County,county,annual,1,,1998-2015 2017 2019 2021-2023
ND,Williston,municipality,annual,1,,1999 2001-2024
ND,Williston City,municipality,annual,1,,1998
ND,Wilton,municipality,annual,1,,2022-2024
ND,Wing,municipality,annual,1,,2023
OH,Ada,municipality,annual,1,,2007 2010 2012-2015
OH,Adams County,county,annual,1,,1998 2000-2005 2007 2009-2024
OH,Adelphi,municipality,annual,1,,1999-2000
OH,Adena,municipality,annual,1,,2003 2014
OH,Akron,municipality,annual,1,,1998-2025
OH,Albany,municipality,annual,1,,2004-2005
OH,Alexandria,municipality,annual,1,,2006-2007
OH,Allen County,county,annual,1,,1998-2007 2009-2021 2023-2024
OH,Allen County,county,biennial,,,2022
OH,Alliance,municipality,annual,1,,1998-2025
OH,Amesville,municipality,annual,1,,2000
OH,Amherst,municipality,annual,1,,2002 2005 2022
OH,Anderson Township,township,annual,1,,2020
OH,Arcadia,municipality,annual,1,,1999-2001
OH,Arcanum,municipality,annual,1,,2017-2019
OH,Ashland,municipality,annual,1,,2000-2003 2005-2014 2019-2020 2023-2024
OH,Ashland County,county,annual,1,,1998-2024
OH,Ashtabula,municipality,annual,1,,1999-2003 2005-2006 2008-2015 2020-2021
OH,Ashtabula County,county,annual,1,,1998-2002 2005-2024
OH,Athens,municipality,annual,1,,1998-2021 2023-2025
OH,Athens County,county,annual,1,,1998-2017 2019-2024
OH,Auburn Township,township,annual,1,,2011-2012
OH,Auglaize County,county,annual,1,,1998-2020 2022-2024
OH,Aurora,municipality,annual,1,,2010 2014 2020-2022 2024
OH,Austintown Township,township,annual,1,,1998 2000-2002 2009 2011 2020 2022
OH,Avon,municipality,annual,1,,2009 2015-2016 2020 2022
OH,Avon Lake,municipality,annual,1,,1999 2020 2022
OH,Bainbridge Township,township,annual,1,,2006
OH,Barberton,municipality,annual,1,,1998-2016 2018 2020-2025
OH,Barnesville,municipality,annual,1,,2001 2010
OH,Batavia Township,township,annual,1,,2020
OH,Bath Township,township,annual,1,,2003 2020
OH,Bay Village,municipality,annual,1,,2020
OH,Bay Village,municipality,annual,7,,2004
OH,Beach City,municipality,annual,1,,2004-2005
OH,Beachwood,municipality,annual,1,,2020
OH,Beaver,municipality,annual,1,,2001
OH,Beavercreek,municipality,annual,1,,2003 2007-2022 2024-2025
OH,Beavercreek Township,township,annual,1,,2020
OH,Bedford,municipality,annual,1,,2002-2004 2010 2020
OH,Bedford Heights,municipality,annual,1,,2014
OH,Bellaire,municipality,annual,1,,2000-2002
OH,Belle Center,municipality,annual,1,,2001
OH,Bellefontaine,municipality,annual,1,,2002-2006 2009-2014 2020 2022-2023
OH,Bellevue,municipality,annual,1,,2001 2005 2017 2025
OH,Belmont,municipality,biennial,,,2007
OH,Belmont County,county,annual,1,,1998-2021 2023-2024
OH,Berea,municipality,annual,1,,1998 2001-2005 2017-2018 2020 2025
OH,Bettsville,municipality,annual,1,,2004-2005
OH,Bexley,municipality,annual,1,,2020
OH,Blanchester,municipality,annual,1,,2012
OH,Blue Ash,municipality,annual,1,,1998-2003 2009 2011 2013 2020 2022-2024
OH,Bluefield,municipality,annual,7,,2025
OH,Bluffton,municipality,annual,1,,2003 2021
OH,Boardman Township,township,annual,1,,2020-2022 2024-2025
OH,Bowling Green,municipality,annual,1,,1998-1999 2001-2020 2022-2024
OH,Bradford,municipality,annual,1,,2006
OH,Bradford,municipality,biennial,,,2012
OH,Bratenahl,municipality,biennial,,,2009
OH,Brecksville,municipality,annual,1,,2002 2016-2017 2022 2025
OH,Bridgeport,municipality,annual,1,,2003
OH,Bridgeport,municipality,biennial,,,2007
OH,Brimfield Township,township,annual,1,,2022-2023
OH,Bristol Township,township,annual,1,,2010-2011
OH,Broadview Heights,municipality,annual,1,,2002-2003 2019-2020 2022
OH,Brook Park,municipality,annual,1,,1999 2003-2004 2007-2009 2020
OH,Brooklyn,municipality,annual,1,,2001-2002 2016 2020 2022-2023
OH,Brookville,municipality,annual,1,,2024
OH,Brown County,county,annual,1,,1999-2000 2002-2024
OH,Brunswick,municipality,annual,1,,1998-2000 2003 2005 2010 2012-2014 2020-2021
OH,Bryan,municipality,annual,1,,2000-2003 2005 2008-2011 2013-2015 2019-2020 2022-2024
OH,Buckeye Lake,municipality,biennial,,,2010
OH,Bucyrus,municipality,annual,1,,2007-2010 2013-2018 2020-2025
OH,Butler County,county,annual,1,,1998 2000-2024
OH,Byesville,municipality,annual,1,,2010
OH,Cadiz,municipality,annual,1,,1999 2004
OH,Cairo,municipality,annual,1,,2013
OH,Caldwell,municipality,annual,1,,1998 2008
OH,Cambridge,municipality,annual,1,,2000-2006 2008 2010-2018 2020-2025
OH,Cambridge-Guernsey County,municipality,annual,1,,1998-1999
OH,Campbell,municipality,annual,1,,2012-2013
OH,Canal Fulton,municipality,annual,1,,2016
OH,Canal Winchester,municipality,annual,1,,2012 2024
OH,Canfield,municipality,annual,1,,2003-2004 2022 2024
OH,Canton,municipality,annual,1,,1998 2003-2025
OH,Canton Township,township,annual,1,,2012
OH,Carey,municipality,annual,1,,2017
OH,Carlisle,municipality,annual,1,,2012
OH,Carroll County,county,annual,1,,1998-2025
OH,Carrollton,municipality,annual,1,,2002 2011-2013
OH,Celina,municipality,annual,1,,2000 2003-2008
OH,Centerville,municipality,annual,1,,2010 2020 2024
OH,Chagrin Falls,municipality,biennial,,,2006
OH,Champaign County,county,annual,1,,2001-2004 2006 2008-2024
OH,Champion Township,township,annual,1,,2020
OH,Chardon,municipality,annual,1,,2007
OH,Chester Township,township,annual,1,,2021
OH,Chesterhill,municipality,biennial,,,2003
OH,Cheviot,municipality,annual,1,,2009
OH,Chickasaw,municipality,annual,1,,2005
OH,Chillicothe,municipality,annual,1,,1998-2025
OH,Cincinnati,municipality,annual,1,,1998-2012
OH,Cincinnati,municipality,annual,7,,2014-2025
OH,Circleville,municipality,annual,1,,1998-2003 2007 2009-2011 2013 2020 2024
OH,Clark County,county,annual,1,,1998-2000 2002-2025
OH,Clayton,municipality,annual,1,,2020 2023
OH,Clearcreek Township,township,annual,1,,2011-2012 2020
OH,Clermont County,county,annual,1,,1998-2025
OH,Cleveland,municipality,annual,1,,1998-2025
OH,Cleveland Heights,municipality,annual,1,,1998-2023
OH,Clinton County,county,annual,1,,1999-2025
OH,Coalton,municipality,annual,1,,2011-2012 2022
OH,Coldwater,municipality,annual,1,,2020
OH,Colerain Township,township,annual,1,,2020
OH,Columbiana,municipality,annual,1,,2012 2017-2019 2022 2024
OH,Columbiana County,county,annual,1,,1998-2024
OH,Columbus,municipality,annual,1,,1998-2025
OH,Columbus Grove,municipality,annual,1,,2007
OH,Concord Township,township,annual,1,,2014 2020
OH,Conneaut,municipality,annual,1,,1998-2003 2005-2006 2009 2011 2020 2023
OH,Continental,municipality,annual,1,,2013
OH,Copley Township,township,annual,1,,2020
OH,Corning,municipality,annual,1,,2000-2001
OH,Coshocton,municipality,annual,1,,1998 2000-2003 2005 2007 2009-2011 2013 2020-2022
OH,Coshocton County,county,annual,1,,1998-2008 2011-2024
OH,Coventry Township,township,annual,1,,2020
OH,Crawford County,county,annual,1,,1998-1999 2001-2024
OH,Crestline,municipality,annual,1,,2007 2009 2011 2023-2024
OH,Crooksville,municipality,annual,1,,2009 2018-2019
OH,Crown City,municipality,annual,1,,2013
OH,Cumberland,municipality,annual,1,,2014
OH,Cuyahoga County,county,annual,1,,1998-2024
OH,Cuyahoga Falls,municipality,annual,1,,1999-2016 2018 2020-2024
OH,Cygnet,municipality,biennial,,,2002
OH,Darke County,county,annual,1,,1998-2001 2004 2006 2010-2025
OH,Dayton,municipality,annual,1,,1998-2024
OH,Deerfield Township,township,annual,1,,2020-2022
OH,Defiance,municipality,annual,1,,1998 2000-2001 2003 2006-2007 2009-2016 2020-2024
OH,Defiance County,county,annual,1,,1998-2024
OH,Delaware,municipality,annual,1,,1998-2008 2011-2024
OH,Delaware County,county,annual,1,,1998-2018 2020-2025
OH,Delhi Township,township,annual,1,,2012 2020-2023
OH,Delphos,municipality,annual,1,,2002 2006-2007
OH,Delta,municipality,annual,1,,2017 2019 2023
OH,Delware,municipality,annual,1,,2010
OH,Dennison,municipality,annual,1,,1998 2002 2004 2006
OH,Deshler,municipality,annual,1,,2011
OH,Dillonvale,municipality,annual,1,,2000
OH,Dover,municipality,annual,1,,2005 2011 2013 2016 2020 2022-2024
OH,Dresden,municipality,annual,1,,1998
OH,Dublin,municipality,annual,1,,1998 2009 2011-2012 2020
OH,Dunkirk,municipality,annual,1,,2011-2012
OH,East Cleveland,municipality,annual,1,,1998 2008-2020
OH,East Liverpool,municipality,annual,1,,1998-1999 2001-2003 2005-2006 2008 2011-2012 2014 2017 2020-2022 2024
OH,East Palestine,municipality,annual,1,,1998-1999 2001 2003 2005-2006 2008 2020-2024
OH,Eastlake,municipality,annual,1,,2002-2003 2020 2022-2024
OH,Edison,municipality,annual,1,,2000
OH,Edison,municipality,biennial,,,1998
OH,Elyria,municipality,annual,1,,1998-2020 2022-2024
OH,Englewood,municipality,annual,1,,1999-2002 2004 2006 2020 2023
OH,Erie County,county,annual,1,,1998-2025
OH,Euclid,municipality,annual,1,,1998-2005 2007-2024
OH,Evendale,municipality,biennial,,,2012
OH,Fairborn,municipality,annual,1,,1999-2003 2008 2010-2015 2018-2025
OH,Fairfax,municipality,annual,1,,2013-2014
OH,Fairfield,municipality,annual,1,,1998 2000-2001 2003-2005 2007-2009 2011-2014 2016 2018-2020 2022-2025
OH,Fairfield County,county,annual,1,,1998-2024
OH,Fairfield Township,township,annual,1,,2020 2023
OH,Fairlawn,municipality,annual,1,,2020-2023
OH,Fairview Park,municipality,annual,1,,2019-2021 2024
OH,Fayette,municipality,annual,1,,2013 2024
OH,Fayette County,county,annual,1,,2000-2001 2005-2024
OH,Findlay,municipality,annual,1,,1999-2025
OH,Florida,municipality,annual,1,,2005
OH,Flushing,municipality,annual,1,,2011
OH,Forest Park,municipality,annual,1,,2012 2015 2020
OH,Fort Jennings,municipality,annual,1,,1998
OH,Fort Recovery,municipality,annual,1,,2010-2011 2024
OH,Fort Recovery,municipality,biennial,,,1998
OH,Fostoria,municipality,annual,1,,2002 2005 2008 2011-2015 2021 2023
OH,Frankfort,municipality,annual,1,,2011
OH,Franklin,municipality,annual,1,,2020 2023
OH,Franklin County,county,annual,1,,1998-2024
OH,Frazeysburg,municipality,annual,1,,2005
OH,Frazeysburg,municipality,biennial,,,2004
OH,Fremont,municipality,annual,1,,1998-1999 2005 2008 2010-2013 2017-2018 2020-2021 2023-2024
OH,Fulton County,county,annual,1,,1998-2000 2002-2024
OH,Gahanna,municipality,annual,1,,2020
OH,Galion,municipality,annual,1,,2003 2006-2009 2022 2024
OH,Gallia County,county,annual,1,,1998-2002 2004-2024
OH,Gallipolis,municipality,annual,1,,2000
OH,Garfield Heights,municipality,annual,1,,1998 2000-2002 2013 2020-2021
OH,Geauga County,county,annual,1,,1998-2024
OH,Geneva,municipality,annual,1,,1999 2001-2002 2011 2020 2024-2025
OH,Geneva-On-The-Lake,municipality,annual,1,,2016
OH,Genoa,municipality,annual,1,,2024
OH,Genoa,municipality,biennial,,,2001
OH,Genoa Township,township,annual,1,,2020 2022
OH,Gettysburg,municipality,annual,1,,2003 2008
OH,Girard,municipality,annual,1,,1998-2005 2007-2010 2013 2017
OH,Glenmont,municipality,annual,1,,2024
OH,Gnadenhutten,municipality,biennial,,,2023
OH,Golf Manor,municipality,annual,1,,2012
OH,Goshen Township,township,annual,1,,2020
OH,Goshen Township,township,biennial,,,2014
OH,Grandview Heights,municipality,annual,1,,2016 2020 2023
OH,Green,municipality,annual,1,,2006-2007 2010 2013-2015 2017 2019-2025
OH,Green,municipality,biennial,,,2009
OH,Green Township,township,annual,1,,2020-2022
OH,Greene County,county,annual,1,,1999-2024
OH,Greenfield,municipality,annual,1,,2001 2003 2007 2012 2015
OH,Greenfield,municipality,biennial,,,2005
OH,Greenfield City,municipality,annual,1,,1998
OH,Greenville,municipality,annual,1,,1998-2013 2020-2024
OH,Grove City,municipality,annual,1,,2002-2004 2010 2012 2020
OH,Guerney County,county,annual,1,,2012
OH,Guernsey County,county,annual,1,,1998-1999 2001-2011 2013-2022 2024
OH,Hamden,municipality,biennial,,,2007
OH,Hamilton,municipality,annual,1,,2000 2002 2006-2025
OH,Hamilton County,county,annual,1,,1998-2003 2007-2024
OH,Hamilton!,municipality,annual,1,,1998-1999 2003-2005
OH,Hancock County,county,annual,1,,1998-2021 2023-2024
OH,Hanover,municipality,biennial,,,2007
OH,Hardin County,county,annual,1,,1998-2019 2021-2024
OH,Harrisburg,municipality,biennial,,,2010
OH,Harrison County,county,annual,1,,2000-2001 2008-2024
OH,Harrison Township,township,annual,1,,2019-2020
OH,Hartford,municipality,biennial,,,2005
OH,Hartville,municipality,annual,1,,2013-2014
OH,Hayesville,municipality,annual,1,,2023-2024
OH,Hayesville,municipality,biennial,,,2006
OH,Heath,municipality,annual,1,,2000 2002-2003
OH,Hebron,municipality,annual,1,,1999
OH,Henry County,county,annual,1,,1998 2001 2003-2024
OH,Hicksville,municipality,annual,1,,2022-2023
OH,Highland,municipality,biennial,,,2007
OH,Highland County,county,annual,1,,2000-2001 2003 2005-2007 2009-2024
OH,Hilliard,municipality,annual,1,,2008 2010 2020-2022
OH,Hillsboro,municipality,annual,1,,2000 2002-2006 2023
OH,Hocking County,county,annual,1,,1998-2002 2009-2014 2016-2024
OH,Holloway,municipality,annual,1,,2016
OH,Holmes County,county,annual,1,,1998-2025
OH,Howland Township,township,annual,1,,2020
OH,Hoytville,municipality,annual,1,,2007
OH,Huber Heights,municipality,annual,1,,1999-2000 2002 2007-2008 2010 2013-2014 2019-2021 2024
OH,Hudson,municipality,annual,1,,2004 2012-2014 2016-2017 2020-2025
OH,Huron,municipality,annual,1,,2002 2020 2023
OH,Huron County,county,annual,1,,1999-2007 2009-2024
OH,Independence,municipality,annual,1,,2017-2024
OH,Ironton,municipality,annual,1,,1998-2001 2003 2005 2010-2014 2019-2020 2022
OH,Jackson,municipality,annual,1,,1998-2002 2009-2010 2023-2025
OH,Jackson County,county,annual,1,,1998-1999 2002-2003 2006-2024
OH,Jackson Township,township,annual,1,,2013 2017 2020 2023
OH,Jefferson County,county,annual,1,,2000-2024
OH,Jeffersonville,municipality,annual,1,,2005
OH,Jenera,municipality,annual,1,,2008
OH,Jewett,municipality,annual,1,,1998
OH,Kent,municipality,annual,1,,1998-2006 2008-2009 2011-2014 2016-2025
OH,Kenton,municipality,annual,1,,2001 2024
OH,Kenton - Hardin County,municipality,annual,1,,1998-1999
OH,Kettering,municipality,annual,1,,1998-2025
OH,Killbuck,municipality,biennial,,,2008
OH,Kirtland,municipality,annual,1,,2020
OH,Knox County,county,annual,1,,1998-2024
OH,Lake County,county,annual,1,,1999-2024
OH,Lake Township,township,annual,1,,2020 2024
OH,Lakemore,municipality,annual,1,,2023-2024
OH,Lakewood,municipality,annual,1,,1998-2006 2009-2025
OH,Lancaster,municipality,annual,1,,1998-2024
OH,Larue,municipality,annual,1,,1998-1999
OH,Laurelville,municipality,annual,1,,2022
OH,Lawrence County,county,annual,1,,1999-2005 2007-2024
OH,Lebanon,municipality,annual,1,,2013-2014 2020 2022-2024
OH,Leesburg,municipality,annual,1,,2023
OH,Leetonia,municipality,annual,1,,2001
OH,Leipsic,municipality,annual,1,,2012-2013 2019
OH,Liberty Township,township,annual,1,,2011 2020
OH,Licking County,county,annual,1,,1999-2007 2009-2024
OH,Lima,municipality,annual,1,,1998-2008 2012-2025
OH,Lindsey,municipality,annual,1,,2014
OH,Lisbon,municipality,annual,1,,2002-2003
OH,Logan,municipality,annual,1,,1999 2002 2018-2021 2024
OH,Logan County,county,annual,1,,2001-2005 2008 2013-2024
OH,London,municipality,annual,1,,1998-1999 2001-2003
OH,Lorain,municipality,annual,1,,1998-2024
OH,Lorain County,county,annual,1,,1999-2024
OH,Lordstown,municipality,annual,1,,2003 2005
OH,Lore City,municipality,annual,1,,2017-2018
OH,Loudonville,municipality,annual,1,,2001
OH,Louisville,municipality,annual,1,,2010
OH,Loveland,municipality,annual,1,,2025
OH,Lowellville,municipality,annual,1,,2014
OH,Lucas County,county,annual,1,,1998-2025
OH,Luckey,municipality,annual,1,,2006-2007
OH,Lynchburg,municipality,annual,1,,2010
OH,Lyndhurst,municipality,annual,1,,2020 2022
OH,Lyons,municipality,annual,1,,2003
OH,Macedonia,municipality,annual,1,,2009 2020
OH,Madison County,county,annual,1,,1998-2024
OH,Madison Township,township,annual,1,,2004 2020
OH,Magnolia,municipality,annual,1,,2000-2001
OH,Mahoning County,county,annual,1,,1998-2001 2003 2005-2024
OH,Mahoning County,county,biennial,,,2002
OH,Malinta,municipality,annual,1,,2010
OH,Malta,municipality,annual,1,,2000
OH,Malvern,municipality,annual,1,,1998-1999
OH,Mansfield,municipality,annual,1,,1998-2024
OH,Maple Heights,municipality,annual,1,,1999-2000 2002-2004 2010 2020-2021 2023-2024
OH,Marblehead,municipality,annual,1,,2016
OH,Marietta,municipality,annual,1,,2000-2023
OH,Marion,municipality,annual,1,,2000-2021
OH,Marion City,municipality,annual,1,,1998
OH,Marion County,county,annual,1,,1999-2024
OH,Marshallville,municipality,annual,1,,2024
OH,Martins Ferry,municipality,annual,1,,1998-1999 2001-2002 2012
OH,Marysville,municipality,annual,1,,2005 2009 2011-2014 2018-2021
OH,Mason,municipality,annual,1,,2011-2014 2016-2017 2020-2024
OH,Massillon,municipality,annual,1,,1998-2024
OH,Massillon City Hall,municipality,annual,1,,2025
OH,Matamoras,municipality,annual,1,,2017
OH,Matamoras,municipality,biennial,,,2016
OH,Maumee,municipality,annual,1,,2003 2013 2020 2024
OH,Mayfield,municipality,annual,1,,2002-2003 2006 2009 2014
OH,Mayfield Heights,municipality,annual,1,,2020 2023
OH,Mcconnelsville,municipality,annual,1,,2002
OH,Mcconnelsville,municipality,biennial,,,2013
OH,Medina,municipality,annual,1,,2002-2003 2005-2006 2009 2012-2014 2016-2024
OH,Medina County,county,annual,1,,1998-2024
OH,Meigs County,county,annual,1,,1999-2024
OH,Mentor,municipality,annual,1,,2000-2001 2003-2007 2010-2012 2014-2018 2020-2025
OH,Mentor-On-The-Lake,municipality,annual,1,,2008-2009
OH,Mercer County,county,annual,1,,1998 2000-2001 2003-2023 2025
OH,Metamora,municipality,annual,1,,2006
OH,Miami County,county,annual,1,,1998-2024
OH,Miami Township,township,annual,1,,2003 2020-2021 2024
OH,Miami Township,township,biennial,,,2001
OH,Miamisburg,municipality,annual,1,,2011 2014-2015 2021
OH,Middeltown,municipality,annual,1,,2000-2001
OH,Middleburg Heights,municipality,annual,1,,1999 2006 2020 2024
OH,Middletown,municipality,annual,1,,2002-2025
OH,Middletown City,municipality,annual,1,,1999
OH,Mifflin Township,township,annual,1,,2004
OH,Milford,municipality,annual,1,,1999
OH,Miller City,municipality,annual,1,,2002
OH,Minster,municipality,annual,1,,2011-2012 2022-2023
OH,Monroe,municipality,annual,1,,2020
OH,Monroe County,county,annual,1,,1998-2000 2002-2024
OH,Monroeville,municipality,annual,1,,2000-2001
OH,Montgomery,municipality,annual,1,,2012 2020-2021 2023
OH,Montgomery County,county,annual,1,,2007-2019 2021-2024
OH,Montomery County,county,annual,1,,1998-2006
OH,Montpelier,municipality,annual,1,,1999 2023-2024
OH,Montville Township,township,annual,1,,2011
OH,Moraine,municipality,annual,1,,2010-2011 2013 2016 2019-2020 2022
OH,Morgan County,county,annual,1,,2002-2024
OH,Morrow County,county,annual,1,,1999-2024
OH,Mount Blanchard,municipality,annual,1,,2009
OH,Mount Gilead,municipality,biennial,,,2006
OH,Mount Sterling,municipality,annual,1,,2013
OH,Mount Vernon,municipality,annual,1,,2000-2003 2005 2007 2010-2013 2015-2016 2018 2020-2021 2023
OH,Mount Vernon City,municipality,annual,1,,1998
OH,Murray City,municipality,annual,1,,2010
OH,Muskingum County,county,annual,1,,1998-2024
OH,Napoleon,municipality,annual,1,,2000 2003 2005 2011 2013-2015 2018
OH,Navarre,municipality,annual,1,,2017-2018
OH,Nelsonville,municipality,annual,1,,2020-2023
OH,New Albany,municipality,annual,1,,2010 2023-2024
OH,New Bloomington,municipality,biennial,,,1999
OH,New Boston,municipality,annual,1,,2021-2022
OH,New Bremen,municipality,biennial,,,2023
OH,New Concord,municipality,annual,1,,2011
OH,New Franklin,municipality,annual,1,,2013 2020 2022-2023 2025
OH,New Holland,municipality,biennial,,,2012
OH,New Lexington,municipality,annual,1,,2002
OH,New London,municipality,annual,1,,2014-2015
OH,New Madison,municipality,annual,1,,2002 2024-2025
OH,New Paris,municipality,annual,1,,2003
OH,New Paris,municipality,biennial,,,2002
OH,New Philadelphia,municipality,annual,1,,1998-2003 2006-2011 2013 2018 2020-2024
OH,New Philadelphia,municipality,biennial,,,2005
OH,New Richmond,municipality,annual,1,,1999
OH,New Washington,municipality,annual,1,,1999-2000
OH,New Waterford,municipality,biennial,,,2023
OH,Newark,municipality,annual,1,,1999-2024
OH,Newburgh Heights,municipality,annual,1,,2018
OH,Newburgh Heights,municipality,biennial,,,2013
OH,Newcomerstown,municipality,annual,1,,2004
OH,Newton Falls,municipality,annual,1,,2006-2009
OH,Ney,municipality,annual,1,,2010
OH,Niles,municipality,annual,1,,1999-2000 2004-2005 2009-2012 2014 2016 2018-2024
OH,Noble County,county,annual,1,,1998-2020 2022-2024
OH,North Baltimore,municipality,annual,1,,1999 2001 2011-2014 2016
OH,North Canton,municipality,annual,1,,2004 2006 2010-2014 2020-2023
OH,North Olmsted,municipality,annual,1,,2011-2012 2020
OH,North Ridgeville,municipality,annual,1,,2000-2003 2005 2012-2013 2020-2021
OH,North Royalton,municipality,annual,1,,2004-2005 2007 2020-2021 2025
OH,Norton,municipality,annual,1,,2014-2015 2018 2020 2022-2025
OH,Norwalk,municipality,annual,1,,1998-1999 2005-2007 2010 2013-2014 2017 2020 2022-2024
OH,Norwood,municipality,annual,1,,2020 2022
OH,Oak Harbor,municipality,annual,1,,2020-2022
OH,Oakwood,municipality,annual,1,,1999
OH,Oberlin,municipality,annual,1,,1998 2005 2007 2012 2020
OH,Obetz,municipality,annual,1,,2003
OH,Ohio City,municipality,annual,1,,2009-2010
OH,Olmsted Falls,municipality,annual,1,,2009-2011
OH,Olmsted Township,township,biennial,,,2011
OH,Ontario,municipality,annual,1,,2014-2015
OH,Oregon,municipality,annual,1,,1998-2004 2007-2015 2017-2020 2022-2024
OH,Orrville,municipality,annual,1,,2003 2007 2009 2015
OH,Orwell,municipality,annual,1,,2003-2004
OH,Ottawa,municipality,annual,1,,2006-2009 2011 2014
OH,Ottawa County,county,annual,1,,1998-2001 2003-2024
OH,Ottawa Hills,municipality,annual,1,,2022
OH,Ottoville,municipality,annual,1,,2010
OH,Oxford,municipality,annual,1,,1998-1999 2003 2013 2020-2024
OH,Painesville,municipality,annual,1,,2000-2002 2005 2009-2010 2012 2020 2024
OH,Painesville Township,township,annual,1,,2020
OH,Paineville,municipality,annual,1,,2011
OH,Pandora,municipality,annual,1,,2024
OH,Parma,municipality,annual,1,,1998-1999 2001-2024
OH,Parma Heights,municipality,annual,1,,2001 2003-2004 2010 2013 2020 2022
OH,Pataskala,municipality,annual,1,,2013 2016
OH,Paulding,municipality,annual,1,,2012-2013 2024
OH,Paulding County,county,annual,1,,1999 2006-2019 2021-2024
OH,Pease Township,township,annual,1,,2022
OH,Perkins Township,township,annual,1,,2020
OH,Perry,municipality,annual,1,,2006
OH,Perry County,county,annual,1,,1998 2001-2003 2005-2012 2014-2020 2022
OH,Perry Township,township,annual,1,,2021
OH,Perrysburg,municipality,annual,1,,2010-2012 2020-2023
OH,Perrysburg Township,township,annual,1,,2020
OH,Pickaway County,county,annual,1,,1999-2015 2017-2024
OH,Pickaway Township,township,biennial,,,2022
OH,Pickerington,municipality,annual,1,,1998 2006-2007 2017 2019-2020 2022
OH,Pike County,county,annual,1,,1998-2004 2006-2024
OH,Piketon,municipality,annual,1,,2024
OH,Pioneer,municipality,annual,1,,2017 2022
OH,Piqua,municipality,annual,1,,1998-2000 2002-2003 2008 2010-2015 2017 2020 2023-2024
OH,Piqua City,municipality,annual,1,,2004-2007
OH,Plain Township,township,annual,1,,2020
OH,Pleasant City,municipality,biennial,,,2004
OH,Plymouth,municipality,annual,1,,2010
OH,Pomeroy,municipality,annual,1,,1999
OH,Portage County,county,annual,1,,1999-2022 2024-2025
OH,Portsmouth,municipality,annual,1,,1998-2024
OH,Powell,municipality,annual,1,,2012 2020 2022
OH,Prairie Township,township,annual,1,,2020
OH,Preble County,county,annual,1,,1998 2005-2024
OH,Pultney Township,township,annual,1,,2022-2023
OH,Put-In-Bay,municipality,annual,1,,2014
OH,Put-In-Bay,municipality,biennial,,,2009
OH,Putnam County,county,annual,1,,1999-2014 2016-2024
OH,Quaker City,municipality,annual,1,,2003 2018
OH,Quincy,municipality,annual,1,,2003
OH,Racine,municipality,annual,1,,2017
OH,Racine,municipality,biennial,,,2006
OH,Ravenna,municipality,annual,1,,1998-2005 2008 2010-2011 2013-2014 2020 2022-2023
OH,Ravenna Township,township,annual,1,,1998-1999 2006
OH,Rawson,municipality,annual,1,,2002
OH,Reminderville,municipality,annual,1,,2005 2011
OH,Reminderville,municipality,biennial,,,2004
OH,Republic,municipality,annual,1,,2002
OH,Reynoldsburg,municipality,annual,1,,2020
OH,Richland County,county,annual,1,,1998 2001-2024
OH,Richmond Heights,municipality,annual,1,,2020
OH,Ridgeway,municipality,biennial,,,2008
OH,Ridgeway,municipality,biennial,,,2010
OH,Rio Grande,municipality,annual,1,,2022
OH,Ripley,municipality,annual,7,,2025
OH,Rittman,municipality,annual,1,,2020 2022
OH,Riverside,municipality,annual,1,,1998-2001 2020 2022
OH,Rockford,municipality,annual,1,,2023
OH,Rocky River,municipality,annual,1,,2018 2020
OH,Rome Township,township,biennial,,,2020
OH,Ross County,county,annual,1,,1998-1999 2001-2025
OH,Rossburg,municipality,annual,1,,2006
OH,Rossford,municipality,annual,1,,2020
OH,Roswell,municipality,annual,1,,2004
OH,Rush Township,township,annual,1,,2015
OH,Rushville,municipality,annual,1,,2002-2003
OH,Russells Point,municipality,annual,1,,2024-2025
OH,Russells Point,municipality,biennial,,,2011
OH,Rutland Township,township,annual,1,,2003
OH,Sagamore Hills Township,township,annual,1,,2020
OH,Salem,municipality,annual,1,,1999-2003 2010 2020
OH,Salineville,municipality,annual,1,,2005
OH,Sandusky,municipality,annual,1,,2000-2015 2017-2019 2021-2025
OH,Sandusky,municipality,annual,7,,2020
OH,Sandusky City,municipality,annual,1,,1998-1999
OH,Sandusky County,county,annual,1,,1998-2020 2022-2024
OH,Scioto County,county,annual,1,,2001 2003 2012-2024
OH,Scioto Township,township,annual,1,,2022-2024
OH,Sebring,municipality,biennial,,,2013
OH,Seneca County,county,annual,1,,1998-2024
OH,Seven Hills,municipality,annual,1,,2007 2020
OH,Shadyside,municipality,annual,1,,2015
OH,Shaker Heights,municipality,annual,1,,1999-2025
OH,Sharonville,municipality,annual,1,,2003 2010 2020 2023-2024
OH,Shawnee,municipality,annual,1,,2003
OH,Shawnee,municipality,biennial,,,2002
OH,Shawnee Hills,municipality,annual,1,,2001
OH,Shawnee Township,township,annual,1,,2020
OH,Sheffield,municipality,annual,1,,2018
OH,Sheffield Lake,municipality,annual,1,,2006 2009 2020
OH,Shelby,municipality,annual,1,,2008-2012 2016-2018 2020 2022
OH,Shelby County,county,annual,1,,1998-2024
OH,Shreve,municipality,annual,1,,2002
OH,Sidney,municipality,annual,1,,1999-2025
OH,Solon,municipality,annual,1,,2014-2015 2019-2021 2024
OH,Somerset,municipality,annual,1,,2012
OH,South Euclid,municipality,annual,1,,2007 2020-2021 2023
OH,South Lebanon,municipality,annual,1,,2018
OH,South Point,municipality,annual,1,,2000-2001 2024
OH,South Solon,municipality,annual,1,,2004-2005
OH,Spring Valley,municipality,annual,1,,2005
OH,Springboro,municipality,annual,1,,2017 2020
OH,Springdale,municipality,annual,1,,2010 2020 2022-2023
OH,Springfield,municipality,annual,1,,1998-2023
OH,Springfield Township,township,annual,1,,2008 2020 2022-2024
OH,Springfield Township,township,biennial,,,2018
OH,St. Clairsville,municipality,annual,1,,1998 2002 2004-2005 2007-2010 2023-2024
OH,St. Louisville,municipality,annual,1,,2014
OH,St. Marys,municipality,annual,1,,2002 2007 2019-2021
OH,Stark County,county,annual,1,,1998-2024
OH,Steubenville,municipality,annual,1,,2000 2002 2004-2025
OH,Stockport,municipality,biennial,,,2014
OH,Stoutsville,municipality,biennial,,,2008
OH,Stow,municipality,annual,1,,2000-2001 2003-2005 2009-2017 2019-2020 2022-2023
OH,Strasburg,municipality,biennial,,,2002
OH,Streetsboro,municipality,annual,1,,2015 2020
OH,Strongsville,municipality,annual,1,,1999 2001 2003-2006 2008-2011 2016 2020-2021 2023-2024
OH,Struthers,municipality,annual,1,,2002
OH,Struthers,municipality,biennial,,,2023
OH,Sugarcreek Township,township,annual,1,,2006
OH,Sugarcreek Township,township,biennial,,,2014
OH,Summit County,county,annual,1,,1998-2024
OH,Swanton,municipality,annual,1,,2024
OH,Sycamore,municipality,annual,1,,2014
OH,Sycamore Township,township,annual,1,,2019-2021
OH,Sylvania,municipality,annual,1,,2020 2023-2024
OH,Sylvania Township,township,annual,1,,1999-2000 2019-2020
OH,Symmes Township,township,biennial,,,2020
OH,Tallmadge,municipality,annual,1,,2006-2007 2010 2016 2020-2022
OH,Tiffin,municipality,annual,1,,2001-2003 2007-2012 2014 2017-2020 2022-2023
OH,Tipp City,municipality,annual,1,,2005-2006 2011 2016-2018
OH,Toledo,municipality,annual,1,,1998-2024
OH,Toronto,municipality,annual,1,,2003 2009 2014
OH,Trenton,municipality,annual,1,,2020 2022
OH,Trotwood,municipality,annual,1,,2000-2003 2005-2012 2020 2023-2024
OH,Troy,municipality,annual,1,,2000 2009 2020-2025
OH,Trumbull County,county,annual,1,,1998-2024
OH,Turtlecreek Township,township,annual,1,,2020
OH,Tuscarawas County,county,annual,1,,1998-2024
OH,Twinsburg,municipality,annual,1,,2005 2007 2010 2012 2020 2022-2024
OH,Uhrichsville,municipality,annual,1,,1999 2001-2003 2008
OH,Union,municipality,annual,1,,2024-2025
OH,Union County,county,annual,1,,1998-1999 2003-2024
OH,Union Township,township,annual,1,,2020 2023
OH,University Heights,municipality,annual,1,,2020
OH,Upper Arlington,municipality,annual,1,,2012 2018 2020 2022-2024
OH,Upper Sandusky,municipality,annual,1,,2012 2023-2024
OH,Upper Sandusky,municipality,biennial,,,2002
OH,Urbana,municipality,annual,1,,2000-2007 2009-2013 2017 2019-2020 2022 2024
OH,Valley View,municipality,annual,1,,2001 2019
OH,Valley View,municipality,biennial,,,2018
OH,Van Buren,municipality,biennial,,,2004
OH,Van Wert,municipality,annual,1,,1998-2001 2004-2008 2022
OH,Van Wert County,county,annual,1,,1999-2024
OH,Vandalia,municipality,annual,1,,2008 2014 2020 2025
OH,Vanlue,municipality,annual,1,,2009-2010
OH,Vermilion,municipality,annual,1,,2002 2009 2013 2018 2020 2023-2024
OH,Verona,municipality,annual,1,,2007-2008
OH,Versailles,municipality,annual,1,,2001
OH,Versailles,municipality,biennial,,,2013
OH,Vinton County,county,annual,1,,2000-2013 2015 2017 2019-2024
OH,Violet Township,township,annual,1,,2020
OH,Wadsworth,municipality,annual,1,,2000-2003 2005 2007-2008 2010-2014 2016 2020
OH,Waldo,municipality,annual,1,,2013
OH,Wapakoneta,municipality,annual,1,,2005 2013 2015 2022-2023
OH,Warren,municipality,annual,1,,1998-2015 2017-2025
OH,Warren County,county,annual,1,,1998-1999 2001-2024
OH,Warrensville Heights,municipality,annual,1,,2011-2012 2020-2021
OH,Washington,municipality,annual,1,,1999-2003
OH,Washington City,municipality,annual,1,,1998
OH,Washington County,county,annual,1,,1999-2024
OH,Washington Court House,municipality,annual,1,,2005 2013 2020
OH,Washington Township,township,annual,1,,2020 2022-2023
OH,Washington Township Richland County,county,annual,1,,2024
OH,Waterford Township,township,annual,1,,2020
OH,Waterville,municipality,annual,1,,2011 2014
OH,Wauseon,municipality,annual,1,,2010 2016
OH,Waverly,municipality,annual,1,,2024
OH,Wayne,municipality,annual,1,,2005
OH,Wayne County,county,annual,1,,1998-2024
OH,Wayne Lakes,municipality,annual,1,,2023-2024
OH,Wayne Township Clermont County,county,annual,1,,2010
OH,Wellington,municipality,annual,1,,2003
OH,Wellston,municipality,annual,1,,1999 2001-2002 2011-2012
OH,West Alexandria - Preble County,municipality,annual,1,,2019-2020
OH,West Carrollton,municipality,annual,1,,2010 2020-2021
OH,West Chester Township,township,annual,1,,2020 2022
OH,West Lafayette,municipality,biennial,,,2013
OH,West Leipsic,municipality,annual,1,,2003
OH,West Manchester,municipality,biennial,,,2005
OH,Westerville,municipality,annual,1,,2003 2006 2013-2020 2025
OH,Westlake,municipality,annual,1,,2000-2002 2011-2013 2015-2016 2020 2023-2024
OH,Whitehall,municipality,annual,1,,2000 2002-2003 2005 2010-2011 2020 2025
OH,Whitehouse,municipality,annual,1,,2024
OH,Wickliffe,municipality,annual,1,,2020
OH,Willard,municipality,annual,1,,2024
OH,Williams County,county,annual,1,,2000-2024
OH,Willoughby,municipality,annual,1,,2020 2023 2025
OH,Willoughby Hills,municipality,annual,1,,2010 2020
OH,Willowick,municipality,annual,1,,2003-2004 2020
OH,Wilmington,municipality,annual,1,,1998-2015 2020-2024
OH,Wintersville,municipality,annual,1,,2020
OH,Wood County,county,annual,1,,1998-2025
OH,Woodmere,municipality,annual,1,,2023
OH,Woodsfield,municipality,annual,1,,2009 2020
OH,Woodstock,municipality,annual,1,,1998
OH,Wooster,municipality,annual,1,,2002-2003 2005-2006 2008-2018 2020-2024
OH,Wooster-Ein Previous Rpts Noted,municipality,annual,1,,2019
OH,Worthington,municipality,annual,1,,2019-2020 2022 2025
OH,Wyandot County,county,annual,1,,1998-2025
OH,Xenia,municipality,annual,1,,1998-2002 2005-2006 2008-2009 2011-2014 2019-2021 2023-2024
OH,Xenia City,municipality,annual,1,,2003
OH,Yellow Springs,municipality,annual,1,,2024
OH,York Township,township,annual,1,,1999
OH,Youngstown,municipality,annual,1,,1998-2024
OH,Zanesville,municipality,annual,1,,1998-2007 2009-2014 2017-2025
OK,Ada,municipality,annual,7,,2003-2004 2006 2008-2010 2014-2017 2021-2025
OK,Adair County,county,annual,7,,2001 2009
OK,Alabama Quassarte Tribal Town,municipality,annual,10,,2000 2003-2009
OK,Alfalfa County,county,annual,7,,2021
OK,Altus,municipality,annual,7,,2002-2005 2009 2011 2014-2015 2019 2021-2024
OK,Altus City,municipality,annual,7,,1999-2000
OK,Alva,municipality,annual,7,,2010-2011 2023-2025
OK,Anadarko,municipality,annual,1,,2008
OK,Anadarko,municipality,annual,7,,2021-2022 2024-2025
OK,Antlers,municipality,annual,7,,1999
OK,Ardmore,municipality,annual,7,,1999-2004 2006-2011 2020-2025
OK,Arkoma,municipality,annual,7,,2014
OK,Atoka,municipality,annual,1,,2008-2013
OK,Atoka,municipality,annual,7,,2004
OK,Atoka County,county,annual,7,,1999 2001-2002 2012
OK,Barnsdall,municipality,annual,7,,2025
OK,Bartlesville,municipality,annual,7,,2001 2003-2008 2010-2014 2021-2023
OK,Beaver,municipality,annual,7,,2010 2024
OK,Bessie,municipality,annual,7,,2007
OK,Bethany,municipality,annual,7,,2002-2003 2005-2007 2021-2025
OK,Bixby,municipality,annual,7,,2006 2008-2013 2021-2022
OK,Blackwell,municipality,annual,7,,2000 2002 2007 2015 2025
OK,Blaine County,county,annual,7,,2002-2003
OK,Blanchard,municipality,annual,7,,1998 2015-2016 2018 2023-2024
OK,Boise City,municipality,annual,7,,2023
OK,Bokoshe,municipality,annual,7,,2005
OK,Bristow,municipality,annual,7,,2016 2019
OK,Broken Arrow,municipality,annual,7,,1998-2004 2008-2012 2014-2018 2024-2025
OK,Broken Bow,municipality,annual,7,,1998 2008-2009
OK,Bryan County,county,annual,7,,1998 2000-2003 2010 2012 2021
OK,Buffalo,municipality,annual,7,,2022
OK,Burns Flat,municipality,annual,7,,2000-2003
OK,Caddo County,county,annual,7,,1999 2002-2003 2012-2014 2017-2018 2020-2021 2024
OK,Canadian County,county,annual,7,,2001-2004 2018 2021-2022 2024
OK,Carnegie,municipality,annual,7,,2010
OK,Carter County,county,annual,7,,2001-2003 2005 2021 2023-2025
OK,Catoosa,municipality,annual,7,,2025
OK,Chandler,municipality,annual,7,,2011 2013-2014 2020
OK,Checotah,municipality,annual,7,,1998-1999 2011-2012 2025
OK,Cherokee,municipality,annual,7,,2025
OK,Cherokee County,county,annual,7,,2001 2009 2011 2021
OK,Chickasha,municipality,annual,7,,1998-1999 2001-2005 2007-2008 2010 2021 2023-2024
OK,Choctaw,municipality,annual,7,,2008 2019 2021 2023-2024
OK,Choctaw County,county,annual,7,,1999-2005 2021
OK,Claremore,municipality,annual,7,,2002-2004 2006 2008 2010-2012 2016-2019 2021-2025
OK,Cleveland County,county,annual,7,,2002 2016-2019 2021-2022
OK,Clinton,municipality,annual,7,,2000-2001 2003 2007 2015 2023 2025
OK,Coal County,county,annual,7,,2001 2010
OK,Colbert,municipality,annual,7,,1998
OK,Colcord,municipality,annual,7,,2002
OK,Collinsville,municipality,annual,7,,2008 2011
OK,Comanche,municipality,annual,7,,1998 2022
OK,Comanche County,county,annual,7,,1999-2004 2011-2014 2016 2021-2025
OK,Commerce,municipality,annual,7,,2006
OK,Commerce City,municipality,annual,7,,1998
OK,Cotton County,county,annual,7,,2001-2003 2010 2013
OK,Coweta,municipality,annual,7,,2021 2023 2025
OK,Craig County,county,annual,7,,2018 2020-2021
OK,Creek County,county,annual,7,,1998 2001 2008 2014 2016-2018 2021-2025
OK,Crescent,municipality,annual,7,,2017-2018 2025
OK,Cushing,municipality,annual,7,,2002-2005 2007-2009 2011 2021 2024
OK,Custer County,county,annual,7,,2001-2002 2016-2018 2021
OK,Davenport,municipality,annual,7,,2011
OK,Davis,municipality,annual,7,,2014
OK,Del City,municipality,annual,7,,1999-2001 2010 2019 2021-2024
OK,Delaware County,county,annual,7,,2007 2021
OK,Dewey County,county,annual,7,,2017-2018 2020 2022
OK,Dill City,municipality,annual,7,,2001-2003
OK,Drumright,municipality,annual,7,,2001 2004 2014-2016
OK,Duncan,municipality,annual,1,,2020-2022 2024
OK,Duncan,municipality,annual,7,,2001-2003 2005 2009-2010
OK,Duncan City,municipality,annual,7,,1998-1999
OK,Durant,municipality,annual,7,,2000 2002-2022
OK,Dustin,municipality,annual,7,,2004
OK,East Duke,municipality,annual,7,,1998
OK,Edmond,municipality,annual,7,,1998-2025
OK,El Reno,municipality,annual,7,,2008 2011 2015-2017 2019-2020 2022-2025
OK,Elgin,municipality,annual,7,,2010-2012
OK,Elk City,municipality,annual,7,,1998 2000-2005 2010-2011 2015-2016 2018 2021 2023
OK,Enid,municipality,annual,7,,1998 2000-2004 2006-2025
OK,Eufaula,municipality,annual,7,,2001-2003 2007-2008 2010 2013-2014 2021-2023 2025
OK,Fairland,municipality,annual,7,,2014
OK,Fairmont,municipality,annual,7,,2015
OK,Fairview,municipality,annual,7,,2014
OK,Florence,municipality,annual,7,,2019
OK,Fort Towson,municipality,annual,7,,2001
OK,Frederick,municipality,annual,7,,2011-2012
OK,Garfield County,county,annual,7,,1998-1999 2001
OK,Garvin County,county,annual,7,,2002-2003 2005 2008 2012 2016 2021
OK,Geary,municipality,annual,7,,2000-2001
OK,Geronimo,municipality,annual,7,,2023
OK,Glenpool,municipality,annual,7,,2012 2021 2024-2025
OK,Goldsby,municipality,annual,7,,2007 2014 2023-2025
OK,Gore,municipality,annual,7,,2017
OK,Grady County,county,annual,7,,1999-2006 2008-2010 2021-2024
OK,Granite,municipality,annual,7,,2001
OK,Grant County,county,annual,7,,2010-2011 2021
OK,Grayson,municipality,annual,7,,2000
OK,Greer County,county,annual,7,,2002
OK,Grove,municipality,annual,7,,1999 2002-2004 2007-2010 2013-2016 2019 2021 2023
OK,Guthrie,municipality,annual,7,,2000
OK,Guthrie,municipality,annual,10,,2002-2006 2009-2015 2018 2020-2024
OK,Guthrie,municipality,other,,15,2001
OK,Guymon,municipality,annual,1,,2012-2013 2015 2017 2020 2022
OK,Guymon,municipality,annual,7,,1998 2000 2002-2004 2007-2008 2010-2011
OK,Hallett,municipality,annual,7,,2007
OK,Hammon,municipality,annual,7,,2002-2004
OK,Harmon County,county,annual,7,,2002
OK,Harrah,municipality,annual,7,,2000 2010
OK,Hartshorne,municipality,annual,7,,2010-2013
OK,Haskell County,county,annual,7,,2002-2003 2009-2012 2016-2017 2021
OK,Haworth,municipality,annual,7,,2004
OK,Healdton,municipality,annual,7,,1999
OK,Heavener,municipality,annual,7,,2008-2009 2012-2015
OK,Hennessey,municipality,annual,7,,2002-2003
OK,Henryetta,municipality,annual,7,,1998 2000 2010-2011
OK,Hinton,municipality,annual,7,,1999
OK,Hobart,municipality,annual,7,,2002
OK,Holdenville,municipality,annual,7,,1999-2001 2015 2022-2025
OK,Hollis,municipality,annual,7,,2018 2020 2022
OK,Hominy,municipality,annual,7,,2005 2009
OK,Hughes County,county,annual,7,,2001-2004 2011
OK,Hugo,municipality,annual,7,,1999-2000 2007 2009 2017-2018 2020-2022 2025
OK,Idabel,municipality,annual,7,,1998-2001 2003 2019-2022 2024
OK,Jackson County,county,annual,7,,2003
OK,Jefferson County,county,annual,7,,2002-2004
OK,Jenks,municipality,annual,7,,2021 2023
OK,Johnston County,county,annual,7,,2001-2002 2008 2021
OK,Kansas,municipality,annual,7,,1999
OK,Kay County,county,annual,7,,2002 2008-2018 2020-2022
OK,Keota,municipality,annual,7,,1999 2009 2013-2014
OK,Ketchum,municipality,annual,7,,2020-2022
OK,Kialegee Tribal Town,municipality,annual,10,,2000-2004 2010-2015
OK,Kingfisher,municipality,annual,7,,2002 2012-2014 2017-2019 2021-2023
OK,Kingfisher County,county,annual,7,,2019 2021
OK,Kiowa,municipality,annual,7,,2010-2011
OK,Kiowa County,county,annual,7,,2002-2003 2021
OK,Krebs,municipality,annual,7,,2006
OK,Latimer County,county,annual,7,,1999-2003
OK,Laverne,municipality,annual,7,,2013
OK,Lawton,municipality,annual,7,,1998-2021 2023-2025
OK,Leflore County,county,annual,7,,1998-2005 2011-2013 2015-2021 2023
OK,Lehigh,municipality,annual,7,,2009
OK,Lincoln County,county,annual,7,,2002 2008 2014-2016 2021 2024
OK,Lindsay,municipality,annual,7,,1999 2001 2013
OK,Logan County,county,annual,7,,2021
OK,Lone Grove,municipality,annual,7,,2021-2025
OK,Longdale,municipality,annual,7,,2003
OK,Love County,county,annual,7,,2002
OK,Mangum,municipality,annual,7,,2007-2009 2011
OK,Mannford,municipality,annual,7,,2016
OK,Marshall County,county,annual,7,,1998 2000 2002-2005 2021 2025
OK,Mayes County,county,annual,7,,2001 2008-2009 2021 2024
OK,Mcalester,municipality,annual,1,,2012
OK,Mcalester,municipality,annual,7,,2001-2002 2006-2007 2009 2013 2015-2017 2019-2020 2022-2025
OK,Mcclain County,county,annual,7,,2001-2003 2016 2021
OK,Mccurtain,municipality,annual,7,,2002-2003 2013-2014
OK,Mccurtain County,county,annual,7,,1999-2009 2011 2014-2016 2018 2021
OK,Mccurtian County,county,annual,7,,2010
OK,Mcintosh County,county,annual,7,,2000-2002 2004 2007-2014 2016 2021
OK,Miami,municipality,annual,7,,2000 2002-2007 2009-2015 2021-2025
OK,Midwest City,municipality,annual,7,,1998-2015 2017 2019-2025
OK,Minco,municipality,annual,7,,2024-2025
OK,Moore,municipality,annual,7,,1999-2005 2007 2010 2012-2025
OK,Mooreland,municipality,annual,7,,2007 2011
OK,Murray County,county,annual,7,,2001 2003
OK,Muskogee,municipality,annual,7,,1998-1999 2004-2005 2007 2010-2014 2016-2019 2021-2024
OK,Muskogee County,county,annual,7,,2001-2003 2006-2007 2011-2012 2014 2018 2021-2024
OK,Mustang,municipality,annual,7,,2002 2010-2011 2013 2015-2016 2021 2024-2025
OK,Nash/nash Pwa,municipality,annual,7,,2012
OK,New Cordell,municipality,annual,7,,2002 2023
OK,Newcastle,municipality,annual,7,,1999 2002 2015 2023-2024
OK,Nichols Hills,municipality,annual,7,,2022
OK,Nicoma Park,municipality,annual,7,,2001
OK,Noble,municipality,annual,7,,2002 2012 2024
OK,Noble County,county,annual,7,,2019
OK,Norman,municipality,annual,7,,1998-2005 2007-2025
OK,Okeene,municipality,annual,7,,2002-2003
OK,Okemah,municipality,annual,7,,2001-2002 2011-2013 2015 2025
OK,Okfuskee County,county,annual,7,,2001 2008 2011 2021
OK,Oklahoma City,municipality,annual,7,,1998-2017 2019-2024
OK,Oklahoma County,county,annual,7,,1998-2024
OK,Okmulgee,municipality,annual,7,,1998 2004-2005 2010-2012 2021-2023
OK,Okmulgee County,county,annual,7,,2001 2003 2016 2021
OK,Osage County,county,annual,7,,1998-2002 2006-2007 2009-2012 2014-2016 2020-2024
OK,Ottawa County,county,annual,7,,2008 2010-2011 2013 2017 2019-2021
OK,Owasso,municipality,annual,7,,1998-2003 2007-2008 2010-2013 2015 2019-2025
OK,Paden,municipality,annual,7,,2005-2006
OK,Panama,municipality,annual,7,,1999-2000 2015
OK,Pauls Valley,municipality,annual,7,,2001-2002 2004 2008 2010 2014-2015 2021-2024
OK,Pawhuska,municipality,annual,7,,2023
OK,Pawnee,municipality,annual,7,,1998 2011-2012 2014
OK,Pawnee County,county,annual,7,,1998 2021
OK,Payne County,county,annual,7,,2001 2014 2021 2024
OK,Perkins,municipality,annual,7,,2000 2010-2011
OK,Perry,municipality,annual,7,,2002 2012-2013 2021
OK,Piedmont,municipality,annual,7,,2010 2012 2021 2024
OK,Pittsburg County,county,annual,7,,2001-2005 2012 2016 2021
OK,Ponca City,municipality,annual,7,,1998-2013 2015 2017 2019-2025
OK,Pontotoc County,county,annual,7,,2001-2003 2007-2008 2011-2012 2021
OK,Poteau,municipality,annual,7,,2001-2002 2004 2007 2019
OK,Pottawatomie County,county,annual,7,,1999 2001-2004 2008 2011 2014 2021 2023-2025
OK,Prague,municipality,annual,7,,2004 2009 2011 2015
OK,Pryor Creek,municipality,annual,7,,2007 2023
OK,Purcell,municipality,annual,7,,2001 2004 2011 2021-2023
OK,Pushmataha County,county,annual,7,,2014
OK,Quapaw,municipality,annual,7,,2000 2011
OK,Ripley,municipality,annual,7,,2022
OK,Roger Mills County,county,annual,7,,2013 2018
OK,Rogers County,county,annual,7,,2001-2002 2005 2008 2010 2012-2014 2018 2020-2024
OK,Sallisaw,municipality,annual,7,,2000-2003 2006-2007 2010-2011 2013 2016 2020-2025
OK,Sand Springs,municipality,annual,7,,2002-2006 2008 2010-2014 2021-2022 2024-2025
OK,Sapulpa,municipality,annual,7,,2001-2003 2005-2008 2013-2016 2021 2023-2024
OK,Sayre,municipality,annual,7,,1999 2001 2013
OK,Seminole,municipality,annual,7,,2002 2006-2009 2011-2013 2015 2021-2025
OK,Seminole County,county,annual,7,,1999 2001-2003 2021
OK,Sequoyah County,county,annual,7,,2016 2018-2021
OK,Shawnee,municipality,annual,7,,1998-2007 2009-2015 2018-2025
OK,Skiato,municipality,annual,7,,2001 2010 2021
OK,Spiro,municipality,annual,7,,2014-2015
OK,Stephens County,county,annual,7,,1998-1999 2002-2003 2021
OK,Stigler,municipality,annual,7,,2012 2016-2020
OK,Stilger,municipality,annual,7,,1998
OK,Stillwater,municipality,annual,7,,1998-2006 2009-2025
OK,Stilwell,municipality,annual,7,,2019-2020
OK,Stroud,municipality,annual,7,,2000-2004 2006-2008 2011-2013 2015 2022-2023
OK,Sulphur,municipality,annual,7,,2003
OK,Tahlequah,municipality,annual,7,,2002-2005 2007-2008 2021-2025
OK,Talihina,municipality,annual,7,,2000-2001
OK,Tecumseh,municipality,annual,1,,2010 2023-2024
OK,Temple,municipality,annual,7,,2024
OK,Thalequah,municipality,annual,7,,2010
OK,The Village,municipality,annual,7,,2023
OK,Thlopthlocco Tribal Town,municipality,annual,10,,1999-2005 2007-2015
OK,Thomas,municipality,annual,7,,2000-2001 2014 2016-2017
OK,Tillman County,county,annual,7,,2001-2003
OK,Tishomingo,municipality,annual,7,,2010 2013-2015 2023-2024
OK,Tonkawa,municipality,annual,7,,2003 2023
OK,Tulsa,municipality,annual,7,,1998-2024
OK,Tulsa County,county,annual,7,,1998-2023
OK,Tuttle,municipality,annual,1,,2011-2012 2014 2020 2024
OK,Union City,municipality,annual,7,,2002
OK,Vinita,municipality,annual,7,,2011 2020-2021
OK,Wagoner,municipality,annual,7,,2021 2023-2024
OK,Wagoner County,county,annual,7,,2000-2001 2007-2009 2011 2021
OK,Wapanucka,municipality,annual,7,,2000
OK,Warr Acres,municipality,annual,1,,2016 2020-2021 2024
OK,Warr Acres,municipality,annual,7,,2002
OK,Washington County,county,annual,7,,2021-2022
OK,Washita County,county,annual,7,,2003 2016-2017 2021
OK,Watonga,municipality,annual,7,,2023 2025
OK,Watonga City,municipality,annual,7,,1998
OK,Waurika,municipality,annual,7,,2002
OK,Waynoka,municipality,annual,7,,2024
OK,Weatherford,municipality,annual,1,,2009 2011 2013 2020 2022
OK,Weatherford,municipality,annual,7,,2023
OK,Wetumka,municipality,annual,7,,2000-2001
OK,Wewoka,municipality,annual,7,,1999 2012-2016 2023
OK,Whitefield,municipality,annual,7,,2001
OK,Wilburton,municipality,annual,7,,2007 2012-2013 2020 2025
OK,Woods County,county,annual,7,,2001 2013
OK,Woodward,municipality,annual,7,,2002 2011-2015 2021 2023-2024
OK,Wynnewood,municipality,annual,7,,2002
OK,Yale,municipality,annual,7,,2008
OK,Yukon,municipality,annual,7,,2002 2010 2021 2024
OR,Adair Village,municipality,annual,7,,2017
OR,Adams,municipality,annual,7,,2002
OR,Albany,municipality,annual,7,,2000-2024
OR,Albany City,municipality,annual,7,,1998
OR,Amity,municipality,annual,7,,2002 2004-2005 2013 2020 2022-2025
OR,Antelope,municipality,annual,7,,2020
OR,Arlington,municipality,annual,7,,2004 2007
OR,Ashland,municipality,annual,7,,2000-2007 2010-2025
OR,Ashland City,municipality,annual,7,,1998-1999
OR,Astoria,municipality,annual,7,,1998 2006 2008-2012 2016 2019-2025
OR,Baker City,municipality,annual,7,,1998 2000 2003 2007 2009 2013 2015 2017-2018 2020 2022-2023
OR,Baker County,county,annual,7,,1998-2017 2020-2021
OR,Bandon,municipality,annual,7,,2001-2002
OR,Banks,municipality,annual,7,,1998 2024
OR,Beaverton,municipality,annual,7,,2000-2020 2024-2025
OR,Beaverton City,municipality,annual,7,,1999
OR,Bend,municipality,annual,7,,1998 2000 2002-2025
OR,Benton County,county,annual,7,,1998-2025
OR,Boardman,municipality,annual,7,,2003 2021-2022
OR,Brookings,municipality,annual,7,,1998-2000 2017 2022-2023
OR,Brownsville,municipality,annual,7,,1998 2008-2009
OR,Burns,municipality,annual,7,,2001-2003 2005 2009 2011 2017
OR,Butte Falls,municipality,annual,7,,2000-2001
OR,Canby,municipality,annual,7,,2010 2012-2014 2016 2019 2021-2025
OR,Cannon Beach,municipality,annual,7,,2024
OR,Canyonville,municipality,annual,7,,1998-1999 2015
OR,Carlton,municipality,annual,7,,1998-2000 2002-2003 2016 2018 2025
OR,Cascade Locks,municipality,annual,7,,1998 2009 2011 2018-2020
OR,Cave Junction,municipality,annual,7,,1998-1999
OR,Central Point,municipality,annual,7,,2011-2013 2022-2025
OR,Clackamas County,county,annual,7,,1999-2024
OR,Clatskanie,municipality,annual,7,,2002 2023
OR,Clatsop County,county,annual,7,,1998-2019 2021-2025
OR,Coburg,municipality,annual,7,,2012 2014
OR,Columbia City,municipality,annual,7,,2003-2004
OR,Columbia County,county,annual,7,,1998-2019 2021-2025
OR,Condon,municipality,annual,7,,1998-1999 2005
OR,Coos Bay,municipality,annual,7,,2000 2007 2011-2013 2021-2022 2025
OR,Coos County,county,annual,7,,1998-2025
OR,Coquille,municipality,annual,7,,2012-2013
OR,Cornelius,municipality,annual,7,,2007 2009 2013-2018 2022 2024
OR,Corvallis,municipality,annual,7,,1998-2025
OR,Cottage Grove,municipality,annual,7,,2000 2005-2006 2008-2009
OR,Cove,municipality,annual,7,,2005 2014
OR,Creswell,municipality,annual,7,,2004-2006 2009 2021 2023-2025
OR,Crook County,county,annual,7,,2000-2018 2020-2025
OR,Curry County,county,annual,7,,1998-2002 2004-2020 2022-2023
OR,Dallas,municipality,annual,7,,1998-2000 2008-2009 2016 2018 2020
OR,Dayton,municipality,annual,7,,2004 2010 2012 2019-2020 2024-2025
OR,Dayville,municipality,annual,7,,2022
OR,Depoe Bay,municipality,annual,7,,2000-2003 2007
OR,Deschutes County,county,annual,7,,1998-1999 2001-2002 2004-2025
OR,Detroit,municipality,annual,7,,2011 2020-2021
OR,Douglas County,county,annual,7,,1998-2025
OR,Drain,municipality,annual,7,,2001-2004 2009 2018
OR,Dundee,municipality,annual,7,,2013 2015
OR,Eagle Point,municipality,annual,7,,1998 2006-2007
OR,Echo,municipality,annual,7,,2023 2025
OR,Elgin,municipality,annual,7,,2011 2023-2024
OR,Elkton,municipality,annual,7,,1998 2003
OR,Enterprise,municipality,annual,7,,2009-2010 2016-2017
OR,Estacada,municipality,annual,7,,2001-2003 2025
OR,Eugene,municipality,annual,7,,2000-2025
OR,Eugene City,municipality,annual,7,,1998-1999
OR,Fairview,municipality,annual,7,,2000 2010
OR,Falls City,municipality,annual,7,,1999-2000 2006 2024-2025
OR,Florence,municipality,annual,7,,1999-2000 2003 2005-2007 2010-2012 2020 2022
OR,Food For Lane County,county,annual,7,,2001-2002 2005-2006 2008 2010-2011
OR,Forest Grove,municipality,annual,7,,1998 2004 2021-2022
OR,Fossil,municipality,annual,7,,2006
OR,Garibaldi,municipality,annual,7,,1998 2004-2005
OR,Gates,municipality,annual,7,,1999 2009 2016
OR,Gervais,municipality,annual,7,,2003
OR,Gilliam County,county,annual,7,,2001 2003 2006-2008 2021
OR,Glendale,municipality,annual,7,,2002
OR,Gold Beach,municipality,annual,7,,1999 2012 2023
OR,Gold Hill,municipality,annual,7,,2001 2006
OR,Grant County,county,annual,7,,1998-2023
OR,Grants Pass,municipality,annual,7,,2001 2003 2006 2009 2011-2013 2015 2017-2018 2020-2025
OR,Gresham,municipality,annual,7,,1999-2025
OR,Gresham City,municipality,annual,7,,1998
OR,Haines,municipality,annual,7,,2011 2019-2020 2023-2024
OR,Halfway,municipality,annual,7,,1998 2003 2011 2017-2018 2023
OR,Halsey,municipality,annual,7,,1999
OR,Happy Valley,municipality,annual,7,,2020
OR,Harney County,county,annual,7,,1998-2018 2020-2025
OR,Harrisburg,municipality,annual,7,,1998-1999 2001-2002 2005-2007
OR,Heppner,municipality,annual,7,,2005-2006
OR,Hermiston,municipality,annual,7,,2002 2009-2010 2013-2014 2016-2018 2021-2023
OR,Hillsboro,municipality,annual,7,,2001 2004-2013 2017-2018 2020 2022-2025
OR,Hines,municipality,annual,7,,2021
OR,Hood River,municipality,annual,7,,2003-2004 2007 2009-2016 2024-2025
OR,Hood River County,county,annual,7,,2001-2003 2006-2017 2020-2025
OR,Hubbard,municipality,annual,7,,2001 2006
OR,Huntington,municipality,annual,7,,2019
OR,Idanha,municipality,annual,7,,2020
OR,Independence,municipality,annual,7,,1999 2002 2008 2010 2012-2013 2020-2021
OR,Independence City,municipality,annual,7,,1998 2000
OR,Ione,municipality,annual,7,,2002
OR,Irrigon,municipality,annual,7,,2006 2009-2010 2013 2020
OR,Jackson County,county,annual,7,,1998-2025
OR,Jacksonville,municipality,annual,7,,2021
OR,Jefferson,municipality,annual,7,,1998-1999 2020-2022
OR,Jefferson County,county,annual,7,,1998-2025
OR,Joseph,municipality,annual,7,,2000-2001 2007
OR,Josephine County,county,annual,7,,1998-2024
OR,Junction City,municipality,annual,7,,2025
OR,Keizer,municipality,annual,7,,2013 2021 2023
OR,Klamath County,county,annual,7,,1998-2001 2003-2025
OR,Klamath Falls,municipality,annual,7,,1998-2014 2016-2025
OR,La Grande,municipality,annual,7,,1999-2000 2002 2010 2013 2021
OR,La Pine,municipality,annual,7,,2019 2024-2025
OR,Lafayette,municipality,annual,7,,2025
OR,Lake County,county,annual,7,,1999-2012 2014-2018 2020-2025
OR,Lake Oswego,municipality,annual,7,,2011 2018 2021-2023 2025
OR,Lakeside,municipality,annual,7,,2003 2007-2008
OR,Lakeview,municipality,annual,7,,1998-2002 2012 2014 2017 2024
OR,Lane County,county,annual,7,,1998-2025
OR,Lebanon,municipality,annual,7,,2005 2017-2019
OR,Lebanon City,municipality,annual,7,,1999
OR,Lincoln City,municipality,annual,7,,2003 2008 2025
OR,Lincoln County,county,annual,7,,1998-2014 2016-2022
OR,Linn County,county,annual,7,,1998-2025
OR,Lostine,municipality,annual,7,,2009
OR,Lowell,municipality,annual,7,,2002 2004
OR,Madras,municipality,annual,7,,2001-2002 2006 2008-2009 2011-2013 2015 2019-2020 2023-2024
OR,Madras City,municipality,annual,7,,1998-1999
OR,Malheur County,county,annual,7,,1998-2001 2003-2012 2014 2016-2025
OR,Malin,municipality,annual,7,,2000
OR,Manzanita,municipality,annual,7,,2003
OR,Marion County,county,annual,7,,1998-2025
OR,Mcminnville,municipality,annual,7,,2001-2002 2005-2006 2009 2011 2016-2018 2020-2022
OR,Mcminnville City,municipality,annual,7,,1998-1999
OR,Medford,municipality,annual,7,,1998-2004 2006-2025
OR,Merrill,municipality,annual,7,,2005
OR,Metolius,municipality,annual,7,,2003-2004
OR,Mill City,municipality,annual,7,,2004-2005 2024
OR,Millersburg,municipality,annual,7,,2011
OR,Milton-Freewater,municipality,annual,7,,2010 2012 2016
OR,Milwaukie,municipality,annual,7,,2010-2011 2015 2018 2020 2025
OR,Molalla,municipality,annual,7,,2001
OR,Monmouth,municipality,annual,7,,2024
OR,Monroe,municipality,annual,7,,2002 2008-2009
OR,Monument,municipality,annual,7,,2021
OR,Morrow County,county,annual,7,,1998-1999 2001-2025
OR,Mosier,municipality,annual,7,,2006
OR,Mt Angel,municipality,annual,7,,2001
OR,Mt. Angel,municipality,annual,7,,2007
OR,Mt. Vernon,municipality,annual,7,,2020
OR,Multnomah County,county,annual,7,,1998-2025
OR,Myrtle Creek,municipality,annual,7,,2000-2004 2008 2010 2013-2014
OR,Myrtle Point,municipality,annual,7,,2003 2015-2017
OR,Nehalem,municipality,annual,7,,1998 2007-2008
OR,Newberg,municipality,annual,7,,2003 2008 2012 2014-2016 2025
OR,Newport,municipality,annual,7,,2000-2003 2011 2013-2017 2019-2024
OR,North Bend,municipality,annual,7,,1998 2000-2005 2010 2012-2013 2024
OR,North Plains,municipality,annual,7,,2005 2020-2021
OR,North Powder,municipality,annual,7,,2014-2015 2024-2025
OR,Nyssa,municipality,annual,7,,2010 2017-2018 2023
OR,Oakland,municipality,annual,7,,2002-2004
OR,Oakland,municipality,annual,8,,2020
OR,Oakridge,municipality,annual,7,,1999 2005-2006 2012 2018-2019
OR,Oakridge City,municipality,annual,7,,2000
OR,Ontario,municipality,annual,7,,1998-1999 2004 2006 2014 2018 2021-2022 2025
OR,Oregon City,municipality,annual,7,,2001 2007 2020-2023 2025
OR,Pendleton,municipality,annual,7,,1998-2007 2009-2015 2017-2025
OR,Philomath,municipality,annual,7,,2023 2025
OR,Philomath City,municipality,annual,7,,1999
OR,Phoenix,municipality,annual,7,,2001-2002 2008
OR,Pilot Rock,municipality,annual,7,,2021
OR,Polk County,county,annual,7,,1998-1999 2001-2025
OR,Portland,municipality,annual,7,,1998-2025
OR,Powers,municipality,annual,7,,2005 2024
OR,Prairie City,municipality,annual,7,,2002 2009 2023
OR,Prineville,municipality,annual,7,,2000-2006 2017 2020 2022-2024
OR,Prineville City,municipality,annual,7,,1999
OR,Rainier,municipality,annual,7,,2004
OR,Redmond,municipality,annual,7,,1999-2021 2023-2025
OR,Redmond City,municipality,annual,7,,1998
OR,Reedsport,municipality,annual,7,,1998 2003-2004 2009 2011 2024-2025
OR,Richland,municipality,annual,7,,2006 2016 2024
OR,Riddle,municipality,annual,7,,1998-1999 2007 2012-2013
OR,Rockaway Beach,municipality,annual,7,,2006
OR,Rogue River,municipality,annual,7,,1998 2002 2023-2024
OR,Roseburg,municipality,annual,7,,1998-1999 2002-2007 2011-2015 2019-2021 2023-2024
OR,Rufus,municipality,annual,7,,2007
OR,Salem,municipality,annual,7,,1998-2025
OR,Sandy,municipality,annual,7,,1998-2002 2005 2008-2015 2017-2018 2020 2025
OR,Scappoose,municipality,annual,7,,2005 2011
OR,Scotts Mills,municipality,annual,7,,2009-2010
OR,Seaside,municipality,annual,7,,1998-2000 2013 2025
OR,Seneca,municipality,annual,7,,2020
OR,Shady Cove,municipality,annual,7,,2002 2006
OR,Sheridan,municipality,annual,7,,2004
OR,Sherman County,county,annual,7,,2002 2005 2011-2012 2021
OR,Sherwood,municipality,annual,7,,2009-2011
OR,Siletz,municipality,annual,7,,2000 2005
OR,Silverton,municipality,annual,7,,1998-2000 2010 2023
OR,Sisters,municipality,annual,7,,2002-2003
OR,Spray,municipality,annual,7,,2009-2010
OR,Springfield,municipality,annual,7,,1998-2015 2017 2019-2025
OR,St Helens,municipality,annual,7,,1999 2024
OR,St. Helens,municipality,annual,7,,2002-2003 2005-2006 2010-2011 2022-2023 2025
OR,Stanfield,municipality,annual,7,,2000-2001 2013-2014
OR,Stayton,municipality,annual,7,,2010-2011 2025
OR,Stayton City,municipality,annual,7,,2006
OR,Sublimity,municipality,annual,7,,2024
OR,Sumpter,municipality,annual,7,,2002-2003 2024
OR,Sutherlin,municipality,annual,7,,2000 2013-2014 2019-2024
OR,Sweet Home,municipality,annual,7,,1998 2000-2002 2004-2005 2007-2009 2011-2012
OR,Talent,municipality,annual,7,,2001-2002 2016 2020-2021 2025
OR,The Dalles,municipality,annual,7,,1999 2003-2004 2010-2015 2017 2023-2025
OR,Tigard,municipality,annual,7,,2008 2010-2011 2018-2019 2021-2022 2025
OR,Tillamook,municipality,annual,7,,1998 2001-2004 2006-2009 2016-2017 2021 2025
OR,Tillamook County,county,annual,7,,1998-2025
OR,Toledo,municipality,annual,7,,2000-2002
OR,Troutdale,municipality,annual,7,,2022
OR,Tualatin,municipality,annual,7,,1999 2020-2021
OR,Turner,municipality,annual,7,,1999-2000 2009 2011-2012 2024-2025
OR,Umatilla,municipality,annual,7,,1999-2001 2023-2025
OR,Umatilla County,county,annual,1,,2000
OR,Umatilla County,county,annual,7,,1998-1999 2001-2025
OR,Union,municipality,annual,7,,2001-2002 2024-2025
OR,Union County,county,annual,7,,1999-2000 2002 2005-2025
OR,Vale,municipality,annual,7,,2001 2004 2007-2008 2010 2014 2018 2024
OR,Veneta,municipality,annual,7,,2000-2002 2013-2014
OR,Vernonia,municipality,annual,7,,1998-2000 2007 2009-2011 2013 2016-2017 2020 2025
OR,Waldport,municipality,annual,7,,2003 2006-2007
OR,Waldport City,municipality,annual,7,,1999
OR,Wallowa,municipality,annual,7,,2000 2002 2014-2015
OR,Wallowa County,county,annual,7,,1998-2012 2015-2023
OR,Warrenton,municipality,annual,7,,2001-2003 2005-2007 2010-2011
OR,Wasco County,county,annual,7,,1998-2019 2021
OR,Washington County,county,annual,7,,1998 2000-2020
OR,West Linn,municipality,annual,7,,2017 2023
OR,Westfir,municipality,annual,7,,2002 2008
OR,Weston,municipality,annual,7,,2008-2009
OR,Wheeler,municipality,annual,7,,2003-2004
OR,Wheeler County,county,annual,7,,1998 2002 2004-2016 2018 2021-2024
OR,Willamina,municipality,annual,7,,2024-2025
OR,Williamina,municipality,annual,7,,1999 2005
OR,Wilsonville,municipality,annual,7,,1998 2002-2008 2010-2015 2017-2025
OR,Winston,municipality,annual,7,,2000 2002 2005
OR,Woodburn,municipality,annual,7,,2000-2001 2003-2005 2007 2010-2012 2015 2021-2023 2025
OR,Woodburn City,municipality,annual,7,,1998-1999
OR,Yachats,municipality,annual,7,,1998 2009 2018
OR,Yamhill,municipality,annual,7,,1998 2021
OR,Yamhill County,county,annual,7,,1998-2004 2006-2025
OR,Yoncalla,municipality,annual,7,,2006 2018
PA,Abington Township,township,annual,1,,1998-2018 2021-2024
PA,Adams County,county,annual,1,,1998-2025
PA,Aliquip,municipality,annual,1,,2007
PA,Allegheny County,county,annual,1,,1998-2024
PA,Allegheny Township,township,annual,1,,2004 2007
PA,Allentown,municipality,annual,1,,1998-2024
PA,Alquip,municipality,annual,1,,2006
PA,Alsace Township,township,annual,1,,2007
PA,Altoona,municipality,annual,1,,1998-2025
PA,Annville Township,township,annual,1,,2012-2014
PA,Antis Township,township,annual,1,,2024
PA,Antrim Township,township,annual,1,,2015
PA,Apollo Borough,municipality,annual,1,,2009-2011
PA,Armstrong County,county,annual,1,,1998-2024
PA,Arnold,municipality,annual,1,,1998-1999 2003-2004 2007
PA,Arts And Humanties,municipality,annual,9,,2001
PA,Atglen Borough,municipality,annual,1,,2012
PA,Athens Township,township,annual,1,,2013 2024
PA,Avoca Borough,municipality,annual,1,,2000
PA,Avondale,municipality,annual,1,,2005-2006
PA,Baden,municipality,annual,1,,2007 2024
PA,Baldwin,municipality,annual,1,,2002-2003
PA,Bangor,municipality,annual,1,,2010
PA,Beaver County,county,annual,1,,1998-2024
PA,Bedford,municipality,annual,1,,2010
PA,Bedford County,county,annual,1,,1998-2024
PA,Belfast Township,township,annual,1,,2014
PA,Bellefonte,municipality,annual,1,,1999
PA,Benezette Township,township,annual,1,,2006-2007 2012
PA,Benner Township,township,annual,1,,2017
PA,Bensalem Township,township,annual,1,,1998 2000-2005 2007 2012-2014 2023-2025
PA,Berks County,county,annual,1,,1998-2001 2005-2025
PA,Bernville,municipality,annual,1,,2000
PA,Berwick,municipality,annual,1,,2002-2003 2013 2022
PA,Berwick Borough,municipality,annual,1,,2007
PA,Bethlehem,municipality,annual,1,,1998 2000-2024
PA,Bethlehem City,municipality,annual,1,,1999
PA,Bethlehem Township,township,annual,1,,2016-2017 2021
PA,Blair County,county,annual,1,,1998-2025
PA,Blairsville Borough,municipality,annual,1,,2011
PA,Bloomsburg,municipality,annual,1,,1999-2000 2002-2004 2007 2009-2013 2015-2023
PA,Boggs Township,township,annual,1,,2000 2015
PA,Bowmanstown,municipality,annual,1,,1998
PA,Boyertown,municipality,annual,1,,2012
PA,Brackenridge,municipality,annual,1,,1999
PA,Bradford,municipality,annual,1,,1998-2013 2015 2017-2022
PA,Bradford County,county,annual,1,,1998-2024
PA,Bradford Township,township,annual,1,,2005
PA,Brady Township,township,annual,1,,2018-2019
PA,Bratton Township,township,annual,1,,2003
PA,Bridgeport,municipality,annual,1,,2023-2024
PA,Bristol,municipality,annual,1,,2004
PA,Bristol Township,township,annual,1,,1998-1999 2001-2005 2007-2008 2010-2014 2016-2018 2021-2022
PA,Broad Top Township,township,annual,1,,1998-2006 2008-2014 2016 2022-2023
PA,Brookville,municipality,annual,1,,2000 2007
PA,Buckingham Township,township,annual,1,,2014
PA,Bucks County,county,annual,1,,1998-2004 2007-2021 2023
PA,Bullskin Township,township,annual,1,,2018
PA,Burnham Borough,municipality,annual,1,,2005
PA,Butler,municipality,annual,1,,1998-2007 2009-2010 2013 2020-2021 2023-2024
PA,Butler County,county,annual,1,,1998-2024
PA,Butler Township,township,annual,1,,2020-2021
PA,California,municipality,annual,1,,2008
PA,Caln Township,township,annual,1,,2008 2016
PA,Cambria County,county,annual,1,,1998-2024
PA,Cambridge Springs,municipality,annual,1,,2000
PA,Cameron County,county,annual,1,,1999-2024
PA,Canonsburg,municipality,annual,1,,2006 2023
PA,Carbon County,county,annual,1,,1998-2024
PA,Carbondale,municipality,annual,1,,2001 2003-2004 2006 2008-2013
PA,Carlisle,municipality,annual,1,,1999-2013 2016 2020-2024
PA,Carlisle Borough,municipality,biennial,,,1998
PA,Cass Township,township,annual,1,,2003
PA,Castanea Township,township,annual,1,,2007
PA,Centre County,county,annual,1,,1999-2024
PA,Centre Township,township,annual,1,,2006
PA,Chadds Ford Township,township,annual,1,,2021
PA,Chalfont,municipality,annual,1,,2011-2012
PA,Chambersburg,municipality,annual,1,,1999-2003 2005-2014 2018-2025
PA,Chartiers Township,township,annual,1,,2012 2014
PA,Cheltenham Township,township,annual,1,,2001 2008 2011-2012 2019
PA,Cherrytree Township,township,annual,1,,2007-2008
PA,Chester,municipality,annual,1,,2000-2013 2020 2022-2023
PA,Chester County,county,annual,1,,1998-2024
PA,Chester Hill Borough,municipality,annual,1,,2006
PA,Clairton,municipality,annual,1,,2000-2001
PA,Clarion County,county,annual,1,,1998-2024
PA,Clarks Summit,municipality,annual,1,,2002
PA,Clearfield,municipality,annual,1,,2015-2016
PA,Clearfield Borough,municipality,annual,1,,2000 2006-2007
PA,Clearfield County,county,annual,1,,1998-2023
PA,Clinton County,county,annual,1,,1998-2002 2004-2024
PA,Coal Township,township,annual,1,,2003-2004 2006-2007 2017
PA,Coaldale,municipality,annual,1,,2003
PA,Coatesville,municipality,annual,1,,2002-2003 2024-2025
PA,Coatsville,municipality,annual,1,,1999
PA,Cochranton,municipality,annual,1,,2008-2011
PA,College Township,township,annual,1,,2017
PA,Collegeville,municipality,annual,1,,2000
PA,Collegeville Borough,municipality,annual,1,,2023
PA,Columbia,municipality,annual,1,,2006 2013-2015
PA,Columbia County,county,annual,1,,1998-2024
PA,Conemaugh Township,township,annual,1,,1998-1999
PA,Conneaut Lake,municipality,annual,1,,2018
PA,Connellsville,municipality,annual,1,,2001 2004 2012 2018 2024
PA,Conshohocken,municipality,annual,1,,1998-2000 2002
PA,Conyngham Township,township,annual,1,,2014 2016-2017
PA,Coopersburg,municipality,annual,1,,2019 2024
PA,Cornplanter Township,township,annual,1,,2011-2013
PA,Corry,municipality,annual,1,,1998-1999 2003-2004 2007-2008 2010
PA,Corsica,municipality,annual,1,,1998
PA,Coudersport,municipality,annual,1,,2011
PA,Courtdale,municipality,annual,1,,1999
PA,Cowanshannock Township,township,annual,1,,2015
PA,Cranberry Township,township,annual,1,,2001 2018 2020 2023 2025
PA,Cranberry Township,township,other,,18,2012
PA,Crawford County,county,annual,1,,1998-2002 2004-2010 2012-2019 2021-2024
PA,Cresson,municipality,biennial,,,1998
PA,Cumberland County,county,annual,1,,1998-2020 2022-2024
PA,Cumru Township,township,annual,1,,2002
PA,Curtin Township,township,annual,1,,1999
PA,Dale,municipality,annual,1,,2010
PA,Danville,municipality,annual,1,,2003
PA,Dauphin Borough,municipality,annual,1,,2007-2008
PA,Dauphin County,county,annual,1,,1998-2024
PA,Decatur Township,township,biennial,,,2000
PA,Deemston Borough,municipality,annual,1,,2004
PA,Delaware County,county,annual,1,,1998-2024
PA,Delta Borough,municipality,annual,1,,1998 2000
PA,Derry Township,township,annual,1,,2000 2003 2005 2007 2010-2012 2020-2022
PA,Dickson City,municipality,annual,1,,2010-2012 2023
PA,Donora,municipality,annual,1,,2009
PA,Dover Township,township,annual,1,,2025
PA,Downingtown,municipality,annual,1,,2019-2022 2024
PA,Doylestown,municipality,annual,1,,2003 2006
PA,Doylestown Township,township,annual,1,,2008 2022 2024
PA,Dublin Township,township,annual,1,,2006-2007 2010
PA,Dubois,municipality,annual,1,,1998-2008 2010 2013-2014 2019 2021-2023
PA,Duboistown,municipality,annual,1,,2011
PA,Dunbar Township,township,annual,1,,2010
PA,Duncan Township,township,annual,1,,2004
PA,Dunmore,municipality,annual,1,,2005
PA,Dushore Borough,municipality,annual,1,,2003
PA,East Brady Borough,municipality,annual,1,,2003
PA,East Conemaugh Borough,municipality,annual,1,,2010-2012
PA,East Earl Township,township,annual,1,,2017
PA,East Franklin Township,township,annual,1,,2009-2010 2024
PA,East Goshen Township,township,annual,1,,2020-2023
PA,East Hempfield Township,township,annual,1,,2020-2021 2023-2024
PA,East Huntingdon Township,township,annual,1,,2000
PA,East Penn Township,township,annual,1,,2009-2010
PA,East Pennsboro Township,township,annual,1,,1998-2000 2022
PA,East Side Borough,municipality,annual,1,,2000
PA,East Stroudsburg,municipality,annual,1,,2007-2009 2012
PA,East Stroudsburg Borough,municipality,annual,1,,2024
PA,East Vandergrift,municipality,annual,1,,2014-2015
PA,Easton,municipality,annual,1,,1998-2017 2020-2023
PA,Ebensburg Borough,municipality,annual,1,,2005
PA,Eldred,municipality,annual,1,,2023-2024
PA,Elizabethtown,municipality,annual,1,,2009-2014
PA,Elizabethtown Borough,municipality,annual,1,,2023
PA,Elk County,county,annual,1,,1998-2024
PA,Elk Township,township,annual,1,,2007 2012
PA,Elkland,municipality,annual,1,,2007
PA,Elkland Borough,municipality,annual,1,,2004
PA,Ellwood City,municipality,annual,1,,2006-2010
PA,Ellwood City Borough,municipality,annual,1,,2023-2024
PA,Emmaus,municipality,annual,1,,2007
PA,Emsworth,municipality,annual,1,,2010 2013-2015
PA,Ephrata Township,township,annual,1,,2006
PA,Erie,municipality,annual,1,,1998-2024
PA,Erie County,county,annual,1,,1998-2024
PA,Etna,municipality,annual,1,,2014
PA,Exeter Borough,municipality,annual,1,,2006
PA,Exeter Township,township,annual,1,,2005 2021
PA,Export Borough,municipality,annual,1,,2003
PA,Factoryville,municipality,annual,1,,2007 2009-2010
PA,Fairchance,municipality,annual,8,,2002
PA,Falls Township,township,annual,1,,2006 2022
PA,Farmington Township,township,annual,1,,2001 2007 2009
PA,Farrell,municipality,annual,1,,2000 2002-2003 2008 2013 2023
PA,Farrell City,municipality,annual,1,,1998-1999
PA,Farrell Farrell,municipality,annual,1,,2004-2006
PA,Fayette County,county,annual,1,,1998 2002-2024
PA,Felton Borough,municipality,annual,1,,2004-2005
PA,Ferguson Township,township,annual,1,,2000-2006 2011 2022
PA,Ferguson Township,township,other,,13,2012
PA,Findlay Township,township,annual,1,,2016
PA,Ford City Borough,municipality,annual,1,,2024
PA,Forest City,municipality,annual,1,,2012-2013 2016
PA,Forest County,county,annual,1,,1998-2024
PA,Forest Lake Township,township,annual,1,,2012
PA,Forks Township,township,annual,1,,2024
PA,Forty Fort,municipality,annual,1,,2016
PA,Foster Township,township,annual,1,,2001 2006 2008-2010
PA,Fountain Hill,municipality,annual,1,,2012
PA,Fox Township,township,annual,1,,2014 2019
PA,Frackville,municipality,annual,1,,1999 2003
PA,Frackville Borough,municipality,annual,1,,2021
PA,Frankin Township,township,annual,1,,2022
PA,Franklin,municipality,annual,1,,1998-2003 2007-2008 2010 2022-2024
PA,Franklin County,county,annual,1,,1998-2010 2012-2025
PA,Franklin Township,township,annual,1,,2002-2003 2008-2009
PA,Freeport Borough,municipality,annual,1,,2024
PA,Frenchcreek Township,township,annual,1,,2005
PA,Fulton County,county,annual,1,,1998-2024
PA,Galeton,municipality,annual,1,,2003 2007
PA,Gallitzin Borough,municipality,annual,1,,2001
PA,Garrett Borough,municipality,annual,1,,2010
PA,German Township,township,annual,1,,2007
PA,Gettysburg,municipality,annual,1,,2001 2005 2011-2012 2018 2022
PA,Girard Borough,municipality,annual,1,,2014-2015
PA,Girard Township,township,annual,1,,2001 2007
PA,Girardville,municipality,annual,1,,2002
PA,Girardville Borough,municipality,annual,1,,2001
PA,Grant Township,township,annual,1,,2015
PA,Green Lane Borough,municipality,other,,18,2025
PA,Green Township,township,annual,1,,2011-2012
PA,Green Tree,municipality,annual,1,,2009
PA,Greene County,county,annual,1,,1998-2024
PA,Greene Township,township,annual,1,,2008 2018-2019
PA,Greensburg,municipality,annual,1,,2004 2007 2009-2010 2013
PA,Greenville,municipality,annual,1,,2021
PA,Gregg Township,township,annual,1,,2013
PA,Grove City,municipality,annual,1,,2007 2010 2014
PA,Guilford Township,township,annual,1,,2001
PA,Hamburg,municipality,annual,1,,2009 2012-2013
PA,Hamilton Township,township,annual,1,,2002
PA,Hampden Township,township,annual,1,,2007
PA,Hampstead,municipality,annual,7,,2022
PA,Hampton Township,township,annual,1,,2007 2015
PA,Hampton Township,township,other,,4,2004
PA,Hanover,municipality,annual,1,,2022-2023
PA,Hanover Township,township,annual,1,,1998
PA,Harborcreek Township,township,annual,1,,2001-2002 2007
PA,Harmar Township,township,annual,1,,2001
PA,Harrisburg,municipality,annual,1,,1998-2023
PA,Harrison Township,township,annual,1,,2002 2005
PA,Hatboro,municipality,annual,1,,2015 2017
PA,Hatfield Township,township,annual,1,,2024
PA,Haverford Township,township,annual,1,,1999 2001-2025
PA,Hazleton,municipality,annual,1,,1998-2018 2020-2024
PA,Hebron Township,township,annual,1,,2006
PA,Heidelberg Township,township,other,,95,2012
PA,Hellertown,municipality,annual,1,,2006 2013 2021
PA,Hemlock Township,township,annual,1,,2013 2019
PA,Hempfield Township,township,annual,1,,2012 2014
PA,Hepburn Township,township,annual,1,,1998
PA,Hermitage,municipality,annual,1,,1999-2014 2017 2020-2024
PA,Hermitage City,municipality,annual,1,,1998
PA,Hollidaysburg,municipality,annual,1,,2000-2001 2004-2005
PA,Honesdale,municipality,annual,1,,2007
PA,Hopewell Township,township,annual,1,,2001-2003 2005 2024
PA,Horsham Township,township,annual,1,,2004-2005 2022
PA,Howe Township,township,annual,1,,2009
PA,Hughesville Borough,municipality,annual,1,,2005
PA,Hummelstown,municipality,annual,1,,2008 2010 2013
PA,Huntingdon,municipality,annual,1,,2000-2002 2008-2016
PA,Huntingdon County,county,annual,1,,1998-2024
PA,Hyde Park Pa Infrastructure Investment Auth Loan Prg,municipality,annual,1,,2007
PA,Indiana,municipality,annual,1,,1999 2001-2003 2006 2009 2013
PA,Indiana County,county,annual,1,,1998-2022
PA,Irwin,municipality,annual,1,,2007 2009 2012 2024
PA,Jackson Township,township,annual,1,,2008
PA,Jeannette,municipality,annual,1,,1998-2003 2005 2007-2010 2012-2013 2023-2024
PA,Jefferson County,county,annual,1,,1998-2024
PA,Jefferson Township,township,annual,1,,2009-2010
PA,Jenkins Township,township,annual,1,,2013-2014
PA,Jenkintown,municipality,other,,27,2012
PA,Jenks Township,township,annual,1,,2020
PA,Jermyn,municipality,annual,1,,2008
PA,Jersey Shore,municipality,annual,1,,2012
PA,Jim Thorpe,municipality,annual,1,,2002 2006 2010 2018 2025
PA,Johnstown,municipality,annual,1,,1998-2024
PA,Jones Township,township,annual,1,,2003 2009
PA,Juniata County,county,annual,1,,1998-2024
PA,Juniata Terrace,municipality,annual,1,,2001
PA,Kane,municipality,annual,1,,1999
PA,Keating Township,township,annual,1,,2020-2021
PA,Kelly Township,township,annual,1,,2018
PA,Kennett Square,municipality,annual,1,,2015 2024
PA,Kidder Township,township,annual,1,,2003-2004
PA,Kilbuck Township,township,annual,1,,2007
PA,Kingston,municipality,annual,1,,2013
PA,Kittanning Borough,municipality,annual,1,,1998
PA,Koppel,municipality,annual,1,,2003
PA,Kutztown Borough,municipality,annual,1,,2008
PA,Lackawanna County,county,annual,1,,2002-2003 2005-2024
PA,Lackawanna Transit System County,county,annual,7,,2009-2017
PA,Lafayette Township,township,annual,1,,2004
PA,Lancaster,municipality,annual,1,,1999-2024
PA,Lancaster City,municipality,annual,1,,1998
PA,Lancaster County,county,annual,1,,1998-2022
PA,Lanesboro,municipality,annual,1,,2022
PA,Lansdale,municipality,annual,1,,2011-2014
PA,Lansdowne,municipality,annual,1,,2023
PA,Lansford,municipality,annual,1,,2008
PA,Lawrence County,county,annual,1,,1998-1999 2001-2024
PA,Lawrence Township,township,annual,1,,2003-2005 2010
PA,Lebanon,municipality,annual,1,,2002-2003 2006-2015 2018-2019 2021-2024
PA,Lebanon City,municipality,annual,1,,1998
PA,Lebanon County,county,annual,1,,1998-2023
PA,Leechburg,municipality,annual,1,,2005
PA,Leetsdale,municipality,annual,1,,2006-2007
PA,Lehigh County,county,annual,1,,1998-2021 2023-2024
PA,Leraysville Borough,municipality,other,,40,2000
PA,Lewisburg Borough,municipality,annual,1,,2013-2014 2022-2023
PA,Lewistown,municipality,annual,1,,2000 2003-2004 2010
PA,Licking Township,township,annual,1,,2008
PA,Lilly Borough,municipality,annual,1,,2012
PA,Limerick Township,township,annual,1,,1998 2000-2001 2003 2021-2022
PA,Lititz,municipality,annual,1,,2017 2022
PA,Littlestown,municipality,annual,1,,2009 2013-2014
PA,Lock Haven,municipality,annual,1,,1998-2006 2008-2015 2021-2023
PA,Locust Township,township,other,,38,2003
PA,Logan Township,township,annual,1,,1999 2002-2003 2005-2006 2020 2024
PA,Londonderry Township,township,annual,1,,2007 2012
PA,Lower Allen Township,township,annual,1,,2000 2002-2005 2020
PA,Lower Macungie Township,township,annual,1,,2009 2014
PA,Lower Makefield Township,township,annual,1,,2000-2001 2006 2022
PA,Lower Merion Township,township,annual,1,,1999-2024
PA,Lower Moreland Township,township,annual,1,,2002 2005
PA,Lower Oxford Township,township,annual,1,,2024
PA,Lower Paxton Township,township,annual,1,,2017-2018 2020-2022 2024
PA,Lower Pottsgrove Township,township,annual,1,,2002
PA,Lower Providence Township,township,annual,1,,2024
PA,Lower Saucon Township,township,annual,1,,2024
PA,Lower Swatara Township,township,annual,1,,2010-2013 2024
PA,Loyalsock Township,township,annual,1,,2000 2002-2003 2009-2010 2012-2013 2020 2023
PA,Luzerne County,county,annual,1,,1998-2024
PA,Lycoming County,county,annual,1,,1998-2024
PA,Lycoming Township,township,annual,1,,2000
PA,Mahanoy City,municipality,annual,1,,1998 2000-2002 2008 2014
PA,Mahoning Township,township,annual,1,,2012
PA,Manheim,municipality,annual,1,,1998
PA,Manheim Township,township,annual,1,,2020
PA,Manor Township,township,annual,1,,2020-2022
PA,Mansfield Borough,municipality,annual,1,,2010
PA,Marcus Hook,municipality,annual,1,,2004 2016
PA,Marianna,municipality,annual,1,,1998
PA,Marshall Township,township,annual,1,,2022
PA,Marysville,municipality,annual,1,,2012-2014
PA,Matamoras,municipality,annual,1,,2008
PA,Matamoras,municipality,other,,22,2010
PA,Mcintyre Township,township,annual,1,,2002
PA,Mckean County,county,annual,1,,1998-2007 2009-2024
PA,Mckean Township,township,annual,1,,2012 2014
PA,Mckeesport,municipality,annual,1,,1998-2006 2008-2015 2017 2021-2024
PA,Meadville,municipality,annual,1,,1998-1999 2001-2003 2005-2006 2008 2010-2012 2014 2020-2022
PA,Mechanicsburg,municipality,annual,1,,2012
PA,Media,municipality,annual,1,,2006
PA,Mehoopany Township,township,annual,1,,2000
PA,Mercer,municipality,annual,1,,2017-2019
PA,Mercer County,county,annual,1,,1998-1999 2001-2024
PA,Meshoppen,municipality,annual,1,,2008
PA,Meshoppen Borough,municipality,annual,1,,1999
PA,Meyersdale,municipality,annual,1,,2009-2010
PA,Meyersdale Borough,municipality,annual,1,,2000-2001
PA,Middleburg Borough,municipality,annual,1,,1998-2002
PA,Middletown,municipality,annual,1,,2012 2014
PA,Middletown Township,township,annual,1,,2022-2023
PA,Mifflin County,county,annual,1,,1998-2024
PA,Mifflinburg,municipality,annual,1,,2008-2012
PA,Milford,municipality,annual,1,,2004
PA,Millcreek Township,township,annual,1,,2000-2001 2004 2011 2021-2022
PA,Millersburg,municipality,annual,1,,2018
PA,Millvale,municipality,annual,1,,2003 2005 2008
PA,Milton,municipality,annual,1,,2001-2002
PA,Minersville,municipality,annual,1,,2009
PA,Monessen,municipality,annual,1,,1998-2003 2005 2007 2010-2012 2022-2024
PA,Monroe County,county,annual,1,,1999 2005-2024
PA,Monroe Pennsylvannia County,county,annual,1,,2000
PA,Monroe Township,township,annual,1,,2005-2009
PA,Monroeville,municipality,annual,1,,2007 2022 2024
PA,Montgomery Borough,municipality,annual,1,,2000
PA,Montgomery County,county,annual,1,,1998-2024
PA,Montour County,county,annual,1,,1998-2017 2019-2024
PA,Montour Township,township,annual,1,,2013
PA,Montoursville,municipality,annual,1,,1998
PA,Moreland Township,township,annual,1,,2007
PA,Morrisville,municipality,annual,1,,2023
PA,Mount Carmel,municipality,annual,1,,1998 2000 2008-2009
PA,Mount Carmel Borough,municipality,annual,1,,2001-2002 2004 2012
PA,Mount Holly Springs,municipality,annual,1,,2005
PA,Mount Joy,municipality,annual,1,,2011
PA,Mount Union,municipality,annual,1,,2001-2002 2010 2022
PA,Mt. Lebanon,municipality,annual,1,,2022
PA,Muhlenberg Township,township,annual,1,,2002-2003 2011
PA,Murrysville,municipality,annual,1,,2001-2002 2009 2021
PA,Nanticoke,municipality,annual,1,,2001-2002 2004-2005 2008-2010 2013 2018 2023-2024
PA,Nantocoke,municipality,annual,1,,2012
PA,Neshannock Township,township,annual,1,,2019
PA,Nether Providence Township,township,annual,1,,2020
PA,Neville Township,township,other,,11,2010
PA,New Brighton Borough,municipality,annual,1,,2008 2023-2024
PA,New Britain Township,township,annual,1,,2020
PA,New Castle,municipality,annual,1,,1998-2010 2012 2020 2022-2023
PA,New Cumberland,municipality,annual,1,,2008
PA,New Garden Township,township,annual,1,,2010-2011 2016-2017 2023
PA,New Hanover Township,township,annual,1,,2024
PA,New Kensington,municipality,annual,1,,1998-2000 2002-2005 2007-2008 2010-2011 2023
PA,New Windsor,municipality,annual,7,,2025
PA,Newport Borough,municipality,annual,1,,2005-2006
PA,Newport Township,township,annual,1,,2022-2024
PA,Newtown Township,township,annual,1,,2001 2004-2006 2016
PA,Nhs Bucks County,county,annual,7,,2009-2015
PA,Nhs Chester County,county,annual,7,,2009-2015
PA,Nhs Delaware County,county,annual,7,,2011-2015
PA,Nhs Montgomery County,county,annual,7,,2011-2015
PA,Norristown,municipality,annual,1,,1999-2004 2006-2007 2009-2019 2021-2024
PA,Norristown Borough,municipality,annual,1,,1998
PA,North Annville Township,township,annual,1,,2009
PA,North Beaver Township,township,annual,1,,2006-2007 2013-2014 2021-2022
PA,North Coventry Township,township,annual,1,,2019
PA,North East Erie County,municipality,annual,1,,1998
PA,North East Township,township,annual,1,,2003 2015
PA,North Strabane Township,township,annual,1,,2023
PA,North Wales,municipality,annual,1,,2019 2023
PA,North Wales Borough,municipality,annual,1,,2001-2003
PA,North Whitehall Township,township,annual,1,,2003
PA,North Whitehall Township,township,other,,42,2002
PA,Northampton,municipality,annual,1,,2006
PA,Northampton County,county,annual,1,,1998-2024
PA,Northern Cambria,municipality,annual,1,,2020 2024
PA,Northumberland,municipality,annual,1,,2015-2017
PA,Northumberland County,county,annual,1,,1998-2023
PA,Norwich Township,township,annual,1,,2010
PA,Oil City,municipality,annual,1,,1998-2004 2008 2010-2013
PA,Old Forge,municipality,annual,1,,2006
PA,Old Lycoming Township,township,annual,1,,1998 2000-2001 2003 2011-2015
PA,Olyphant,municipality,annual,1,,2001 2010-2011
PA,Orwigsburg,municipality,annual,1,,2024
PA,Otto Township,township,annual,1,,1998-1999
PA,Oxford,municipality,annual,1,,1998 2000
PA,Palmyra,municipality,annual,1,,2013
PA,Parker,municipality,annual,1,,1998-1999 2003 2005 2007 2011
PA,Parkesburg,municipality,annual,1,,2010
PA,Patton Township,township,annual,1,,2020
PA,Penn Hills,municipality,annual,1,,1998-2016 2018-2024
PA,Penn Township,township,annual,1,,2000 2005 2007 2009 2024
PA,Pennsburg Borough,municipality,annual,1,,2024
PA,Pennsburg Borough,municipality,annual,7,,2025
PA,Perkiomen Township,township,annual,1,,2023
PA,Perry County,county,annual,1,,1998-2023
PA,Peters Township,township,annual,1,,2022-2023
PA,Philadelphia,municipality,annual,7,,1998-2024
PA,Philipsburg Borough,municipality,annual,1,,2003 2009
PA,Phoenixville,municipality,annual,1,,2010 2013-2014 2020
PA,Piatt Township,township,annual,1,,2009
PA,Pike County,county,annual,1,,1998-2016 2018-2024
PA,Pine Grove Borough,municipality,annual,1,,2010-2011 2013
PA,Pine Grove Township,township,annual,1,,1999
PA,Pittsburgh,municipality,annual,1,,1998 2000-2024
PA,Pittston,municipality,annual,1,,1998-2004 2006-2014 2016 2018-2019 2021-2024
PA,Plains Township,township,annual,1,,1999 2001 2014
PA,Pleasant Hills,municipality,annual,1,,2001
PA,Pleasantville Borough,municipality,annual,1,,2010-2011
PA,Plum,municipality,annual,1,,2022
PA,Plunketts Creek Township,township,annual,1,,2014
PA,Plymouth Township,township,annual,1,,2008 2015 2021-2022
PA,Pocono Township,township,annual,1,,2008 2010-2013
PA,Point Marion,municipality,annual,1,,2011-2013
PA,Portage Borough,municipality,annual,1,,2008
PA,Portland,municipality,annual,1,,2008-2009
PA,Potter County,county,annual,1,,1998-2024
PA,Pottstown,municipality,annual,1,,1998-1999 2001-2005 2008-2025
PA,Pottsville,municipality,annual,1,,1998-2010
PA,Prospect Borough,municipality,annual,1,,2002 2014
PA,Providence Township,township,annual,1,,2018
PA,Punxsutawney,municipality,annual,1,,2011
PA,Quakertown,municipality,annual,1,,2004 2011
PA,Radnor Township,township,annual,1,,2021-2022
PA,Rapho Township,township,annual,1,,2011
PA,Reading,municipality,annual,1,,1998-2009 2011-2024
PA,Reading,municipality,annual,7,,2010
PA,Redbank Township,township,annual,1,,2002
PA,Rices Landing,municipality,annual,1,,2000
PA,Richland Township,township,annual,1,,2010-2011
PA,Ridley Park,municipality,annual,1,,2020
PA,Ridley Township,township,annual,1,,2000
PA,Rockledge Borough,municipality,annual,1,,2010
PA,Ross Township,township,annual,1,,2005
PA,Rostraver Township,township,annual,1,,2002 2007-2010
PA,Roulette Township,township,annual,1,,2005 2008
PA,Royalton Federal Critical Bridge Program,municipality,annual,1,,2009-2010
PA,Rush Township,township,annual,1,,2001
PA,Saint Marys,municipality,annual,1,,1998-1999 2010 2013 2024
PA,Salem Township,township,annual,1,,2008
PA,Salisbury Township,township,annual,7,,2001
PA,Sandy Township,township,annual,1,,2004
PA,Sandycreek Township,township,annual,1,,1998
PA,Saxonburg,municipality,other,,13,2013
PA,Sayre,municipality,annual,1,,2005-2006
PA,Schickshinny,municipality,annual,1,,1998
PA,Schuylkill County,county,annual,1,,1998-2024
PA,Schwenksville,municipality,annual,1,,2020
PA,Scott Township,township,annual,1,,2013-2014 2024
PA,Scottdale,municipality,annual,1,,2002
PA,Scranton,municipality,annual,1,,1998-1999 2001-2024
PA,Selinsgrove Borough,municipality,annual,1,,2000
PA,Sewickley,municipality,annual,1,,2010
PA,Shaler Township,township,annual,1,,2006-2008 2021-2022
PA,Shamokin,municipality,annual,1,,1998-2005 2013 2016
PA,Shamokin Dam Borough,municipality,annual,1,,2000
PA,Sharon,municipality,annual,1,,1998-2014 2019-2024
PA,Sharon Hill,municipality,annual,1,,2002
PA,Sharpsville,municipality,annual,1,,2000 2010-2011 2023-2024
PA,Shippensburg,municipality,annual,1,,2007
PA,Shoemakersville,municipality,annual,1,,2000-2001
PA,Silver Spring Township,township,annual,1,,2024
PA,Smithfield Township,township,annual,1,,2000 2005-2006
PA,Snow Shoe Township,township,other,,93,2007
PA,Snyder County,county,annual,1,,1998-2024
PA,Snyder Township,township,annual,1,,2003-2004
PA,Solebury Township,township,annual,1,,2012-2013 2017 2021
PA,Somerset County,county,annual,1,,1998-2024
PA,South Connellsville,municipality,annual,1,,2010
PA,South Creek Township,township,annual,1,,2010
PA,South Hanover Township,township,annual,1,,2013 2016
PA,South Lebanon Township,township,annual,1,,2009
PA,South Londerry Township,township,annual,1,,2011
PA,South Londonderry Township,township,annual,1,,2008-2010
PA,South Union Township,township,annual,1,,2007 2009
PA,South Whitehall Township,township,annual,1,,2024
PA,South Williamsport,municipality,annual,1,,2001 2003 2007 2009-2013
PA,Southampton Township,township,annual,1,,2009
PA,Spring Creek Township,township,annual,1,,2012
PA,Springdale,municipality,annual,1,,2018-2020
PA,Springettsbury Township,township,annual,1,,2000-2002 2007
PA,Springfield Township,township,annual,1,,2008 2010 2012-2014
PA,Spruce Creek Township,township,annual,1,,2010
PA,St. Clair,municipality,annual,1,,2002
PA,St. Marys,municipality,annual,1,,2000-2004 2006-2007
PA,State College,municipality,annual,1,,1998-2025
PA,Steelton,municipality,annual,1,,2014-2016
PA,Stonycreek Township,township,annual,1,,2015-2016
PA,Stroudsburg,municipality,annual,1,,2001
PA,Sugarcreek,municipality,annual,1,,2001
PA,Sullivan County,county,annual,1,,1998-2003 2006-2007 2009-2010 2012-2013 2018 2020-2024
PA,Sullivan Township,township,annual,1,,1999
PA,Summerhill Township,township,annual,1,,2007
PA,Summerville,municipality,annual,1,,1999
PA,Summit Township,township,annual,1,,2003
PA,Sunbury,municipality,annual,1,,1999-2003 2007 2009-2013 2015 2017-2019 2022 2024
PA,Sunbury City,municipality,annual,1,,1998
PA,Susquehanna County,county,annual,1,,2000-2024
PA,Susquehanna Township,township,annual,1,,1998-1999 2004-2005 2020 2022
PA,Susquehannna County,county,annual,1,,1998-1999
PA,Swarthmore,municipality,annual,1,,2005 2014
PA,Swatara Township,township,annual,1,,2020 2022
PA,Sweden Township,township,annual,1,,2001
PA,Swissvale,municipality,annual,1,,2012 2019
PA,Sykesville,municipality,annual,1,,2000-2001
PA,Tamaqua,municipality,annual,1,,2011
PA,The Arc Lackawanna County,county,annual,7,,1998-2000
PA,Tinicum Township,township,annual,1,,2016-2017
PA,Tioga County,county,annual,1,,1998-2003 2005-2024
PA,Titusville,municipality,annual,1,,1999-2007 2009-2010 2014-2016
PA,Titusville City,municipality,annual,1,,1998
PA,Tobyhanna Township,township,annual,1,,1998-2000 2022
PA,Topton,municipality,annual,1,,2023
PA,Topton Borough,municipality,annual,1,,2002-2003
PA,Towamencin Township,township,annual,1,,2001-2003 2022-2023
PA,Towanda,municipality,annual,1,,2003-2004
PA,Towanda Borough,municipality,annual,1,,2016-2017
PA,Tower City,municipality,annual,1,,2001
PA,Tredyffrin Township,township,annual,1,,2010 2017 2021 2023-2024
PA,Troy,municipality,annual,1,,2007
PA,Tyrone,municipality,annual,1,,1999-2003 2006 2011-2012
PA,Union County,county,annual,1,,1998-2025
PA,Union Township,township,annual,1,,1998 2001 2011 2024
PA,Uniontown,municipality,annual,1,,1998 2001 2004 2010-2013 2022
PA,Uniontown Sewer System,municipality,annual,1,,2004
PA,Unity Township,township,annual,1,,2009-2010
PA,Unity Township,township,annual,7,,2002
PA,Upper Allen Township,township,annual,1,,2006 2022
PA,Upper Bern Township,township,annual,1,,2002
PA,Upper Darby Township,township,annual,1,,1998-2017 2019-2022 2024-2025
PA,Upper Dublin Township,township,annual,1,,2002
PA,Upper Gwynedd Township,township,annual,1,,2000 2004-2005 2025
PA,Upper Makefield Township,township,annual,1,,2006 2008
PA,Upper Merion Township,township,annual,1,,1998-2002 2004-2012 2021-2022 2024
PA,Upper Moreland Township,township,annual,1,,2002-2003
PA,Upper Pottsgrove Township,township,annual,1,,2009-2010
PA,Upper Providence Township,township,annual,1,,1999 2004
PA,Upper Southampton Township,township,annual,1,,2020
PA,Upper St. Clair Township,township,annual,1,,2022
PA,Upper Uwchlan Township,township,annual,1,,2019 2024
PA,Upper Yoder Township,township,annual,1,,2012
PA,Ursina Borough,municipality,annual,1,,2014
PA,Valley Township,township,biennial,,,2005
PA,Vandergrift,municipality,annual,1,,1998
PA,Venango County,county,annual,1,,1998-2024
PA,Volant Borough,municipality,annual,1,,2009-2010
PA,Warren,municipality,annual,1,,1998-2012 2014-2016 2021 2023-2024
PA,Warren County,county,annual,1,,1998-2023
PA,Warrington Township,township,annual,1,,2016-2019
PA,Warwick Township,township,annual,1,,2013
PA,Washington,municipality,annual,1,,1998 2008 2012-2014
PA,Washington County,county,annual,1,,1998-2024
PA,Washington Township,township,annual,1,,2000 2009-2010
PA,Waterford Township,township,annual,1,,2011
PA,Wayne County,county,annual,1,,1998-1999 2001-2025
PA,Waynesboro,municipality,annual,1,,1999 2009
PA,Waynesburg,municipality,annual,1,,2010 2023
PA,West Bradford Township,township,annual,1,,2010-2012
PA,West Chester,municipality,annual,1,,2002 2014
PA,West Chillisquaque Township,township,annual,1,,2002
PA,West Donegal Township,township,annual,1,,2007
PA,West Fallowfield Township,township,annual,1,,2000-2001
PA,West Goshen Township,township,annual,1,,2023
PA,West Grove,municipality,annual,1,,2016
PA,West Lebanon Township,township,annual,1,,2006-2007 2010
PA,West Mifflin,municipality,annual,1,,2024
PA,West Newton,municipality,annual,1,,2012
PA,West Norriton Township,township,annual,1,,2011 2024
PA,West Pittston,municipality,annual,1,,2009-2021
PA,West Reading,municipality,annual,1,,2009
PA,West St Clair Township,township,annual,1,,2009
PA,West Whiteland Township,township,annual,1,,2024
PA,West Wyoming,municipality,annual,1,,2013
PA,Westmont,municipality,annual,1,,2017-2018 2020-2021
PA,Westmoreland County,county,annual,1,,1998-2024
PA,Westover,municipality,annual,1,,2003
PA,Westtown Township,township,annual,1,,2024-2025
PA,Wheatland,municipality,annual,1,,2003
PA,Whitehall Township,township,annual,1,,2009-2010 2017 2023
PA,Whitemarsh Township,township,annual,1,,2010 2012 2014
PA,Whitpain Township,township,annual,1,,2010 2024
PA,Wilkes - Barre,municipality,annual,1,,1998 2000 2002-2003
PA,Wilkes-Barre,municipality,annual,1,,2004-2024
PA,Wilkes-Barre Township,township,annual,1,,2023
PA,Williamsport,municipality,annual,1,,1998-2024
PA,Wilson,municipality,annual,1,,2011
PA,Windber,municipality,annual,1,,1999 2001 2003
PA,Windber Borough,municipality,annual,1,,2025
PA,Woodcock Township,township,annual,1,,2014
PA,Wyoming County,county,annual,1,,1998 2000-2021
PA,Yardley Borough,municipality,annual,1,,2007 2012-2013 2017 2023-2024
PA,York,municipality,annual,1,,1998-2019
PA,York County,county,annual,1,,1998-1999 2006-2019 2021-2024
PA,Youngsville,municipality,annual,1,,2001-2002 2013
PA,Youngwood,municipality,annual,1,,2006 2020
RI,Barrington,municipality,annual,7,,1998-2025
RI,Bristol,municipality,annual,7,,2006-2007 2009-2021 2023-2025
RI,Burrillville,municipality,annual,7,,1998 2000-2001 2008-2024
RI,Central Falls,municipality,annual,7,,2000-2013 2015-2017 2021 2023-2025
RI,Central Falls City,municipality,annual,7,,1998-1999
RI,Charlestown,municipality,annual,7,,2006-2007 2010 2013 2017 2023 2025
RI,Coventry,municipality,annual,7,,1998-2020 2022-2023
RI,Cranston,municipality,annual,7,,1998 2001-2023
RI,Cumberland,municipality,annual,7,,1998-2000 2003-2021 2023-2025
RI,East Greenwich,municipality,annual,7,,1998-1999 2001-2003 2005-2025
RI,East Providence,municipality,annual,11,,1999-2003 2005-2023
RI,Foster,municipality,annual,7,,2011 2015 2021-2025
RI,Glocester,municipality,annual,7,,1998-2015 2021-2025
RI,Hopkinton,municipality,annual,7,,2010 2021 2025
RI,Jamestown,municipality,annual,7,,2007 2010-2015 2021-2024
RI,Johnston,municipality,annual,7,,1999-2003 2005 2007-2021 2023-2024
RI,Lincoln,municipality,annual,7,,1998 2000-2022 2024-2025
RI,Lincoln,municipality,annual,8,,2023
RI,Little Compton,municipality,annual,7,,2008-2009 2011-2012
RI,Middletown,municipality,annual,7,,1998-2024
RI,Narragansett,municipality,annual,7,,1998-2025
RI,New Shoreham,municipality,annual,7,,1998 2000-2003 2005-2009 2011-2015 2021-2022 2024
RI,Newport,municipality,annual,7,,1999 2001-2025
RI,North Kingstown,municipality,annual,7,,1998-2006 2009-2021 2023-2024
RI,North Kinsgtown,municipality,annual,7,,2008
RI,North Providence,municipality,annual,7,,1998-2021 2023-2024
RI,North Smithfield,municipality,annual,7,,2004-2005 2008-2009 2011-2016 2018-2025
RI,Pawtucket,municipality,annual,7,,1998-1999 2001-2017 2020-2022 2024
RI,Portsmouth,municipality,annual,7,,2000 2006-2024
RI,Providence,municipality,annual,7,,1998-1999 2001-2003 2005-2025
RI,Richmond,municipality,annual,7,,2015-2016 2021
RI,Scituate,municipality,annual,4,,1998-2023
RI,Scituate,municipality,annual,7,,2024
RI,Smithfield,municipality,annual,7,,1998-2000 2002-2019 2021 2023-2024
RI,South Kingstown,municipality,annual,7,,1998-2025
RI,Tiverton,municipality,annual,7,,2001-2015 2017-2024
RI,Warren,municipality,annual,7,,2005 2012-2014 2019-2021 2023-2024
RI,Warwick,municipality,annual,7,,1998-2024
RI,West Warwick,municipality,annual,7,,1998 2001-2017 2019-2025
RI,Westerly,municipality,annual,7,,1999-2021 2023-2025
RI,Westerly Town,municipality,annual,7,,1998
RI,Woonsocket,municipality,annual,7,,1999-2002 2004-2005 2007-2023
SC,Abbeville,municipality,annual,10,,2025
SC,Abbeville,municipality,annual,11,,1999 2010-2011 2015 2021 2024
SC,Abbeville County,county,annual,7,,2001 2022-2025
SC,Aiken,municipality,annual,7,,1998-2007 2009-2025
SC,Aiken County,county,annual,7,,1998-2002 2005-2025
SC,Allendale County,county,annual,7,,2006 2010-2012 2014-2015 2017 2023-2024
SC,Anderson,municipality,annual,7,,2000-2018 2020-2021 2023-2025
SC,Anderson City,municipality,annual,7,,1998-1999
SC,Anderson County,county,annual,7,,1998-2017 2019-2021 2023-2025
SC,Awendaw,municipality,annual,7,,2008
SC,Aynor,municipality,annual,7,,1999
SC,Bamberg County,county,annual,7,,2000 2002 2015 2024-2025
SC,Barnwell,municipality,annual,10,,2000-2002 2015 2017 2025
SC,Barnwell County,county,annual,7,,1998-2001 2003-2009 2023
SC,Batesburg-Leesville,municipality,annual,7,,2008 2024-2025
SC,Beaufort,municipality,annual,7,,1998 2000-2001 2003 2012-2013 2015 2018-2025
SC,Beaufort County,county,annual,7,,2005-2025
SC,Belton,municipality,annual,7,,2009 2014-2016 2019 2024-2025
SC,Bennettsville,municipality,annual,5,,1998 2003-2004 2010 2020-2021
SC,Berkeley County,county,annual,7,,1998-2023
SC,Bertie County,county,annual,7,,2024
SC,Bethune,municipality,annual,7,,2020-2021
SC,Bishopville,municipality,annual,7,,1998 2019 2023-2025
SC,Blacksburg,municipality,annual,4,,1999-2002 2008 2013
SC,Blackville,municipality,annual,7,,1998-1999 2002 2023
SC,Bluffton,municipality,annual,7,,2011-2013 2016 2022-2025
SC,Bonneau,municipality,biennial,,,2002
SC,Bowman,municipality,annual,3,,2014-2015
SC,Branchville,municipality,annual,1,,1998-2009
SC,Brunson,municipality,annual,1,,1998-2001 2003
SC,Calhoun County,county,annual,7,,1999-2000 2002-2010 2013-2014 2025
SC,Calhoun Falls,municipality,annual,7,,2001-2003 2006 2010
SC,Camden,municipality,annual,7,,2000-2001 2012-2015 2018
SC,Carlisle,municipality,annual,7,,2023-2024
SC,Cayce,municipality,annual,7,,1998 2002-2003 2014 2023-2024
SC,Central,municipality,annual,7,,2016 2024
SC,Charleston,municipality,annual,1,,1998 2000-2024
SC,Charleston County,county,annual,7,,1998-2002 2004-2025
SC,Cheraw,municipality,annual,7,,1998 2000-2003 2008 2013 2019 2022-2025
SC,Cherokee County,county,annual,7,,1998-2008 2011-2015 2023-2025
SC,Chesnee,municipality,annual,7,,2001-2002 2005
SC,Chester,municipality,annual,7,,2012
SC,Chester City,municipality,annual,7,,1999
SC,Chester County,county,annual,7,,1999-2002 2004 2010 2012-2013 2015 2023-2025
SC,Chesterfield,municipality,annual,7,,2011-2012
SC,Chesterfield County,county,annual,7,,1998-1999 2005 2022
SC,Clarendon County,county,annual,7,,1998-2000 2002-2008 2010-2016 2018-2025
SC,Clemson,municipality,annual,7,,1999-2025
SC,Clemson City,municipality,annual,7,,1998
SC,Clinton,municipality,annual,7,,2000 2009 2011 2014 2025
SC,Clover,municipality,annual,7,,1999-2000 2025
SC,Colleton County,county,annual,7,,1999-2017 2019-2025
SC,Columbia,municipality,annual,7,,1998-2001 2003-2025
SC,Conway,municipality,annual,7,,1999 2001-2005 2008 2019-2024
SC,Darlington,municipality,annual,7,,2000 2005 2009-2010 2012-2013 2016-2017 2022-2025
SC,Darlington County,county,annual,7,,1998-2002 2004-2008 2010-2011 2015-2016 2018-2020 2022-2025
SC,Denmark,municipality,annual,7,,1998 2010 2013 2022
SC,Dillon,municipality,annual,7,,1999-2000 2003 2005-2006 2014 2017 2020 2022-2024
SC,Dillon County,county,annual,7,,1998 2000-2008 2010-2012 2014-2016 2022-2025
SC,Dorchester County,county,annual,7,,1998-2008 2010-2025
SC,Due West,municipality,annual,7,,2001
SC,Easley,municipality,annual,7,,2016 2019 2021 2023
SC,Edgefield,municipality,annual,7,,1999-2000 2009-2011 2019
SC,Edgefield County,county,annual,7,,1998-2002 2004-2005 2022 2025
SC,Edisto Beach,municipality,annual,7,,2000 2017 2025
SC,Ehrhardt,municipality,annual,7,,2010
SC,Elloree,municipality,annual,7,,2000
SC,Elloree Town,municipality,annual,7,,1999
SC,Estill,municipality,annual,7,,2001 2005 2009-2010 2024-2025
SC,Fairfax,municipality,annual,10,,2012
SC,Fairfield County,county,annual,7,,1998 2000-2013 2015-2025
SC,Florence,municipality,annual,7,,1998-2020 2022-2025
SC,Florence County,county,annual,7,,1998-2008 2010-2025
SC,Forest Acres,municipality,annual,7,,2023-2024
SC,Fort Lawn,municipality,annual,7,,2025
SC,Fort Mill,municipality,annual,10,,2001-2006 2017 2019 2024-2025
SC,Fountain Inn,municipality,annual,7,,2022-2025
SC,Gaffney,municipality,annual,7,,2001 2018
SC,Georgetown,municipality,annual,7,,1999-2004 2011 2018-2019 2023-2025
SC,Georgetown County,county,annual,7,,1998-2000 2004-2024
SC,Goose Creek,municipality,annual,1,,1999 2002-2003 2016 2021-2025
SC,Gray Court,municipality,annual,1,,2000
SC,Great Falls,municipality,annual,7,,2001-2003
SC,Greeleyville,municipality,annual,7,,2003 2010 2022
SC,Greenville,municipality,annual,7,,1999-2021 2023-2025
SC,Greenville City,municipality,annual,7,,1998
SC,Greenville County,county,annual,7,,1998 2000-2025
SC,Greenwood,municipality,annual,1,,1998 2001-2004 2007 2009-2014 2016 2018 2020-2024
SC,Greenwood County,county,annual,7,,1998-1999 2001-2005 2007 2010-2025
SC,Greer,municipality,annual,7,,2002
SC,Hampton,municipality,annual,3,,2020
SC,Hampton County,county,annual,7,,1998-2002 2004-2006 2008-2025
SC,Hanahan,municipality,annual,7,,2022-2025
SC,Hardeeville,municipality,annual,7,,2001-2002 2014 2017 2019 2022-2023 2025
SC,Hardeeville,municipality,annual,10,,1999
SC,Harleyville,municipality,annual,7,,2014
SC,Hartsville,municipality,annual,7,,1998-2006 2010 2012-2015 2021-2022 2025
SC,Heath Springs,municipality,annual,7,,2009-2011 2025
SC,Hemingway,municipality,annual,9,,2007 2010-2011 2013 2019 2023
SC,Hilton Head Island,municipality,annual,7,,2000 2004 2017-2019 2021 2023-2025
SC,Holly Hill,municipality,annual,9,,1998-2002 2010-2012
SC,Hollywood,municipality,annual,7,,2024
SC,Horry County,county,annual,7,,1999-2012 2014-2021
SC,Inman,municipality,annual,7,,1999-2001 2010 2021 2025
SC,Iva,municipality,annual,7,,2010 2013
SC,Jamestown,municipality,annual,7,,2001
SC,Jasper County,county,annual,7,,1999-2001 2003-2005 2008-2013 2015-2021
SC,Johnsonville,municipality,annual,7,,2007 2009-2010
SC,Johnston,municipality,annual,7,,2000 2003 2005
SC,Jonesville,municipality,annual,6,,1998
SC,Kershaw,municipality,annual,7,,2023
SC,Kershaw County,county,annual,7,,1998 2000-2001 2003-2006 2008-2010 2012-2016 2020-2025
SC,Kingstree,municipality,annual,7,,1998 2000 2003-2004 2012-2014 2025
SC,Lake City,municipality,annual,7,,1999-2002 2011-2015 2017 2021-2024
SC,Lake View,municipality,annual,7,,2000 2008
SC,Lancaster,municipality,annual,7,,1998-2004 2007 2010-2011 2013 2018-2019 2021
SC,Lancaster County,county,annual,7,,1998-1999 2001 2003-2005 2007 2010-2025
SC,Landrum,municipality,annual,10,,2004
SC,Lane,municipality,annual,1,,2010 2021
SC,Latta,municipality,annual,7,,1999 2001-2002 2011
SC,Laurens,municipality,annual,7,,2023
SC,Laurens County,county,annual,7,,1998-2004 2006 2008-2014 2017 2019 2021-2025
SC,Lee County,county,annual,7,,1998-2000 2003-2007 2009-2011 2013 2015 2023-2024
SC,Lexington,municipality,annual,7,,1999 2014 2021-2025
SC,Lexington County,county,annual,7,,1998-2004 2006 2008-2025
SC,Liberty,municipality,annual,7,,2003 2008 2023
SC,Lockhart,municipality,annual,7,,2001-2002 2006 2024
SC,Loris,municipality,annual,1,,2011-2012
SC,Manning,municipality,annual,7,,1998 2013-2019
SC,Marion,municipality,annual,7,,1998-2005 2011 2023-2025
SC,Marion County,county,annual,7,,1998-2017 2020-2025
SC,Marlboro County,county,annual,7,,1999-2001 2003-2005 2007-2010 2012 2018 2022-2025
SC,Mauldin,municipality,annual,7,,2000-2001 2022-2025
SC,Mcbee,municipality,annual,7,,2005
SC,Mccormick County,county,annual,7,,1998-2003 2007 2010 2014 2022-2025
SC,Moncks Corner,municipality,annual,10,,2023-2025
SC,Mount Pleasant,municipality,annual,7,,2001 2004-2005 2008 2010-2014 2018-2025
SC,Mt. Pleasant,municipality,annual,7,,1999-2000 2002-2003
SC,Mullins,municipality,annual,7,,2001-2004
SC,Myrtle Beach,municipality,annual,7,,1998-2025
SC,Newberry,municipality,annual,7,,1998-2002 2008 2010-2012 2016
SC,Newberry County,county,annual,7,,1998-2001 2003-2004 2006-2009 2011 2013 2015
SC,North Augusta,municipality,annual,1,,1999 2014-2015 2022-2025
SC,North Charleston,municipality,annual,7,,1998-2025
SC,North Myrtle Beach,municipality,annual,7,,2000-2002 2010-2011 2017
SC,Norway,municipality,annual,1,,1999-2007 2009
SC,Oconee County,county,annual,7,,1998-2006 2009-2025
SC,Olanta,municipality,annual,7,,2022 2025
SC,Orangeburg,municipality,annual,7,,2011
SC,Orangeburg,municipality,annual,10,,1998-2002 2004-2006 2008-2010 2012-2017 2019 2022-2025
SC,Orangeburg County,county,annual,7,,1999 2001-2005 2008-2025
SC,Pacolet,municipality,annual,7,,2000 2002
SC,Pageland,municipality,annual,1,,2003 2006-2007 2018 2020-2024
SC,Pamplico,municipality,annual,1,,2007 2014
SC,Pelzer,municipality,annual,7,,1998 2010 2016-2017 2025
SC,Pendleton,municipality,annual,7,,2001 2006 2010-2011 2018-2019 2025
SC,Pickens,municipality,annual,5,,1999-2000 2009 2015
SC,Pickens,municipality,annual,7,,2023-2024
SC,Pickens County,county,annual,7,,1999-2015 2017 2019-2025
SC,Pinewood,municipality,annual,7,,1998-1999
SC,Prosperity,municipality,annual,7,,2012
SC,Richland County,county,annual,7,,1998-2002 2005-2025
SC,Ridgeland,municipality,annual,7,,2011 2014 2016 2021 2023-2025
SC,Rock Hill,municipality,annual,1,,1998-1999
SC,Rock Hill,municipality,annual,7,,2001-2023 2025
SC,Rock Hill,municipality,other,,6,2000
SC,Salley,municipality,annual,7,,1999 2010
SC,Saluda,municipality,annual,10,,2003 2008
SC,Saluda County,county,annual,7,,2001 2009 2011 2014-2015 2022 2024-2025
SC,Seabrook Island,municipality,annual,1,,2024
SC,Seneca,municipality,annual,7,,2009-2012 2014-2017 2020-2025
SC,Simpsonville,municipality,annual,7,,2024-2025
SC,Spartanburg,municipality,annual,7,,1998-1999 2001-2021 2023-2025
SC,Spartanburg County,county,annual,7,,1998-2021 2023-2025
SC,Spartanburg Development Corporation,municipality,annual,7,,2009
SC,Springfield,municipality,annual,7,,2003
SC,St George,municipality,annual,4,,2000
SC,St Stephen,municipality,annual,7,,1998
SC,St. George,municipality,annual,4,,2002 2006 2023-2025
SC,St. Matthews,municipality,annual,10,,2008-2010 2016-2017
SC,Stone Mountain,municipality,annual,1,,2024
SC,Sullivan's Island,municipality,annual,7,,2025
SC,Summerton,municipality,annual,7,,2012-2014
SC,Summerville,municipality,annual,1,,2002-2003 2009 2011-2015 2018 2020
SC,Summerville,municipality,annual,7,,2022-2025
SC,Sumter,municipality,annual,7,,1998-2000 2003-2015 2017-2025
SC,Sumter County,county,annual,7,,2008-2014 2016-2025
SC,Surfside Beach,municipality,annual,7,,2021
SC,Swansea,municipality,annual,1,,2010
SC,Timmonsville,municipality,annual,3,,1998
SC,Trenton,municipality,annual,1,,2001
SC,Troy,municipality,annual,1,,2002
SC,Turbeville,municipality,annual,7,,2013
SC,Union,municipality,annual,7,,1998-2000 2002-2003 2009 2011-2012 2015 2018 2025
SC,Union County,county,annual,7,,1998-2010 2012-2015 2020-2025
SC,Walhalla,municipality,annual,7,,2015 2024-2025
SC,Walterboro,municipality,annual,7,,2000 2002 2004 2010-2014 2016-2019 2022-2025
SC,Ware Shoals,municipality,annual,7,,2003 2009-2011 2013
SC,Wellford,municipality,annual,7,,2000
SC,West Columbia,municipality,annual,7,,1998-2000 2003 2006-2007 2009-2013 2025
SC,West Pelzer,municipality,annual,7,,2010-2011 2014 2016-2017
SC,Westminster,municipality,annual,7,,2006-2007 2024-2025
SC,Whitmire,municipality,annual,7,,2005-2006 2011 2023
SC,Williamsburg County,county,annual,7,,1998-2021
SC,Williamston,municipality,annual,7,,2011 2025
SC,Winnsboro,municipality,annual,7,,2002 2010
SC,Woodruff,municipality,annual,7,,2007 2014 2023-2024
SC,Yemassee,municipality,annual,9,,2002 2005
SC,York,municipality,annual,10,,1998 2000 2010-2011 2013 2015 2023 2025
SC,York County,county,annual,7,,1998-2025
SD,Aberdeen,municipality,annual,1,,2000-2024
SD,Aberdeen City,municipality,annual,1,,1998-1999
SD,Alcester,municipality,annual,1,,2023
SD,Alcester,municipality,biennial,,,2003
SD,Alpena,municipality,annual,1,,2002
SD,Arlington,municipality,annual,1,,2004
SD,Arlington,municipality,biennial,,,1998
SD,Armour,municipality,biennial,,,2008
SD,Armour,municipality,biennial,,,2012
SD,Artesian,municipality,annual,1,,1999
SD,Ashton,municipality,biennial,,,2012
SD,Aurora,municipality,annual,1,,2010
SD,Aurora,municipality,biennial,,,2002
SD,Beadle County,county,biennial,,,1998
SD,Beadle County,county,biennial,,,2000
SD,Beadle County,county,biennial,,,2002
SD,Beadle County,county,biennial,,,2004
SD,Beadle County,county,biennial,,,2008
SD,Beadle County,county,biennial,,,2012
SD,Beadle County,county,biennial,,,2020
SD,Beadle County,county,biennial,,,2022
SD,Belle Fourche,municipality,annual,1,,2007
SD,Belle Fourche,municipality,biennial,,,2000
SD,Belle Fourche,municipality,biennial,,,2009
SD,Belle Fourche,municipality,biennial,,,2021
SD,Bennett County,county,biennial,,,2020
SD,Bennett County,county,biennial,,,2024
SD,Beresford,municipality,annual,1,,2000-2001 2015 2024
SD,Big Stone City,municipality,biennial,,,2000
SD,Bison,municipality,biennial,,,2007
SD,Bon Homme County,county,biennial,,,1998
SD,Bon Homme County,county,biennial,,,2002
SD,Bon Homme County,county,biennial,,,2008
SD,Bon Homme County,county,biennial,,,2020
SD,Bon Homme County,county,biennial,,,2022
SD,Bonesteel,municipality,biennial,,,2015
SD,Bowdle,municipality,annual,1,,2010
SD,Box Elder,municipality,annual,1,,2003 2016 2020 2022 2024
SD,Box Elder,municipality,biennial,,,2010
SD,Box Elder,municipality,biennial,,,2012
SD,Brandon,municipality,annual,1,,2010 2020-2024
SD,Brandon,municipality,biennial,,,2003
SD,Brandon,municipality,biennial,,,2005
SD,Brandon City,municipality,biennial,,,1999
SD,Bridgewater,municipality,biennial,,,2024
SD,Britton,municipality,annual,1,,2002 2009-2011 2014-2015 2018-2022 2024
SD,Britton,municipality,biennial,,,2000
SD,Brookings,municipality,annual,1,,2002 2006-2008 2010-2015 2017 2020-2024
SD,Brookings City,municipality,annual,1,,1998
SD,Brookings County,county,annual,1,,1998 2003 2005-2006 2020 2024
SD,Brookings County,county,biennial,,,2022
SD,Brown County,county,annual,1,,1998-2006 2008-2013 2016 2020
SD,Brown County,county,biennial,,,2023
SD,Brule County,county,biennial,,,2003
SD,Brule County,county,biennial,,,2009
SD,Brule County,county,biennial,,,2023
SD,Butte County,county,annual,1,,2003
SD,Butte County,county,biennial,,,1999
SD,Butte County,county,biennial,,,2005
SD,Butte County,county,biennial,,,2008
SD,Butte County,county,biennial,,,2010
SD,Butte County,county,biennial,,,2012
SD,Butte County,county,biennial,,,2014
SD,Butte County,county,biennial,,,2020
SD,Butte County,county,biennial,,,2024
SD,Campbell County,county,biennial,,,1998
SD,Canistota,municipality,biennial,,,2011
SD,Canistota,municipality,biennial,,,2015
SD,Canistota,municipality,biennial,,,2023
SD,Canton,municipality,annual,1,,2003 2010 2012 2014 2017 2024-2025
SD,Castlewood,municipality,biennial,,,1999
SD,Castlewood,municipality,biennial,,,2003
SD,Centerville,municipality,annual,1,,2004
SD,Centerville,municipality,biennial,,,2010
SD,Chamberlain,municipality,annual,1,,1998-2000 2009-2010 2013 2016 2021 2023-2024
SD,Charles Mix County,county,biennial,,,1998
SD,Charles Mix County,county,biennial,,,2000
SD,Charles Mix County,county,biennial,,,2002
SD,Charles Mix County,county,biennial,,,2004
SD,Charles Mix County,county,biennial,,,2020
SD,Charles Mix County,county,biennial,,,2024
SD,Clark,municipality,annual,1,,2004 2017
SD,Clark County,county,annual,1,,2003
SD,Clark County,county,biennial,,,1999
SD,Clark County,county,biennial,,,2005
SD,Clark County,county,biennial,,,2011
SD,Clark County,county,biennial,,,2013
SD,Clark County,county,biennial,,,2021
SD,Clark County,county,biennial,,,2023
SD,Clay County,county,biennial,,,2021
SD,Clay County,county,biennial,,,2023
SD,Clear Lake,municipality,annual,1,,1999 2016
SD,Clear Lake,municipality,biennial,,,2015
SD,Codington County,county,annual,1,,1998 2000
SD,Codington County,county,biennial,,,2004
SD,Codington County,county,biennial,,,2006
SD,Codington County,county,biennial,,,2008
SD,Codington County,county,biennial,,,2010
SD,Codington County,county,biennial,,,2012
SD,Codington County,county,biennial,,,2014
SD,Codington County,county,biennial,,,2020
SD,Codington County,county,biennial,,,2022
SD,Codington County,county,biennial,,,2024
SD,Conde,municipality,annual,1,,2012
SD,Corsica,municipality,biennial,,,2008
SD,Corsica,municipality,biennial,,,2010
SD,Corson County,county,biennial,,,2001
SD,Corson County,county,biennial,,,2005
SD,Corson County,county,biennial,,,2023
SD,Custer,municipality,annual,1,,2003 2006 2023
SD,Custer,municipality,biennial,,,2005
SD,Custer City,municipality,annual,1,,2020 2022
SD,Custer County,county,annual,1,,2003
SD,Custer County,county,biennial,,,1999
SD,Custer County,county,biennial,,,2001
SD,Custer County,county,biennial,,,2005
SD,Custer County,county,biennial,,,2007
SD,Custer County,county,biennial,,,2009
SD,Custer County,county,biennial,,,2011
SD,Custer County,county,biennial,,,2013
SD,Custer County,county,biennial,,,2015
SD,Custer County,county,biennial,,,2017
SD,Custer County,county,biennial,,,2019
SD,Custer County,county,biennial,,,2021
SD,Custer County,county,biennial,,,2023
SD,Davison County,county,biennial,,,1998
SD,Davison County,county,biennial,,,2000
SD,Davison County,county,biennial,,,2004
SD,Davison County,county,biennial,,,2008
SD,Davison County,county,biennial,,,2010
SD,Davison County,county,biennial,,,2012
SD,Davison County,county,biennial,,,2020
SD,Davison County,county,biennial,,,2022
SD,Davison County,county,biennial,,,2024
SD,Day County,county,biennial,,,1998
SD,Day County,county,biennial,,,2000
SD,Day County,county,biennial,,,2002
SD,Day County,county,biennial,,,2012
SD,Day County,county,biennial,,,2022
SD,De Smet,municipality,annual,1,,2006 2008 2010 2014 2021 2024
SD,Deadwood,municipality,annual,1,,1998 2023-2024
SD,Dell Rapids,municipality,annual,1,,2003-2004 2011 2014 2017 2020 2023-2024
SD,Delmont,municipality,annual,1,,2022
SD,Deuel County,county,biennial,,,2022
SD,Dewey County,county,biennial,,,2019
SD,Dewey County,county,biennial,,,2023
SD,Doland,municipality,annual,1,,2013 2015
SD,Douglas County,county,biennial,,,1998
SD,Douglas County,county,biennial,,,2012
SD,Edgemont,municipality,biennial,,,2011
SD,Edmunds County,county,biennial,,,1999
SD,Elk Point,municipality,annual,1,,1998-2000 2008-2010
SD,Elkton,municipality,biennial,,,2001
SD,Elkton,municipality,biennial,,,2003
SD,Emery,municipality,biennial,,,2010
SD,Estelline,municipality,annual,1,,2010-2012
SD,Estelline,municipality,biennial,,,2001
SD,Ethan,municipality,annual,1,,2006
SD,Eureka,municipality,annual,1,,2010 2013 2023
SD,Eureka City,municipality,biennial,,,2003
SD,Faith,municipality,annual,1,,2020-2021
SD,Faith,municipality,biennial,,,2001
SD,Faith,municipality,biennial,,,2005
SD,Fall River County,county,annual,1,,2003
SD,Fall River County,county,biennial,,,1999
SD,Fall River County,county,biennial,,,2001
SD,Fall River County,county,biennial,,,2005
SD,Fall River County,county,biennial,,,2007
SD,Fall River County,county,biennial,,,2009
SD,Fall River County,county,biennial,,,2011
SD,Fall River County,county,biennial,,,2013
SD,Fall River County,county,biennial,,,2017
SD,Fall River County,county,biennial,,,2019
SD,Fall River County,county,biennial,,,2021
SD,Fall River County,county,biennial,,,2023
SD,Faulk County,county,biennial,,,1998
SD,Faulk County,county,biennial,,,2010
SD,Faulk County,county,biennial,,,2020
SD,Faulkton,municipality,annual,1,,2017-2018
SD,Faulkton,municipality,biennial,,,1999
SD,Faulkton,municipality,biennial,,,2006
SD,Faulkton,municipality,biennial,,,2010
SD,Faulkton,municipality,biennial,,,2012
SD,Flandreau,municipality,annual,1,,2003
SD,Flandreau,municipality,biennial,,,2001
SD,Flandreau,municipality,biennial,,,2014
SD,Flandreau,municipality,biennial,,,2018
SD,Flandreau,municipality,biennial,,,2020
SD,Florence,municipality,annual,1,,2017
SD,Fort Pierre,municipality,annual,1,,2004-2006 2010-2014 2016
SD,Frankfort,municipality,annual,1,,1998
SD,Freeman,municipality,annual,1,,2009
SD,Garretson,municipality,other,,36,2003
SD,Geddes,municipality,annual,1,,2009
SD,Gettysburg,municipality,annual,1,,2004
SD,Gettysburg,municipality,biennial,,,1998
SD,Gettysburg,municipality,biennial,,,2002
SD,Gettysburg,municipality,biennial,,,2006
SD,Gettysburg,municipality,biennial,,,2010
SD,Grant County,county,biennial,,,2022
SD,Gregory,municipality,biennial,,,1998
SD,Gregory,municipality,biennial,,,2006
SD,Gregory,municipality,biennial,,,2008
SD,Gregory,municipality,biennial,,,2012
SD,Gregory,municipality,biennial,,,2014
SD,Gregory,municipality,biennial,,,2016
SD,Gregory,municipality,biennial,,,2022
SD,Groton,municipality,annual,1,,2022
SD,Groton,municipality,biennial,,,1998
SD,Groton,municipality,biennial,,,2011
SD,Hamlin County,county,biennial,,,1999
SD,Hamlin County,county,biennial,,,2001
SD,Hamlin County,county,biennial,,,2015
SD,Hamlin County,county,biennial,,,2023
SD,Hand County,county,biennial,,,1998
SD,Hand County,county,biennial,,,2000
SD,Hand County,county,biennial,,,2012
SD,Hand County,county,biennial,,,2014
SD,Hanson County,county,biennial,,,1999
SD,Hanson County,county,biennial,,,2001
SD,Hanson County,county,biennial,,,2023
SD,Harding County,county,biennial,,,2004
SD,Harding County,county,biennial,,,2008
SD,Harrisburg,municipality,annual,1,,2010 2020-2021 2024
SD,Harrisburg,municipality,biennial,,,2000
SD,Harrisburg,municipality,biennial,,,2002
SD,Harrisburg,municipality,biennial,,,2008
SD,Harrisburg,municipality,biennial,,,2023
SD,Hartford,municipality,annual,1,,2000-2001 2006-2007 2024
SD,Hecla,municipality,annual,1,,2007
SD,Herreid,municipality,annual,1,,2012 2020-2021
SD,Highmore,municipality,biennial,,,1998
SD,Highmore,municipality,biennial,,,2006
SD,Highmore,municipality,biennial,,,2012
SD,Hill City,municipality,annual,1,,2006-2007
SD,Hosmer,municipality,annual,1,,2016-2017
SD,Hot Springs,municipality,annual,1,,2003 2009 2011 2017 2022
SD,Hot Springs,municipality,biennial,,,2000
SD,Hoven,municipality,annual,1,,2016
SD,Hoven,municipality,biennial,,,2001
SD,Hoven,municipality,biennial,,,2013
SD,Hoven,municipality,biennial,,,2015
SD,Hughes County,county,biennial,,,1998
SD,Hughes County,county,biennial,,,2004
SD,Hughes County,county,biennial,,,2006
SD,Hughes County,county,biennial,,,2008
SD,Hughes County,county,biennial,,,2010
SD,Hughes County,county,biennial,,,2012
SD,Hughes County,county,biennial,,,2020
SD,Hughes County,county,biennial,,,2022
SD,Huron,municipality,annual,1,,1998-2006 2008-2010 2012 2015 2018-2024
SD,Hutchinson County,county,biennial,,,1998
SD,Hutchinson County,county,biennial,,,2000
SD,Hutchinson County,county,biennial,,,2010
SD,Hutchinson County,county,biennial,,,2020
SD,Hutchinson County,county,biennial,,,2022
SD,Hyde County,county,biennial,,,2003
SD,Ipswich,municipality,annual,1,,2010-2012 2015-2017 2024
SD,Irene,municipality,biennial,,,2021
SD,Iroquois,municipality,annual,1,,2011
SD,Jackson County,county,biennial,,,1999
SD,Jackson County,county,biennial,,,2023
SD,Java,municipality,annual,1,,2010
SD,Kingsbury County,county,biennial,,,1998
SD,Kingsbury County,county,biennial,,,2000
SD,Kingsbury County,county,biennial,,,2022
SD,Lake Andes,municipality,annual,1,,2010 2020
SD,Lake County,county,biennial,,,2021
SD,Lake County,county,biennial,,,2023
SD,Lake Norden,municipality,annual,1,,2011 2024
SD,Lake Norden,municipality,biennial,,,2004
SD,Lake Norden,municipality,biennial,,,2020
SD,Lake Preston,municipality,annual,1,,2023-2024
SD,Lake Preston,municipality,biennial,,,2001
SD,Langford,municipality,annual,1,,2014
SD,Lawrence County,county,annual,1,,2004
SD,Lawrence County,county,biennial,,,1998
SD,Lawrence County,county,biennial,,,2000
SD,Lawrence County,county,biennial,,,2002
SD,Lawrence County,county,biennial,,,2006
SD,Lawrence County,county,biennial,,,2008
SD,Lawrence County,county,biennial,,,2010
SD,Lawrence County,county,biennial,,,2012
SD,Lawrence County,county,biennial,,,2014
SD,Lawrence County,county,biennial,,,2016
SD,Lawrence County,county,biennial,,,2018
SD,Lawrence County,county,biennial,,,2020
SD,Lawrence County,county,biennial,,,2022
SD,Lawrence County,county,biennial,,,2024
SD,Lead,municipality,annual,1,,2010-2011 2023
SD,Lead,municipality,biennial,,,2001
SD,Lead,municipality,biennial,,,2003
SD,Lemmon,municipality,annual,1,,2011 2020 2022-2023
SD,Lemmon,municipality,biennial,,,2001
SD,Lemmon,municipality,biennial,,,2005
SD,Lennox,municipality,annual,1,,1998 2022-2023
SD,Lennox,municipality,biennial,,,2005
SD,Lennox,municipality,biennial,,,2010
SD,Leola,municipality,biennial,,,2013
SD,Lincoln County,county,annual,1,,2015 2017 2020 2022-2024
SD,Lincoln County,county,biennial,,,2004
SD,Lincoln County,county,biennial,,,2006
SD,Lincoln County,county,biennial,,,2012
SD,Lincoln County,county,biennial,,,2014
SD,Linden,municipality,annual,7,,2014
SD,Lyman County,county,biennial,,,1999
SD,Lyman County,county,biennial,,,2015
SD,Lyman County,county,biennial,,,2023
SD,Madison,municipality,annual,1,,1998 2005 2011 2017-2024
SD,Madison City,municipality,annual,1,,2000
SD,Marion,municipality,biennial,,,2023
SD,Marshall County,county,biennial,,,1999
SD,Marshall County,county,biennial,,,2001
SD,Marshall County,county,biennial,,,2023
SD,Martin,municipality,annual,1,,2004-2005 2012
SD,Martin,municipality,biennial,,,2009
SD,Mccook County,county,biennial,,,2000
SD,Mccook County,county,biennial,,,2022
SD,Mcintosh,municipality,annual,1,,2021
SD,Mclaughlin,municipality,biennial,,,2010
SD,Mcpherson County,county,biennial,,,2003
SD,Meade County,county,annual,1,,2004
SD,Meade County,county,biennial,,,1998
SD,Meade County,county,biennial,,,2000
SD,Meade County,county,biennial,,,2002
SD,Meade County,county,biennial,,,2006
SD,Meade County,county,biennial,,,2014
SD,Meade County,county,biennial,,,2020
SD,Menno,municipality,annual,1,,2016
SD,Milbank,municipality,annual,1,,1998-1999 2005 2007-2008 2010-2012
SD,Miller,municipality,biennial,,,2001
SD,Miller,municipality,biennial,,,2005
SD,Miller,municipality,biennial,,,2011
SD,Miller,municipality,biennial,,,2015
SD,Miller,municipality,biennial,,,2017
SD,Miller,municipality,biennial,,,2019
SD,Miller,municipality,biennial,,,2021
SD,Minnehaha County,county,annual,1,,1998-2024
SD,Mission,municipality,annual,1,,2010
SD,Mitchell,municipality,annual,1,,1998-2014 2017 2019-2024
SD,Mobridge,municipality,annual,1,,2002 2007-2008 2010-2014 2016 2019-2020 2022
SD,Mobridge,municipality,biennial,,,1999
SD,Mobridge,municipality,biennial,,,2001
SD,Montrose,municipality,biennial,,,2013
SD,Moody County,county,biennial,,,1999
SD,Moody County,county,biennial,,,2023
SD,Mount Vernon,municipality,biennial,,,2012
SD,Murdo,municipality,biennial,,,2015
SD,Newell,municipality,biennial,,,2010
SD,North Sioux,municipality,annual,1,,1998
SD,North Sioux City,municipality,annual,1,,2023-2024
SD,Oglala Lakota County,county,biennial,,,2023
SD,Onida,municipality,biennial,,,2007
SD,Onida,municipality,biennial,,,2021
SD,Onida,municipality,biennial,,,2023
SD,Parker,municipality,annual,1,,2005 2014
SD,Parkston,municipality,biennial,,,2005
SD,Parkston,municipality,biennial,,,2007
SD,Parkston,municipality,biennial,,,2024
SD,Parkston City,municipality,biennial,,,2003
SD,Peever,municipality,annual,1,,2015
SD,Pennington County,county,annual,1,,1998-2024
SD,Perkins County,county,annual,1,,2003
SD,Perkins County,county,biennial,,,1999
SD,Perkins County,county,biennial,,,2001
SD,Perkins County,county,biennial,,,2007
SD,Perkins County,county,biennial,,,2009
SD,Perkins County,county,biennial,,,2011
SD,Perkins County,county,biennial,,,2013
SD,Perkins County,county,biennial,,,2015
SD,Perkins County,county,biennial,,,2021
SD,Perkins County,county,biennial,,,2023
SD,Philip,municipality,annual,1,,2001-2002 2006 2013 2018-2020
SD,Piedmont,municipality,annual,1,,2012
SD,Pierpont,municipality,annual,1,,2020
SD,Pierre,municipality,annual,1,,1998-2002 2004-2006 2008-2024
SD,Plankinton,municipality,biennial,,,2013
SD,Plankinton,municipality,biennial,,,2025
SD,Platte,municipality,biennial,,,2001
SD,Platte,municipality,biennial,,,2003
SD,Platte,municipality,biennial,,,2014
SD,Platte,municipality,biennial,,,2018
SD,Platte,municipality,biennial,,,2022
SD,Potter County,county,annual,1,,1998
SD,Pukwana,municipality,annual,1,,2020
SD,Rapid City,municipality,annual,1,,1998-2024
SD,Redfield,municipality,annual,1,,1999 2002 2009 2018 2020-2024
SD,Redfield,municipality,biennial,,,2003
SD,Roberts County,county,annual,1,,2004
SD,Roberts County,county,biennial,,,1998
SD,Roberts County,county,biennial,,,2000
SD,Roberts County,county,biennial,,,2002
SD,Roberts County,county,biennial,,,2020
SD,Roberts County,county,biennial,,,2022
SD,Roscoe,municipality,biennial,,,1998
SD,Rosholt,municipality,biennial,,,2010
SD,Roslyn,municipality,biennial,,,2011
SD,Salem,municipality,annual,1,,2003
SD,Salem,municipality,biennial,,,2009
SD,Scotland,municipality,biennial,,,2012
SD,Selby,municipality,annual,1,,2008
SD,Selby,municipality,biennial,,,2010
SD,Selby,municipality,biennial,,,2014
SD,Sioux Falls,municipality,annual,1,,2000-2025
SD,Sioux Falls City,municipality,annual,1,,1998-1999
SD,Sisseton,municipality,annual,1,,1999-2000 2007 2012 2020
SD,Sisseton City,municipality,annual,1,,1998
SD,Spearfish,municipality,annual,1,,2013-2014 2020-2022 2024
SD,Spencer,municipality,annual,1,,1998-2000
SD,Spink County,county,biennial,,,1998
SD,Spink County,county,biennial,,,2000
SD,Spink County,county,biennial,,,2012
SD,Spink County,county,biennial,,,2014
SD,Spink County,county,biennial,,,2022
SD,Springfield,municipality,annual,1,,2020 2023-2024
SD,Springfield,municipality,biennial,,,2005
SD,Stanley County,county,biennial,,,1999
SD,Stanley County,county,biennial,,,2021
SD,Stickney,municipality,biennial,,,2015
SD,Sturgis,municipality,annual,1,,2004-2006 2009-2013 2018-2021 2023
SD,Sturgis,municipality,biennial,,,2001
SD,Sully County,county,biennial,,,1998
SD,Summerset,municipality,annual,1,,2008
SD,Summerset,municipality,biennial,,,2023
SD,Summit,municipality,biennial,,,2011
SD,Tea,municipality,annual,1,,2022
SD,Tea,municipality,biennial,,,2007
SD,Tea,municipality,biennial,,,2009
SD,Tea,municipality,biennial,,,2021
SD,Timber Lake,municipality,annual,1,,2025
SD,Todd County,county,biennial,,,2022
SD,Toronto,municipality,annual,1,,2006
SD,Tripp County,county,biennial,,,2006
SD,Tripp County,county,biennial,,,2008
SD,Tripp County,county,biennial,,,2022
SD,Turner County,county,biennial,,,2023
SD,Tyndall,municipality,biennial,,,2000
SD,Tyndall,municipality,biennial,,,2006
SD,Tyndall,municipality,biennial,,,2008
SD,Union County,county,biennial,,,1998
SD,Union County,county,biennial,,,2000
SD,Union County,county,biennial,,,2006
SD,Union County,county,biennial,,,2012
SD,Union County,county,biennial,,,2020
SD,Union County,county,biennial,,,2022
SD,Union County,county,biennial,,,2024
SD,Valley Springs,municipality,annual,1,,1999
SD,Valley Springs,municipality,biennial,,,2022
SD,Valley Springs,municipality,biennial,,,2024
SD,Veblen,municipality,annual,1,,2000
SD,Vermillion,municipality,annual,1,,1999 2001 2003-2006 2009-2010 2012 2017 2020-2022 2024
SD,Vermillion City,municipality,annual,1,,1998
SD,Wagner,municipality,biennial,,,2008
SD,Wagner,municipality,biennial,,,2010
SD,Wagner,municipality,biennial,,,2012
SD,Wagner,municipality,biennial,,,2016
SD,Wagner,municipality,biennial,,,2020
SD,Wagner,municipality,biennial,,,2022
SD,Wall,municipality,annual,1,,2000 2023-2024
SD,Walworth County,county,biennial,,,2021
SD,Walworth County,county,biennial,,,2023
SD,Warner,municipality,annual,1,,2010
SD,Watertown,municipality,annual,1,,1998-2015 2017-2018 2020-2025
SD,Waubay,municipality,annual,1,,2009-2010 2012-2013 2021
SD,Waubay,municipality,biennial,,,2008
SD,Webster,municipality,annual,1,,1999 2010-2011 2017-2019 2022-2024
SD,Webster,municipality,biennial,,,2001
SD,Wessington Springs,municipality,annual,1,,2003 2016 2020 2024
SD,White Lake,municipality,annual,1,,1999 2014
SD,Whitewood,municipality,annual,1,,2022
SD,Whitewood,municipality,biennial,,,2008
SD,Wilmot,municipality,annual,1,,2024
SD,Wilmot,municipality,biennial,,,2015
SD,Winner,municipality,annual,1,,2002-2003 2007 2014 2018 2020
SD,Wolsey,municipality,annual,1,,2008 2010
SD,Woonsocket,municipality,biennial,,,1999
SD,Woonsocket,municipality,biennial,,,2011
SD,Worthing,municipality,biennial,,,2024
SD,Yankton,municipality,annual,1,,1999-2005 2007-2011 2013 2015-2024
SD,Yankton County,county,biennial,,,2001
SD,Yankton County,county,biennial,,,2003
SD,Yankton County,county,biennial,,,2021
SD,Yankton County,county,biennial,,,2023
TN,Adamsville,municipality,annual,7,,1998 2010 2012 2014-2015 2017-2018 2024-2025
TN,Alamo,municipality,annual,7,,1998 2001-2004 2007 2014 2025
TN,Alcoa,municipality,annual,7,,1998-2008 2010-2025
TN,Algood,municipality,annual,7,,2011
TN,Anderson County,county,annual,7,,1998-2025
TN,Arlington,municipality,annual,7,,2010-2011 2013-2016 2020-2025
TN,Ashland City,municipality,annual,7,,2007-2009 2011 2013-2014 2019 2024
TN,Athens,municipality,annual,7,,2002-2004 2007 2010-2012 2014-2015 2017 2022-2023
TN,Atoka,municipality,annual,7,,2010-2012 2014 2016 2021
TN,Baileyton,municipality,annual,7,,2003
TN,Bartlett,municipality,annual,7,,1998-2002 2004-2005 2010-2023
TN,Baxter,municipality,annual,7,,1999 2002 2007 2009 2012-2013 2023
TN,Bedford County,county,annual,7,,1998-2025
TN,Bell Buckle,municipality,annual,7,,2014 2020-2021
TN,Bells,municipality,annual,7,,1998-1999 2002-2003 2015 2025
TN,Benton,municipality,annual,7,,1998-2001 2020 2025
TN,Benton County,county,annual,7,,1998-2025
TN,Berry Hill,municipality,annual,7,,2025
TN,Bethel Springs,municipality,annual,7,,1998
TN,Big Sandy,municipality,annual,7,,2000 2005 2009 2012
TN,Blaine,municipality,annual,7,,2012-2014
TN,Bledsoe County,county,annual,7,,1999 2001-2025
TN,Blount County,county,annual,7,,1998-2025
TN,Bluff City,municipality,annual,7,,1999 2002-2003 2005 2023
TN,Bolivar,municipality,annual,7,,2006 2015-2016 2023
TN,Bradley County,county,annual,7,,2011-2014 2017-2019 2021-2025
TN,Brentwood,municipality,annual,7,,2010-2012 2015-2016 2022-2025
TN,Brighton,municipality,annual,7,,2012 2023
TN,Bristol,municipality,annual,7,,1998-2017 2019-2025
TN,Brownsivlle,municipality,annual,7,,2011
TN,Brownsville,municipality,annual,7,,2001-2002 2004-2005 2007 2009-2010 2016-2018 2021-2024
TN,Brownsville,municipality,biennial,,,2000
TN,Byrdstown,municipality,annual,7,,2013
TN,Calhoun,municipality,annual,7,,2002
TN,Camden,municipality,annual,7,,2000 2012 2014-2016 2018 2022
TN,Campbell County,county,annual,7,,1998-2025
TN,Cannon County,county,annual,7,,1998-2025
TN,Carroll County,county,annual,7,,1998 2000-2006 2010-2012 2014-2018 2021-2025
TN,Carter County,county,annual,7,,1998-2025
TN,Carthage,municipality,annual,7,,2004 2015 2017 2023
TN,Caryville,municipality,annual,7,,2005 2007
TN,Celina,municipality,annual,7,,2012-2015 2023
TN,Centerville,municipality,annual,7,,2012 2014-2015 2021 2023 2025
TN,Chapel Hill,municipality,annual,7,,2013 2020
TN,Chapel Hill Town,municipality,annual,7,,1998
TN,Charleston,municipality,annual,7,,2011
TN,Chattanooga,municipality,annual,7,,1999-2025
TN,Chattanooga City,municipality,annual,7,,1998
TN,Cheatham County,county,annual,7,,1998-2025
TN,Chester County,county,annual,7,,1998-2025
TN,Church Hill,municipality,annual,7,,1999-2000
TN,Claiborne County,county,annual,7,,1998-2025
TN,Clarksburg,municipality,annual,7,,2005 2009 2013
TN,Clarksville,municipality,annual,7,,1998-2024
TN,Clarksville Gas & Water,municipality,annual,7,,2024
TN,Clarskville,municipality,annual,7,,2025
TN,Clay County,county,annual,7,,2001-2025
TN,Cleveland,municipality,annual,7,,1999-2007 2009-2025
TN,Cleveland City,municipality,annual,7,,1998
TN,Clifton,municipality,annual,7,,1998 2014-2015 2022-2023 2025
TN,Clinton,municipality,annual,7,,1998-2002 2005-2011 2015-2025
TN,Coalmont,municipality,annual,7,,1998 2017
TN,Cocke County,county,annual,7,,1998-2000 2002-2025
TN,Coffee County,county,annual,7,,1998-2025
TN,Collegedale,municipality,annual,7,,2012 2022-2023
TN,Collierville,municipality,annual,7,,1999-2000 2004 2006 2011-2013 2015-2017 2019-2022
TN,Collinwood,municipality,annual,7,,1999-2000
TN,Columbia,municipality,annual,7,,1998 2001 2005-2006 2011-2015 2019-2022 2024-2025
TN,Cookeville,municipality,annual,7,,1998 2009-2011 2014-2018 2021-2025
TN,Copperhill,municipality,annual,7,,2001-2002 2005 2011 2014 2020
TN,Covington,municipality,annual,7,,1998-2003 2006-2012 2015-2016 2018-2020 2022
TN,Cowan,municipality,annual,7,,2010
TN,Crockett County,county,annual,7,,1998-2025
TN,Crossville,municipality,annual,7,,2002 2004 2009-2013 2015 2022-2023
TN,Cumberland County,county,annual,7,,1998-2025
TN,Cumberland Gap,municipality,annual,7,,2008-2009
TN,Dandridge,municipality,annual,7,,2010-2012 2022 2025
TN,Dayton,municipality,annual,7,,1998-2017 2019-2023
TN,Decatur,municipality,annual,7,,2000 2002 2006 2017
TN,Decatur County,county,annual,7,,1998-2016 2018 2020-2021 2023-2025
TN,Decaturville,municipality,annual,7,,2003
TN,Decherd,municipality,annual,7,,2013 2015 2019-2020
TN,Dekalb County,county,annual,7,,2000-2017 2019-2025
TN,Dickson,municipality,annual,7,,2011-2012 2014-2015 2017 2019 2022-2023 2025
TN,Dickson County,county,annual,7,,1998-1999 2001-2005 2007-2025
TN,Dover,municipality,annual,7,,1998 2002 2008 2012
TN,Dresden,municipality,annual,7,,2001 2025
TN,Ducktown,municipality,annual,7,,2006
TN,Dunlap,municipality,annual,7,,2002-2005 2024
TN,Dyer County,county,annual,7,,1998-2025
TN,Dyersburg,municipality,annual,7,,1999-2008 2010 2013-2015 2018-2025
TN,Eagleville,municipality,annual,7,,2015
TN,East Ridge,municipality,annual,7,,2000 2011 2020 2023-2024
TN,Eastview,municipality,annual,7,,2002 2014
TN,Elizabethton,municipality,annual,7,,2002 2005-2007 2012-2013 2015 2021 2023-2025
TN,Englewood,municipality,annual,7,,2001 2004
TN,Erin,municipality,annual,7,,1998 2001 2003 2005 2013 2016-2018 2021-2025
TN,Erwin,municipality,annual,7,,1998 2012-2014 2016 2018 2022 2024
TN,Estill Springs,municipality,annual,7,,2000 2002
TN,Etowah,municipality,annual,7,,1999-2005 2007-2008 2010-2012 2014-2018 2020-2025
TN,Etowah City,municipality,annual,7,,1998
TN,Farragut Town Hall,municipality,annual,7,,2023-2025
TN,Fayette County,county,annual,7,,1998-2024
TN,Fayetteville,municipality,annual,1,,1999
TN,Fayetteville,municipality,annual,7,,1998 2000-2008 2022-2023
TN,Fentress County,county,annual,7,,1998-2025
TN,Franklin,municipality,annual,7,,2006-2018 2020-2025
TN,Franklin County,county,annual,7,,1998-2025
TN,Friendship,municipality,annual,7,,2010 2015 2017
TN,Friendsville,municipality,annual,7,,2015
TN,Gadsden,municipality,annual,7,,2002
TN,Gainesboro,municipality,annual,7,,2001
TN,Gallatin,municipality,annual,7,,1999-2002 2007 2009-2016 2018-2025
TN,Gallaway,municipality,annual,7,,2000 2014
TN,Gatlinburg,municipality,annual,7,,1998 2000 2002-2004 2006-2009 2011-2014 2017 2020-2025
TN,Germantown,municipality,annual,7,,2004 2011-2023
TN,Gibson County,county,annual,7,,1999-2000 2002-2015 2018 2020-2021 2023-2025
TN,Giles County,county,annual,7,,1998-2025
TN,Gleason,municipality,annual,7,,2025
TN,Goodlettsville,municipality,annual,7,,1998 2010-2013 2020-2022 2024
TN,Gordonsville,municipality,annual,7,,2018
TN,Grainger County,county,annual,7,,1998-2006 2008-2017 2019 2021 2023-2025
TN,Greenbrier,municipality,annual,7,,2023
TN,Greene County,county,annual,7,,1998-2005 2007-2025
TN,Greeneville,municipality,annual,7,,1998-2007 2010-2019 2021-2024
TN,Greenfield,municipality,annual,7,,2002
TN,Gruetli-Laager,municipality,annual,7,,2000
TN,Grundy County,county,annual,7,,1998-2000 2002-2025
TN,Halls,municipality,annual,7,,1998-2001 2007 2009 2011 2014 2025
TN,Hamblen County,county,annual,7,,2000 2002-2023 2025
TN,Hamilton County,county,annual,7,,1998-2025
TN,Hancock County,county,annual,7,,1998-2025
TN,Hardeman County,county,annual,7,,1998-2025
TN,Hardin County,county,annual,7,,1998-2021 2023-2025
TN,Harriman,municipality,annual,7,,2014 2021 2025
TN,Harrogate,municipality,annual,7,,2009 2012 2014
TN,Hartsville,municipality,annual,7,,1998
TN,Hawkins County,county,annual,7,,1998-2025
TN,Haywood County,county,annual,7,,1998-2007 2009-2025
TN,Henderson,municipality,annual,7,,2008-2009 2022-2023 2025
TN,Henderson County,county,annual,7,,1998-2025
TN,Hendersonville,municipality,annual,7,,1998-2000 2002 2006-2017 2019-2025
TN,Henry County,county,annual,7,,1998-2025
TN,Hickman County,county,annual,7,,1998-2025
TN,Hohenwald,municipality,annual,7,,1998 2000 2011-2012 2016
TN,Hollow Rock,municipality,annual,7,,2009
TN,Honenwald,municipality,annual,7,,2025
TN,Hornbeak,municipality,annual,7,,1998 2013
TN,Houston County,county,annual,7,,1998-2025
TN,Humboldt,municipality,annual,7,,1998 2000-2025
TN,Humphreys County,county,annual,7,,1998-2025
TN,Huntingdon,municipality,annual,7,,1999 2003 2005-2007 2010-2011 2014 2022
TN,Huntland,municipality,annual,7,,2022
TN,Huntsville,municipality,annual,7,,2015
TN,Jacksboro,municipality,annual,7,,2023
TN,Jackson,municipality,annual,7,,1999-2024
TN,Jackson City,municipality,annual,7,,1998
TN,Jackson County,county,annual,7,,1998-2025
TN,Jamestown,municipality,annual,7,,2002
TN,Jasper,municipality,annual,7,,2002 2005 2025
TN,Jefferson City,municipality,annual,7,,2002-2003 2009 2011-2013 2016 2018 2020-2022 2024-2025
TN,Jefferson County,county,annual,7,,1998-2025
TN,Jellico,municipality,annual,7,,1999-2003
TN,Johnson City,municipality,annual,1,,2000
TN,Johnson City,municipality,annual,7,,1999 2001-2025
TN,Johnson City City,municipality,annual,7,,1998
TN,Johnson County,county,annual,7,,1998-2025
TN,Jonesborough,municipality,annual,7,,1998-2003 2005-2007 2012-2017 2020-2025
TN,Kingsport,municipality,annual,7,,1998-2025
TN,Kingston,municipality,annual,7,,2012-2015 2017 2025
TN,Knox County,county,annual,7,,1998-2006 2010-2018
TN,Knoxville,municipality,annual,7,,1998-2025
TN,Lafayette,municipality,annual,7,,1998 2010-2015 2018-2019 2022-2024
TN,Lafollette,municipality,annual,7,,1998-2000 2002-2003 2005-2006 2008 2010 2012 2014-2016 2018 2022-2025
TN,Lagrange,municipality,annual,7,,2013
TN,Lake City,municipality,annual,7,,1998 2000 2002 2005
TN,Lake County,county,annual,7,,1998 2009-2025
TN,Lakeland,municipality,annual,7,,2011-2012 2015 2017-2022 2024
TN,Lauderdale County,county,annual,7,,1998-2006 2008-2025
TN,Lavergne,municipality,annual,7,,1998-2003 2013 2017 2021
TN,Lawrence County,county,annual,7,,1998-2025
TN,Lawrenceburg,municipality,annual,7,,1999 2001 2006 2011 2015
TN,Lebanon,municipality,annual,7,,1998-2003 2008 2010-2017 2019-2023 2025
TN,Lenoir City,municipality,annual,7,,1999-2004 2006-2025
TN,Lenoir City City,municipality,annual,7,,1998
TN,Lewis County,county,annual,7,,1998-2025
TN,Lewisburg,municipality,annual,7,,2001 2006 2010 2015 2018 2022-2025
TN,Lexington,municipality,annual,7,,2000 2002 2004 2015-2016 2019-2020 2022-2025
TN,Lincoln County,county,annual,7,,1998-2006 2008-2025
TN,Linden,municipality,annual,7,,2025
TN,Livingston,municipality,annual,7,,2007-2013 2016 2019 2022-2024
TN,Lobelville,municipality,annual,7,,2014-2015 2017 2021
TN,Loretto,municipality,annual,7,,2002 2024-2025
TN,Loudon,municipality,annual,7,,2000-2001 2004-2007 2010-2012 2016 2020-2025
TN,Loudon County,county,annual,7,,1998-2025
TN,Luttrell,municipality,annual,7,,1998 2001
TN,Macon County,county,annual,7,,1998-2025
TN,Madison County,county,annual,7,,1998-2025
TN,Madisonville,municipality,annual,7,,1998 2002 2006 2010-2011 2013-2014 2017-2018 2023-2025
TN,Manchester,municipality,annual,7,,1999-2001 2004-2005 2010-2015 2017 2023-2025
TN,Marion County,county,annual,7,,1998 2001 2003-2019 2021-2025
TN,Marshall County,county,annual,7,,1998-2007 2009-2014 2016-2019 2023-2025
TN,Martin,municipality,annual,7,,2008-2012 2014-2015 2018-2025
TN,Maryville,municipality,annual,7,,1998 2000-2025
TN,Mason,municipality,annual,7,,2002 2016
TN,Maury County,county,annual,7,,1998-2025
TN,Maynardville,municipality,annual,7,,1998 2000-2001 2008-2012 2014
TN,Mcewen,municipality,annual,7,,2018-2019
TN,Mckenzie,municipality,annual,7,,2001 2003 2015-2017 2020
TN,Mclemoresville,municipality,annual,7,,2000
TN,Mcminn County,county,annual,7,,1998 2000-2019 2021-2025
TN,Mcminnville,municipality,annual,7,,2000 2002-2006 2011-2012 2018 2022 2025
TN,Mcnairy County,county,annual,7,,1998-2025
TN,Medina,municipality,annual,7,,1998 2000-2001
TN,Meigs County,county,annual,7,,1998-2017 2019-2025
TN,Memphis,municipality,annual,7,,1998-2025
TN,Metropolitan Lynchburg Moore County,county,annual,7,,2012 2019-2021
TN,Michie,municipality,annual,7,,1998 2002
TN,Middleton,municipality,annual,7,,2006
TN,Milan,municipality,annual,7,,2003 2014-2016 2022-2025
TN,Milledgeville,municipality,annual,7,,2015
TN,Millersville,municipality,annual,7,,2022
TN,Millington,municipality,annual,7,,1998-2000 2003 2010-2017 2019-2022
TN,Monroe County,county,annual,7,,1998-2025
TN,Monteagle,municipality,annual,7,,2010-2012 2015 2025
TN,Monterey,municipality,annual,7,,1999 2017 2022-2025
TN,Montgomery County,county,annual,7,,1998-2006 2008-2025
TN,Moore County,county,annual,7,,1998
TN,Morgan County,county,annual,7,,1998-2025
TN,Morristown,municipality,annual,7,,2000 2002 2011-2025
TN,Mosheim,municipality,annual,7,,2000-2001 2014
TN,Mount Carmel,municipality,annual,7,,2024
TN,Mount Juliet,municipality,annual,7,,2010-2011 2015-2018 2020-2025
TN,Mount Pleasant,municipality,annual,7,,2006 2012 2016 2021-2025
TN,Mountain City,municipality,annual,7,,1998-2003 2007 2009 2011 2014 2017 2019 2022-2023 2025
TN,Mt Pleasant,municipality,annual,7,,2002
TN,Mt. Pleasant,municipality,annual,7,,2013
TN,Munford,municipality,annual,7,,1998 2010-2011 2023
TN,Murfreesboro,municipality,annual,7,,1998-2025
TN,New Johnsonville,municipality,annual,7,,2013
TN,Newbern,municipality,annual,7,,2010 2012
TN,Newport,municipality,annual,7,,1998 2000 2005-2007 2010-2025
TN,Niota,municipality,annual,7,,2001 2011-2012
TN,Nolensville,municipality,annual,7,,2022 2024-2025
TN,Oak Ridge,municipality,annual,7,,1999-2025
TN,Oak Ridge City,municipality,annual,7,,1998
TN,Oakland,municipality,annual,7,,2001 2016 2024-2025
TN,Obion,municipality,annual,7,,2000
TN,Obion County,county,annual,7,,1998 2000-2001 2003-2015 2017-2025
TN,Oliver Springs,municipality,annual,7,,1998 2001 2003 2005 2008 2011 2016 2019-2021
TN,Oneida,municipality,annual,7,,2021-2024
TN,Overton County,county,annual,7,,1998-2025
TN,Paris,municipality,annual,7,,1999-2001 2008 2011 2013 2023
TN,Parkers Crossroads,municipality,annual,7,,2001 2021
TN,Parsons,municipality,annual,7,,2001 2006 2021 2025
TN,Perry County,county,annual,7,,1998-2025
TN,Pickett County,county,annual,7,,2004-2005 2008-2025
TN,Pigeon Forge,municipality,annual,7,,2001 2010-2013 2018 2020-2025
TN,Pikeville,municipality,annual,7,,2002-2004 2008 2013 2025
TN,Pleasant View,municipality,annual,7,,2025
TN,Polk County,county,annual,7,,1998 2003-2010 2013-2025
TN,Portland,municipality,annual,7,,2001-2003 2006 2010-2013 2015 2022-2023 2025
TN,Portland City,municipality,annual,7,,1998-1999
TN,Pulaski,municipality,annual,7,,1999-2002 2010 2021 2024-2025
TN,Putnam County,county,annual,7,,1998-2025
TN,Red Bank,municipality,annual,7,,2000 2002 2004-2005 2011 2013 2015 2022-2025
TN,Red Boiling Springs,municipality,annual,7,,1999 2014 2016
TN,Rhea County,county,annual,7,,1998 2002-2025
TN,Ridgely,municipality,annual,7,,1999-2000 2005 2011
TN,Ridgetop,municipality,annual,7,,2024
TN,Ripley,municipality,annual,7,,1999-2000 2010-2014 2017 2022-2023 2025
TN,Roane County,county,annual,7,,1998-2025
TN,Robertson County,county,annual,7,,1998-2022 2024-2025
TN,Rockwood,municipality,annual,7,,2002 2007-2008 2014 2020-2021 2023-2025
TN,Rocky Top,municipality,annual,7,,2025
TN,Rogersville,municipality,annual,7,,2001-2016 2019 2023-2024
TN,Rossville,municipality,annual,7,,2012
TN,Rutherford County,county,annual,7,,1998-2025
TN,Saltillo,municipality,annual,7,,2012-2014
TN,Samburg,municipality,annual,7,,2003
TN,Savannah,municipality,annual,7,,1999 2002-2006 2009 2011-2013 2015 2018 2022-2025
TN,Scott County,county,annual,7,,1998-2025
TN,Scotts Hill,municipality,annual,7,,2006
TN,Selmer,municipality,annual,7,,1999-2000 2002-2003 2006 2009-2012 2014-2015 2022-2023 2025
TN,Sequatchie County,county,annual,7,,1998-2025
TN,Sevier County,county,annual,7,,1998-2025
TN,Sevierville,municipality,annual,7,,1998-2001 2005 2009-2011 2016-2018 2020-2022 2024-2025
TN,Shelby County,county,annual,7,,1998-2002 2005 2008-2022 2024
TN,Shelbyville,municipality,annual,7,,2000-2001 2003 2008 2013-2014 2017-2020 2022
TN,Signal Mountain,municipality,annual,7,,2011
TN,Smith County,county,annual,7,,1998 2001-2007 2009-2020 2022-2025
TN,Smithville,municipality,annual,7,,1998 2016 2023-2025
TN,Smyrna,municipality,annual,7,,1999-2001 2005 2010-2011 2014 2016 2020-2025
TN,Smyrna Town,municipality,annual,7,,1998
TN,Sneedville,municipality,annual,7,,2000 2002 2015-2016
TN,Soddy Daisy,municipality,annual,7,,2000 2018
TN,Soddy-Daisy,municipality,annual,7,,2001-2002 2014 2024-2025
TN,Somerville,municipality,annual,7,,1999 2002-2003 2014-2015 2020 2023 2025
TN,South Fulton,municipality,annual,7,,2021
TN,South Pittsburg,municipality,annual,7,,2003 2009 2012-2015
TN,Sparta,municipality,annual,7,,2000-2003 2010 2012 2014-2015 2024
TN,Spencer,municipality,annual,7,,1999 2001-2002 2008 2015 2021-2022
TN,Spring City,municipality,annual,7,,1999 2001-2002 2007-2008 2014 2024
TN,Spring Hill,municipality,annual,7,,2012-2013 2017 2024-2025
TN,Springfield,municipality,annual,7,,2002-2003 2011 2019-2023
TN,Stanton,municipality,annual,7,,2024-2025
TN,Stantonville,municipality,annual,7,,2015
TN,Stewart County,county,annual,7,,1998-2001 2003-2005 2008-2025
TN,Sullivan County,county,annual,7,,1998-2025
TN,Sumner County,county,annual,7,,1998-2025
TN,Surgoinsville,municipality,annual,7,,2008 2015
TN,Sweetwater,municipality,annual,7,,1998-2025
TN,Tazewell,municipality,annual,7,,2001 2020
TN,Tellico Plains,municipality,annual,7,,2002
TN,Tellico Plains Town,municipality,annual,7,,1999
TN,Tennessee Ridge,municipality,annual,7,,2014
TN,Thomspon's Station,municipality,annual,7,,2024-2025
TN,Tipton County,county,annual,7,,1998-2018 2020-2025
TN,Tiptonville,municipality,annual,7,,2000-2001 2004 2013 2017 2023-2025
TN,Toone,municipality,annual,7,,2000
TN,Tracy City,municipality,annual,7,,2002 2006 2014-2016 2019
TN,Tracy City Town,municipality,annual,7,,1998
TN,Trenton,municipality,annual,7,,1998-2001 2006-2009 2011 2013-2019 2022-2025
TN,Trousdale County,county,annual,7,,1998 2000-2001
TN,Troy,municipality,annual,7,,2000 2016
TN,Tullahoma,municipality,annual,7,,1998 2000-2001 2003 2005-2025
TN,Tusculum,municipality,annual,7,,2007
TN,Unicoi,municipality,annual,7,,2001
TN,Unicoi County,county,annual,7,,1998-2006 2008-2025
TN,Union City,municipality,annual,7,,1999-2006 2011-2012 2022 2024
TN,Union County,county,annual,7,,1998-2011 2013-2025
TN,Van Buren County,county,annual,7,,1998-2025
TN,Vonore,municipality,annual,7,,2025
TN,Warren County,county,annual,7,,1998-2004 2007-2025
TN,Wartburg,municipality,annual,7,,2006-2007
TN,Washington County,county,annual,7,,1999-2025
TN,Waverly,municipality,annual,7,,2005 2007 2014 2019 2022 2024-2025
TN,Wayne County,county,annual,7,,1998-2025
TN,Waynesboro,municipality,annual,7,,1998 2000 2005 2014-2015 2018 2022
TN,Weakley County,county,annual,7,,1999-2025
TN,Westmoreland,municipality,annual,7,,1998-1999 2012 2015 2022-2025
TN,White Bluff,municipality,annual,7,,2003 2012 2014
TN,White County,county,annual,7,,1998-2025
TN,White House,municipality,annual,7,,2001 2010-2015 2019-2020 2022-2025
TN,White Pine,municipality,annual,7,,2014-2015 2021
TN,White Pine Town,municipality,annual,7,,1999
TN,Whitwell,municipality,annual,7,,2002 2012
TN,Williamson County,county,annual,7,,1998-2006 2008-2025
TN,Wilson County,county,annual,7,,1998-2025
TN,Winchester,municipality,annual,7,,1999 2009 2014 2016
TN,Woodbury,municipality,annual,7,,2003-2004 2022-2023
TN,Woodbury Town,municipality,annual,7,,1998-1999
TX,Abilene,municipality,annual,10,,1998-2025
TX,Addison,municipality,annual,10,,1998-1999 2011-2014 2020-2022
TX,Agua Dulce,municipality,annual,7,,2003
TX,Alamo,municipality,annual,10,,2010-2013 2020-2025
TX,Alamo Heights,municipality,annual,4,,2004
TX,Alamo Heights,municipality,annual,10,,2025
TX,Alamogordo,municipality,annual,7,,2023
TX,Albany,municipality,annual,4,,2011-2012
TX,Aledo,municipality,annual,10,,2008 2012-2013
TX,Alice,municipality,annual,10,,2005 2010-2011 2014-2015 2020-2025
TX,Allen,municipality,annual,10,,2000-2002 2005-2006 2009-2011 2015 2017-2018 2020-2025
TX,Alpine,municipality,annual,10,,2000 2006 2008-2012 2019
TX,Alto,municipality,annual,10,,2024
TX,Alton,municipality,annual,10,,2011 2013-2016 2020-2025
TX,Alvarado,municipality,annual,10,,2009-2011
TX,Alvin,municipality,annual,10,,1998 2001 2008-2009 2014-2015 2020 2022-2024
TX,Amarillo,municipality,annual,10,,1998-2024
TX,Ames,municipality,annual,1,,2002-2003
TX,Anahuac,municipality,annual,10,,2001 2012-2013
TX,Anderson County,county,annual,1,,1998-2004 2006 2008 2011 2017 2020 2022-2024
TX,Andrews,municipality,annual,10,,2005 2022-2023
TX,Andrews County,county,annual,10,,1998-1999 2008 2012-2015
TX,Angelina County,county,annual,1,,1998-1999 2005 2007-2016 2018 2020-2024
TX,Angleton,municipality,annual,10,,1998 2008-2010 2014-2015 2020 2022-2023
TX,Anna,municipality,annual,10,,2023-2024
TX,Anson,municipality,annual,4,,2010-2011
TX,Anthony,municipality,annual,10,,2008 2014-2016 2020-2022 2025
TX,Aransas County,county,annual,1,,1998-2002 2004-2007 2009-2025
TX,Aransas Pass,municipality,annual,10,,2012 2018-2024
TX,Archer City,municipality,annual,10,,2018-2019
TX,Archer County,county,annual,10,,2023
TX,Arcola,municipality,annual,10,,2013-2014 2020-2022
TX,Arlington,municipality,annual,10,,1998-1999 2001-2025
TX,Arlington,municipality,biennial,,,2000
TX,Arp,municipality,annual,10,,2025
TX,Asherton,municipality,annual,7,,2005
TX,Atascosa County,county,annual,1,,2001-2006 2008 2021
TX,Athens,municipality,annual,10,,2004 2008 2020-2021 2024-2025
TX,Atlanta,municipality,annual,10,,1999 2004 2011 2013 2016-2019 2023 2025
TX,Aubrey,municipality,annual,10,,2024
TX,Austin,municipality,annual,10,,1998-2025
TX,Austin County,county,annual,10,,2003 2009-2011 2020-2022
TX,Azle,municipality,annual,10,,2011-2014 2023-2024
TX,Baird,municipality,annual,10,,2018
TX,Balch Springs,municipality,annual,10,,1998-2001 2012-2015 2018-2025
TX,Balcones Heights,municipality,annual,10,,2000
TX,Ballinger,municipality,annual,10,,2003-2005 2009 2011 2013
TX,Balmorhea,municipality,annual,10,,2021
TX,Bandera,municipality,annual,10,,2000 2022-2023
TX,Bandera County,county,annual,10,,2008 2020 2022-2024
TX,Bangs,municipality,annual,10,,2024
TX,Bastrop,municipality,annual,10,,1999 2012 2018 2020 2023 2025
TX,Bastrop County,county,annual,10,,1999-2001 2003 2006-2008 2010 2012-2025
TX,Bay City,municipality,annual,10,,2005 2009 2015-2017 2019-2021 2023-2025
TX,Bayside,municipality,annual,10,,2003-2004 2021
TX,Baytown,municipality,annual,10,,1998 2000-2025
TX,Beaumont,municipality,annual,10,,1998-2025
TX,Beckville,municipality,annual,10,,1999
TX,Bedford,municipality,annual,10,,2005 2010-2011 2020-2025
TX,Bedias,municipality,annual,10,,2025
TX,Bee Cave,municipality,annual,10,,2024
TX,Bee County,county,annual,10,,1998-2015 2021-2025
TX,Beeville,municipality,annual,10,,2000-2001 2019-2020 2022-2024
TX,Bell County,county,annual,10,,1998-2025
TX,Bellaire,municipality,annual,10,,2008-2009 2012 2020 2022-2023
TX,Bellmead,municipality,annual,10,,2003 2018 2020 2023-2025
TX,Belton,municipality,annual,10,,2001 2003 2005-2006 2010-2016 2019-2025
TX,Benbrook,municipality,annual,10,,2020-2025
TX,Bertram,municipality,annual,10,,2004
TX,Bevil Oaks,municipality,annual,10,,2012 2020-2023
TX,Bexar County,county,annual,10,,1998-2024
TX,Big Spring,municipality,annual,10,,1998-1999 2001-2002 2005 2025
TX,Blanco,municipality,annual,10,,2018-2019 2021-2023
TX,Blanco County,county,annual,10,,2012 2023
TX,Blanket,municipality,annual,10,,2011
TX,Blue Ridge,municipality,annual,10,,2009-2010
TX,Blum,municipality,annual,10,,2000
TX,Boerne,municipality,annual,10,,1999-2001 2018 2020 2022
TX,Bogata,municipality,annual,10,,2011
TX,Bonham,municipality,annual,10,,2005 2008-2009 2011-2013 2016 2020 2022-2025
TX,Borger,municipality,annual,10,,2022
TX,Bosque County,county,annual,10,,2001 2005 2008-2009
TX,Bowie,municipality,annual,10,,2001 2003 2009
TX,Bowie County,county,annual,10,,1998-2003 2005-2006 2010-2017 2019-2024
TX,Brady,municipality,annual,10,,2002-2007 2009-2010 2012-2024
TX,Brazoria,municipality,annual,10,,2025
TX,Brazoria County,county,annual,10,,1999-2000 2002-2025
TX,Brazos County,county,annual,10,,1998-2015 2017-2025
TX,Breckenridge,municipality,annual,10,,2015-2022
TX,Bremond,municipality,annual,10,,2021
TX,Brenham,municipality,annual,10,,2002-2007 2009-2010 2015 2019-2025
TX,Brewster County,county,annual,1,,1999 2001-2002 2004 2006-2017
TX,Brewster County,county,annual,10,,2019-2021 2023-2025
TX,Brewster County,county,biennial,,,2000
TX,Bridge City,municipality,annual,10,,2010 2012-2016 2021 2023-2024
TX,Bridgeport,municipality,annual,10,,2021 2024
TX,Brooks County,county,annual,10,,1999-2001 2016 2022
TX,Brownsville,municipality,annual,10,,1998 2000-2025
TX,Brownwood,municipality,annual,10,,1999-2025
TX,Brownwood City,municipality,annual,10,,1998
TX,Bruceville-Eddy,municipality,annual,10,,2025
TX,Bryan,municipality,annual,10,,1998-2025
TX,Bryson,municipality,annual,7,,2006
TX,Buckholts,municipality,annual,7,,2025
TX,Buda,municipality,annual,10,,2008 2011 2020-2023 2025
TX,Buffalo,municipality,annual,10,,2009-2010 2020-2022 2024-2025
TX,Buffalo Gap,municipality,annual,10,,2015-2016 2021
TX,Bullard,municipality,annual,10,,2020 2023
TX,Burleson,municipality,annual,10,,2017-2018 2020-2025
TX,Burleson County,county,annual,10,,2011-2012 2022-2023
TX,Burnet,municipality,annual,10,,2010 2022-2025
TX,Burnet County,county,annual,10,,1998 2005 2007-2010 2012 2014 2020-2024
TX,Cactus,municipality,annual,10,,2013
TX,Caddo Mills,municipality,annual,10,,2009-2013 2015 2018-2019
TX,Caldwell,municipality,annual,10,,2023 2025
TX,Caldwell County,county,annual,10,,1998-2000 2002-2004 2006 2010 2020 2022-2025
TX,Calhoun County,county,annual,1,,1998 2003-2005 2012-2013 2018-2024
TX,Callahan County,county,annual,10,,2017-2018 2023
TX,Cameron,municipality,annual,10,,2014 2023-2025
TX,Cameron County,county,annual,10,,1998-2015 2017-2025
TX,Canadian,municipality,annual,10,,2006 2009
TX,Canton,municipality,annual,10,,2023
TX,Canyon,municipality,annual,10,,2012 2025
TX,Carrizo Springs,municipality,annual,7,,2005 2008 2014 2016-2017
TX,Carrizo Springs,municipality,annual,10,,2018
TX,Carrollton,municipality,annual,10,,2001-2025
TX,Carthage,municipality,annual,10,,1998-2000 2002 2008-2011 2023
TX,Cass County,county,annual,10,,1998-2001 2003-2005 2012-2013 2019-2020 2022-2025
TX,Castroville,municipality,annual,10,,2005 2017-2018 2022 2025
TX,Cedar Hill,municipality,annual,10,,2006 2009-2014 2018-2025
TX,Cedar Park,municipality,annual,10,,2000 2010 2014-2015 2020 2022-2025
TX,Celeste,municipality,annual,1,,2005
TX,Celina,municipality,annual,10,,1998 2003 2005 2009 2019-2021 2023-2025
TX,Center,municipality,annual,10,,2001-2002 2004 2006-2007 2009-2010 2012-2014 2022-2023
TX,Chandler,municipality,annual,10,,2020
TX,Charlotte,municipality,annual,7,,2001-2002 2004 2015 2017 2019
TX,Cherokee County,county,annual,10,,1998 2000-2001 2006-2007 2009-2012 2016 2023-2025
TX,Childress,municipality,annual,10,,2024
TX,China,municipality,annual,10,,2014 2024
TX,Cibolo,municipality,annual,10,,2022
TX,Cisco,municipality,annual,10,,1999 2001 2017-2019 2025
TX,Clarendon,municipality,annual,10,,2023
TX,Clarksville,municipality,annual,10,,1998 2000-2005 2007 2009 2011-2012 2021-2025
TX,Clarksville City,municipality,annual,10,,2013-2014
TX,Clay County,county,annual,10,,2016
TX,Clear Lake Shores,municipality,annual,10,,2011
TX,Cleburne,municipality,annual,10,,1999-2001 2003 2007 2010-2025
TX,Cleburne City,municipality,annual,10,,1998
TX,Cleveland,municipality,annual,10,,1998 2000 2005-2008 2010-2011 2014 2016 2021-2023
TX,Clifton,municipality,annual,10,,2020
TX,Clint,municipality,annual,10,,2001
TX,Clute,municipality,annual,10,,2015 2021-2022
TX,Coahoma,municipality,annual,4,,2003 2005
TX,Cockrell Hill,municipality,annual,10,,2012-2018
TX,Coleman,municipality,annual,7,,2001-2003
TX,Coleman,municipality,annual,10,,2011 2013 2019-2022 2024
TX,Coleman County,county,annual,10,,2017
TX,College Station,municipality,annual,10,,1998-2023 2025
TX,Colleyville,municipality,annual,10,,2003 2008 2015 2020-2023
TX,Collin County,county,annual,10,,1998-2006 2008-2025
TX,Colorado City,municipality,annual,5,,2002 2015
TX,Colorado County,county,annual,1,,1998-2001 2003-2006 2009-2011 2013 2016 2018 2020-2021 2024
TX,Columbus,municipality,annual,10,,2001 2015-2016 2025
TX,Comal County,county,annual,1,,1998 2000 2003-2007 2009-2012 2020 2022-2025
TX,Comanche,municipality,annual,10,,2004 2010 2014
TX,Comanche County,county,annual,10,,2008-2009 2016-2020 2023
TX,Combes,municipality,annual,10,,1998-2006 2008-2009
TX,Commerce,municipality,annual,10,,1998-2000 2002 2013-2015 2022
TX,Concho County,county,annual,10,,2013
TX,Conroe,municipality,annual,10,,1998 2000-2010 2012-2025
TX,Converse,municipality,annual,10,,2020-2024
TX,Cooke County,county,annual,10,,2008 2011 2013-2018 2020 2022-2025
TX,Cooper,municipality,annual,10,,2023
TX,Coppell,municipality,annual,10,,1998-1999 2020-2025
TX,Copperas Cove,municipality,annual,10,,2004-2005 2009-2011 2020-2025
TX,Corinth,municipality,annual,10,,2020 2022-2025
TX,Corpus Christi,municipality,annual,8,,1998-2013
TX,Corpus Christi,municipality,annual,10,,2015-2025
TX,Corpus Christi,municipality,other,,14,2014
TX,Corrigan,municipality,annual,10,,2006
TX,Corsicana,municipality,annual,10,,2001 2003-2004 2007-2008 2010-2011 2013-2015 2017-2018 2020-2021 2023-2025
TX,Coryell County,county,annual,10,,2009 2020-2022
TX,Cottle County,county,annual,10,,2003
TX,Cottonwood Shores,municipality,annual,10,,2019
TX,Cotulla,municipality,annual,8,,2006-2007
TX,Cotulla,municipality,annual,10,,2018-2021
TX,Crane County,county,annual,10,,2008
TX,Cranfills Gap,municipality,annual,10,,2002
TX,Crockett,municipality,annual,10,,2010-2013 2015 2020-2022
TX,Crockett County,county,annual,1,,2008
TX,Crosby County,county,annual,10,,2022
TX,Cross Plains,municipality,annual,4,,2024
TX,Crowley,municipality,annual,10,,2020-2024
TX,Crystal City,municipality,annual,10,,2010-2012 2022-2023
TX,Cuero,municipality,annual,10,,1999-2001 2003-2007 2022-2025
TX,Culberson County,county,annual,10,,2000 2003 2005 2009 2011 2013 2024
TX,Daingerfield,municipality,annual,10,,2001-2002 2011 2015 2025
TX,Daisetta,municipality,annual,4,,2008-2009 2024-2025
TX,Dalhart,municipality,annual,10,,2002-2004
TX,Dallas,municipality,annual,10,,1998-2025
TX,Dallas County,county,annual,10,,1998-2025
TX,Dawson County,county,annual,10,,2013 2022
TX,Dayton,municipality,annual,10,,2001 2006 2008 2011 2022-2024
TX,De Kalb,municipality,annual,10,,2023
TX,De Leon,municipality,annual,10,,2001-2002
TX,Decatur,municipality,annual,10,,2006 2024
TX,Deer Park,municipality,annual,10,,2008-2009 2012-2013 2020 2023-2025
TX,Dekalb,municipality,annual,10,,2000-2004 2010 2024-2025
TX,Del Riio,municipality,annual,10,,2011
TX,Del Rio,municipality,annual,10,,1998-2010 2012-2019 2021-2025
TX,Delta County,county,annual,10,,2001
TX,Denison,municipality,annual,10,,1998-2001 2003-2007 2010 2012 2017 2020
TX,Dension,municipality,annual,10,,2022-2025
TX,Denton,municipality,annual,10,,1998-2000 2002-2006 2008-2025
TX,Denton County,county,annual,10,,1998-2024
TX,Desoto,municipality,annual,10,,2006 2009-2010 2017 2019-2025
TX,Devine,municipality,annual,10,,2005 2015
TX,Dewitt County,county,annual,10,,1999
TX,Diboll,municipality,annual,10,,2005
TX,Dickinson,municipality,annual,10,,2008-2020 2022-2025
TX,Dilley,municipality,annual,10,,1998 2008-2009 2013 2015
TX,Dimmit County,county,annual,10,,1999 2004 2009-2025
TX,Donna,municipality,annual,10,,2000 2004 2006-2008 2010-2012 2019-2020 2022-2025
TX,Dumas,municipality,annual,10,,2022
TX,Duncanville,municipality,annual,10,,2006 2010 2015 2017 2020-2025
TX,Duval County,county,annual,10,,2009-2014 2017-2018 2020-2025
TX,Eagle Lake,municipality,annual,10,,2005 2023
TX,Eagle Pass,municipality,annual,10,,1998-2001 2003-2024
TX,Early,municipality,annual,10,,2000 2004-2005 2016-2018
TX,East Tawakoni,municipality,annual,1,,2008 2012
TX,Eastland,municipality,annual,10,,2010-2011 2014-2015 2018-2020
TX,Eastland County,county,annual,9,,2023-2024
TX,Eastland County,county,annual,10,,2010 2017-2022 2025
TX,Ector County,county,annual,10,,1998-2012 2020-2024
TX,Edcouch,municipality,annual,10,,2015
TX,Eden,municipality,annual,8,,1998-2007 2013 2015 2023
TX,Edgewood,municipality,annual,10,,2002 2012
TX,Edinburg,municipality,annual,10,,1999-2025
TX,Edinburg City,municipality,annual,10,,1998
TX,Edna,municipality,annual,10,,2023
TX,Edwards County,county,annual,10,,2000 2010 2024
TX,El Campo,municipality,annual,10,,2000 2003 2013 2015 2019-2020 2022-2024
TX,El Paso,municipality,annual,9,,1998-2025
TX,El Paso County,county,annual,10,,1998-2024
TX,Eldorado,municipality,annual,9,,2017
TX,Electra,municipality,annual,10,,2003 2006-2007 2009
TX,Elgin,municipality,annual,10,,1999 2014 2017 2022-2025
TX,Elkhart,municipality,annual,10,,2014
TX,Ellis County,county,annual,1,,1998-1999
TX,Ellis County,county,annual,10,,2009 2015-2016 2020-2021 2023-2025
TX,Elmendorf,municipality,annual,10,,2012-2013 2020-2022
TX,Elsa,municipality,annual,10,,2012
TX,Emory,municipality,annual,10,,2006 2011 2015
TX,Ennis,municipality,annual,10,,2017-2021 2023-2024
TX,Erath County,county,annual,10,,2006 2008 2023-2025
TX,Escobares,municipality,annual,10,,2015
TX,Euless,municipality,annual,10,,1999-2000 2011 2016-2025
TX,Eustace,municipality,annual,10,,2006
TX,Everman,municipality,annual,10,,2021-2023
TX,Fair Oaks Ranch,municipality,annual,10,,2022
TX,Fairfield,municipality,annual,10,,2004-2005
TX,Fairview,municipality,annual,10,,2020 2023-2025
TX,Falfurrias,municipality,annual,1,,2006 2008 2022-2023
TX,Falls City,municipality,annual,10,,2003
TX,Falls County,county,annual,10,,1999 2020-2021 2023 2025
TX,Fannin County,county,annual,10,,2001 2007 2010 2020 2022-2025
TX,Farmers Branch,municipality,annual,10,,2020-2025
TX,Farmersville,municipality,annual,10,,2018-2020
TX,Fate,municipality,annual,10,,2023-2024
TX,Fayette County,county,annual,1,,2020-2024
TX,Ferris,municipality,annual,10,,2014
TX,Florence,municipality,annual,10,,2014 2021
TX,Floresville,municipality,annual,10,,2016-2019
TX,Flower Mound,municipality,annual,10,,2005-2012 2014 2020-2025
TX,Floyd County,county,annual,10,,2011
TX,Floydada,municipality,annual,10,,1998
TX,Forney,municipality,annual,10,,2021 2023 2025
TX,Fort Bend County,county,annual,1,,1998-2001
TX,Fort Bend County,county,annual,10,,2003-2024
TX,Fort Bend County,county,other,,9,2002
TX,Fort Stockton,municipality,annual,10,,1999-2001 2003 2005-2006 2009-2011 2013 2016 2021
TX,Fort Stockton City,municipality,annual,10,,1998
TX,Fort Worth,municipality,annual,10,,1998-2025
TX,Franklin County,county,annual,1,,2013
TX,Fredericksburg,municipality,annual,10,,2022 2024
TX,Freeport,municipality,annual,10,,2013 2016 2021-2025
TX,Freestone County,county,annual,10,,2008 2010 2012 2020 2024
TX,Friendswood,municipality,annual,10,,2001-2003 2005 2008-2015 2017-2023 2025
TX,Frio County,county,annual,10,,1999-2003
TX,Frisco,municipality,annual,10,,1998-2002 2005-2015 2017-2025
TX,Frost,municipality,annual,10,,1999
TX,Fulshear,municipality,annual,10,,2024
TX,Fulton,municipality,annual,10,,2019-2021 2023
TX,Gaines County,county,annual,10,,2023
TX,Gainesville,municipality,annual,10,,2001 2003-2004 2006-2007 2010-2011 2014 2020 2022-2024
TX,Galena Park,municipality,annual,10,,2000-2001 2003 2005-2006 2009 2014-2015
TX,Galveston,municipality,annual,10,,1999-2012 2014-2025
TX,Galveston County,county,annual,10,,1998-2025
TX,Ganado,municipality,annual,10,,1999 2022
TX,Garland,municipality,annual,10,,1998-2025
TX,Garrison,municipality,annual,4,,2025
TX,Garza County,county,annual,10,,2011
TX,Gatesville,municipality,annual,10,,2010 2023
TX,George West,municipality,annual,10,,2012 2014
TX,Georgetown,municipality,annual,10,,1998-2001 2007 2009-2018 2020-2022 2024-2025
TX,Giddings,municipality,annual,10,,2023
TX,Gillespie County,county,annual,10,,2017 2021-2023
TX,Gilmer,municipality,annual,10,,2001-2003 2007-2008 2024
TX,Gladewater,municipality,annual,10,,1999-2000 2005 2007-2008 2010-2013 2015
TX,Gladewater City,municipality,annual,10,,1998
TX,Glasscock County,county,annual,10,,1999
TX,Glenn Heights,municipality,annual,10,,2002 2024
TX,Goldsmith,municipality,annual,7,,2005
TX,Goliad,municipality,annual,10,,2023-2025
TX,Goliad County,county,annual,10,,2003 2022-2023 2025
TX,Gonzales,municipality,annual,4,,1998 2000-2001 2003
TX,Gonzales,municipality,annual,10,,2022-2023
TX,Gonzales County,county,annual,10,,1998-1999 2002 2022
TX,Gorman,municipality,annual,6,,2019
TX,Graford,municipality,annual,10,,2001
TX,Graham,municipality,annual,10,,2005-2007
TX,Granbury,municipality,annual,10,,2005-2006 2015-2025
TX,Grand Prairie,municipality,annual,10,,1998-2025
TX,Grand Saline,municipality,annual,10,,2001
TX,Grandfalls,municipality,annual,10,,2000
TX,Grapeland,municipality,annual,7,,2019
TX,Grapevine,municipality,annual,10,,2002-2012 2016-2017 2020-2021 2023-2025
TX,Gravevine,municipality,annual,10,,1999
TX,Gray County,county,annual,10,,2022
TX,Grayson County,county,annual,10,,1998-2004 2006-2025
TX,Greenville,municipality,annual,10,,2001-2003 2006-2007 2009-2012 2014 2021
TX,Gregg County,county,annual,10,,1998-2025
TX,Gregory,municipality,annual,10,,1998-2002 2005 2012-2013
TX,Grimes County,county,annual,1,,1999
TX,Grimes County,county,annual,10,,2006 2012-2013 2019-2025
TX,Groesbeck,municipality,annual,4,,2007-2009 2011-2013
TX,Groves,municipality,annual,10,,2006-2007 2011 2013-2014 2018 2020-2023
TX,Guadalupe County,county,annual,10,,1999 2002-2003 2005-2012 2014 2016-2019 2021-2025
TX,Hale County,county,annual,1,,2009-2014 2023-2025
TX,Hallettsville,municipality,annual,1,,2022-2025
TX,Haltom City,municipality,annual,10,,2010-2015 2020-2021 2023
TX,Hamilton,municipality,annual,10,,1999-2000 2008 2024
TX,Hamilton County,county,annual,10,,2008-2009
TX,Hamlin,municipality,annual,10,,2001 2005
TX,Hardeman County,county,annual,10,,2016
TX,Hardin,municipality,annual,7,,2004-2006
TX,Hardin County,county,annual,10,,1998-2000 2006-2024
TX,Harker Heights,municipality,annual,10,,1999-2003 2006 2015 2019-2020 2022-2025
TX,Harlingen,municipality,annual,10,,1998-2025
TX,Harlingen Waterworks System,municipality,annual,10,,2025
TX,Harris County,county,annual,3,,1998-2022
TX,Harris County,county,annual,10,,2023-2025
TX,Harrison County,county,annual,10,,1998-1999 2006 2011-2013 2020 2022-2025
TX,Haskell,municipality,annual,10,,2005
TX,Haskell County,county,annual,10,,2006 2008-2009 2012 2015
TX,Haslet,municipality,annual,10,,2020
TX,Hawk Cove,municipality,annual,10,,2006
TX,Hays County,county,annual,10,,1998-2025
TX,Hearne,municipality,annual,10,,2001
TX,Heath,municipality,annual,10,,2025
TX,Hedwig Village,municipality,annual,1,,2013
TX,Hemphill,municipality,annual,7,,1998 2006-2007 2013
TX,Hemphill County,county,annual,10,,2000-2001
TX,Hempstead,municipality,annual,10,,2014 2017 2022 2024-2025
TX,Henderson,municipality,annual,10,,1999-2003 2005 2007-2009 2022-2023
TX,Henderson County,county,annual,1,,2005 2020 2022-2024
TX,Henrietta,municipality,annual,10,,1998 2014
TX,Hewitt,municipality,annual,10,,2020 2024
TX,Hico,municipality,annual,10,,2001 2015-2016
TX,Hidalgo,municipality,annual,10,,1998-2000 2003-2004 2007 2013
TX,Hidalgo County,county,annual,1,,1998-2025
TX,Highland Village,municipality,annual,10,,2013 2020 2022-2024
TX,Hill County,county,annual,10,,2008-2010 2012-2013 2015-2018 2020-2024
TX,Hillsboro,municipality,annual,10,,2010 2012 2015-2016 2020-2023 2025
TX,Hilshire Village,municipality,annual,10,,2013
TX,Hitchcock,municipality,annual,10,,2012-2016 2021-2022 2025
TX,Hockley County,county,annual,1,,2023
TX,Holiday Lake,municipality,annual,10,,1999
TX,Holliday,municipality,annual,10,,2014
TX,Hondo,municipality,annual,10,,2003-2006 2011-2012 2018-2020 2023-2025
TX,Honey Grove,municipality,annual,10,,2017-2018
TX,Hood County,county,annual,10,,2009 2013-2014 2021-2024
TX,Hooks,municipality,annual,10,,2023
TX,Hopkins County,county,annual,1,,2016
TX,Hopkins County,county,annual,10,,2006 2010 2017 2022-2024
TX,Horizon City,municipality,annual,10,,2000 2014-2018 2023-2025
TX,Houston,municipality,annual,7,,1998-2017 2019-2025
TX,Houston County,county,annual,10,,2000 2004-2005 2010-2017 2019-2024
TX,Howard County,county,annual,10,,2022-2024
TX,Hubbard,municipality,annual,10,,2024
TX,Hudson,municipality,annual,10,,2020
TX,Hudson Oaks,municipality,annual,1,,2002
TX,Hudspeth County,county,annual,10,,1999 2007-2011 2013
TX,Hughes Springs,municipality,annual,10,,2010-2011
TX,Humble,municipality,annual,10,,1999 2001-2004 2008-2009 2020-2021 2023-2024
TX,Hunt County,county,annual,10,,2006-2007 2010-2015 2020-2024
TX,Hunters Creek Village,municipality,annual,1,,2008
TX,Huntington,municipality,annual,10,,1999 2011 2021-2022
TX,Huntsville,municipality,annual,10,,1999 2002 2005-2007 2009-2018 2020-2023
TX,Hurst,municipality,annual,10,,2002 2006 2011-2012 2018 2020 2022
TX,Hutchinson County,county,annual,10,,2022
TX,Hutto,municipality,annual,10,,2013 2024-2025
TX,Industry,municipality,annual,10,,1999-2000
TX,Ingleside,municipality,annual,10,,2002-2003 2008-2015 2018 2023-2024
TX,Ingram,municipality,annual,10,,2010-2011 2013-2014
TX,Iowa Colony,municipality,annual,10,,2025
TX,Irion County,county,annual,10,,2014
TX,Irving,municipality,annual,10,,1998-2025
TX,Ivanhoe,municipality,annual,10,,2022-2025
TX,Jacinto City,municipality,annual,10,,2002-2009 2012-2014 2017 2019-2020 2022-2025
TX,Jackson County,county,annual,10,,2003 2008 2011-2013 2015 2020 2022 2024-2025
TX,Jacksonville,municipality,annual,10,,2001 2011 2013 2020 2022-2025
TX,Jarrell,municipality,annual,10,,2011 2013
TX,Jasper,municipality,annual,10,,2003-2004 2006 2008-2011 2014 2022-2025
TX,Jasper County,county,annual,1,,1999 2003-2005 2008-2017 2019-2024
TX,Jeff Davis County,county,annual,1,,2002 2004 2010-2012
TX,Jefferson,municipality,annual,1,,2008
TX,Jefferson,municipality,annual,10,,2021
TX,Jefferson County,county,annual,10,,1998 2000-2025
TX,Jersey Village,municipality,annual,10,,2020-2025
TX,Jim Hogg County,county,annual,10,,1998-1999 2001 2010-2011 2013 2016 2020-2021 2024-2025
TX,Jim Wells County,county,annual,1,,2013 2015-2017 2021-2024
TX,Johnson County,county,annual,10,,1998-2007 2009-2011 2020-2025
TX,Jones County,county,annual,1,,2016-2017 2022-2024
TX,Jonestown,municipality,annual,10,,2011
TX,Joshua,municipality,annual,10,,2023
TX,Jourdanton,municipality,annual,10,,2000 2002 2008 2011-2016
TX,Jourdanton City,municipality,annual,10,,1998
TX,Junction,municipality,annual,10,,2022
TX,Justin,municipality,annual,10,,2022
TX,Karnes City,municipality,annual,10,,2008-2013
TX,Karnes County,county,annual,10,,2001-2002 2004-2006 2022-2025
TX,Katy,municipality,annual,10,,2018-2025
TX,Kaufman,municipality,annual,10,,2015-2019
TX,Kaufman County,county,annual,10,,2003 2006 2020 2022-2025
TX,Keene,municipality,annual,10,,2002 2005 2023
TX,Keller,municipality,annual,10,,2011-2012 2020 2023-2025
TX,Kemah,municipality,annual,10,,2001-2002 2005 2009-2012 2014-2015
TX,Kemah Galveston County,municipality,annual,10,,1999
TX,Kemp,municipality,annual,10,,1998 2000 2006 2022-2024
TX,Kendal County,county,annual,10,,2010
TX,Kendall County,county,annual,10,,2012 2020-2025
TX,Kenedy,municipality,annual,10,,2005 2022-2025
TX,Kenedy County,county,annual,1,,2013-2017 2022-2024
TX,Kennedale,municipality,annual,10,,2024
TX,Kerens,municipality,annual,4,,2000
TX,Kermit,municipality,annual,10,,2011-2012 2023
TX,Kerr County,county,annual,10,,2002-2003 2006 2010-2011 2013-2016 2018-2019 2021-2025
TX,Kerrville,municipality,annual,10,,1999-2006 2009-2010 2020 2022-2025
TX,Kerrville City,municipality,annual,10,,1998
TX,Kilgore,municipality,annual,10,,1998-1999 2010 2013 2016 2020-2024
TX,Killeen,municipality,annual,10,,1998-2025
TX,Kimble County,county,annual,1,,2001-2002
TX,Kingsville,municipality,annual,10,,2009 2017 2020-2025
TX,Kinney County,county,annual,10,,2000 2006 2011-2017 2019-2024
TX,Kirby,municipality,annual,10,,2018 2020 2023
TX,Kirbyville,municipality,annual,10,,2005-2006 2014 2019-2021
TX,Kleberg County,county,annual,10,,1998-2001 2009-2025
TX,Kosse,municipality,annual,10,,2025
TX,Kountze,municipality,annual,10,,2015
TX,Kyle,municipality,annual,10,,2020-2021 2025
TX,La Feria,municipality,annual,10,,1998 2001 2003 2005-2019 2021 2025
TX,La Joya,municipality,annual,10,,2009-2010 2013 2021 2023-2024
TX,La Marque,municipality,annual,10,,1998-2004 2008-2015 2019-2020 2024
TX,La Porte,municipality,annual,10,,1998 2001-2003 2005-2020 2023-2025
TX,La Salle County,county,annual,1,,1998 2006 2019
TX,La Salle County,county,annual,10,,2020
TX,La Vernia,municipality,annual,10,,1998
TX,La Villa,municipality,annual,10,,2018-2019
TX,Ladonia,municipality,annual,9,,2000
TX,Ladonia,municipality,annual,10,,2018-2019
TX,Lago Vista,municipality,annual,10,,2025
TX,Lake Jackson,municipality,annual,10,,2000-2004 2006-2010 2019-2021 2023
TX,Lakeway,municipality,annual,10,,2020 2023-2024
TX,Lamar County,county,annual,10,,2001-2002 2005-2006 2008 2010-2012 2015 2017 2021-2025
TX,Lamb County,county,annual,10,,2018 2022
TX,Lamesa,municipality,annual,4,,1998-2004
TX,Lamesa,municipality,annual,10,,2008-2011 2022-2025
TX,Lamesa,municipality,other,,18,2007
TX,Lampasas,municipality,annual,10,,1998-1999 2010 2014 2022
TX,Lampasas County,county,annual,10,,1999 2005 2009 2022-2024
TX,Lancaster,municipality,annual,10,,1998-2005 2009-2013 2017 2020 2022-2025
TX,Laredo,municipality,annual,10,,1998-2025
TX,Lavaca County,county,annual,10,,2011 2020 2023-2024
TX,Laward,municipality,annual,10,,2024
TX,League,municipality,annual,10,,2003
TX,League City,municipality,annual,10,,1999 2004-2006 2008-2025
TX,Leander,municipality,annual,10,,2004 2013 2020 2024-2025
TX,Leary,municipality,annual,7,,2008-2009 2012-2013
TX,Leary,municipality,other,,15,2024
TX,Lee County,county,annual,10,,2020 2022-2023
TX,Leon County,county,annual,10,,2012 2017 2024
TX,Leon Valley,municipality,annual,10,,2018 2020 2023
TX,Levelland,municipality,annual,10,,2010-2011 2014 2021-2022
TX,Lewisville,municipality,annual,10,,1998-1999 2001-2025
TX,Lexington,municipality,annual,10,,2023
TX,Liberty,municipality,annual,10,,2001 2006 2009-2014 2017-2018 2021-2022 2024-2025
TX,Liberty County,county,annual,10,,1999 2001-2002 2005-2008 2010-2013 2015-2025
TX,Liberty Hill,municipality,annual,10,,2007-2009 2012-2013 2015 2024
TX,Limestone County,county,annual,10,,2007-2008 2014 2022-2023
TX,Lindale,municipality,annual,10,,2005 2011 2023-2024
TX,Linden,municipality,annual,10,,2021-2024
TX,Little Elm,municipality,annual,10,,2011 2016-2025
TX,Littlefield,municipality,annual,10,,2022
TX,Live Oak,municipality,annual,10,,2022
TX,Live Oak County,county,annual,1,,1999 2004-2007 2009 2013 2022-2024
TX,Livingston,municipality,annual,10,,2009 2012 2023
TX,Llano,municipality,annual,10,,1998 2000-2001 2003 2013 2019-2021
TX,Llano County,county,annual,10,,2001 2006 2011-2012 2019 2021 2024-2025
TX,Lockhart,municipality,annual,10,,1999-2002 2004-2005 2007-2008 2023
TX,Log Cabin,municipality,annual,10,,2005-2007
TX,Longview,municipality,annual,10,,1998-2025
TX,Lorenzo,municipality,annual,4,,2024
TX,Los Fresnos,municipality,annual,10,,1998-2000 2007-2008 2010-2012 2015-2017 2021-2025
TX,Los Indios,municipality,annual,10,,2006
TX,Lovelady,municipality,annual,4,,2000
TX,Loving County,county,annual,1,,2015
TX,Lubbock,municipality,annual,10,,1998-2025
TX,Lubbock County,county,annual,10,,2000-2015 2017-2025
TX,Lufkin,municipality,annual,10,,1998-2011 2013 2015-2016 2020-2022
TX,Luling,municipality,annual,4,,1999-2000 2004-2005 2007 2009 2020-2022 2024
TX,Lumberton,municipality,annual,10,,2006 2010-2011 2013-2014 2021 2023-2024
TX,Lyford,municipality,annual,10,,2001-2002 2011 2013-2015 2018-2025
TX,Mabank,municipality,annual,10,,2023
TX,Madison County,county,annual,10,,2011-2012 2015 2020-2022
TX,Madisonville,municipality,annual,10,,1999 2001-2002 2008 2012 2022-2025
TX,Magnolia,municipality,annual,10,,2021
TX,Malakoff,municipality,annual,10,,2004
TX,Mansfield,municipality,annual,10,,2012 2014 2020-2021 2025
TX,Marble Falls,municipality,annual,10,,1998-2001 2003-2005 2007-2008 2021-2024
TX,Marion County,county,annual,1,,2024
TX,Marlin,municipality,annual,10,,2000 2007 2009-2011 2020
TX,Marshall,municipality,annual,1,,1998-2011 2013 2020-2025
TX,Martindale,municipality,annual,10,,1999 2003
TX,Mason,municipality,annual,11,,2021
TX,Matagorda County,county,annual,1,,1999-2005 2007-2025
TX,Mathis,municipality,annual,10,,2009 2022-2023
TX,Maud,municipality,annual,4,,1998-2001
TX,Maverick County,county,annual,10,,1998 2002 2006-2009 2014-2015 2019-2025
TX,Mcallen,municipality,annual,10,,1998-2025
TX,Mccamey,municipality,annual,10,,1999
TX,Mcculloch County,county,annual,10,,2010
TX,Mcgregor,municipality,annual,10,,2012 2024
TX,Mckinney,municipality,annual,10,,2000 2003-2025
TX,Mclennan County,county,annual,10,,1998-2012 2017-2025
TX,Medina County,county,annual,10,,1998-2016 2018-2025
TX,Megargel,municipality,annual,7,,2003
TX,Melissa,municipality,annual,10,,2022-2023
TX,Menard,municipality,annual,10,,2010
TX,Mercedes,municipality,annual,10,,1998-2003 2005-2016 2018 2020-2021 2023-2024
TX,Meridian,municipality,annual,10,,2008
TX,Merkel,municipality,annual,10,,2001 2006
TX,Mertzon,municipality,annual,10,,2000
TX,Mesquite,municipality,annual,10,,1998-2025
TX,Mexia,municipality,annual,10,,2004-2006 2010-2012 2019
TX,Midland,municipality,annual,10,,1999-2025
TX,Midland City,municipality,annual,10,,1998
TX,Midland County,county,annual,10,,1998 2000-2009 2020-2025
TX,Midlothian,municipality,annual,10,,2003 2008-2009 2011-2014 2020 2023
TX,Milam County,county,annual,1,,2000 2002-2006 2008-2012 2017 2020-2024
TX,Milano,municipality,annual,10,,2024
TX,Miles,municipality,annual,10,,2008
TX,Milford,municipality,annual,10,,1999 2005
TX,Mills County,county,annual,10,,2008-2009
TX,Mineola,municipality,annual,10,,2012-2013 2025
TX,Mineral Wells,municipality,annual,10,,1998 2002 2004 2006 2009 2013-2014 2020 2023-2024
TX,Mission,municipality,annual,10,,1998-2025
TX,Missouri City,municipality,annual,7,,2003 2006 2008-2015
TX,Missouri City,municipality,annual,10,,2019-2025
TX,Monahans,municipality,annual,10,,2000 2022
TX,Mont Belvieu,municipality,annual,10,,2012-2013 2025
TX,Mont Belviue,municipality,annual,10,,2023-2024
TX,Montague County,county,annual,10,,2016-2023
TX,Montgomery,municipality,annual,10,,2017-2018
TX,Montgomery County,county,annual,7,,2011
TX,Montgomery County,county,annual,10,,1999 2001-2025
TX,Moore County,county,annual,10,,2016
TX,Moran,municipality,annual,6,,2014
TX,Morris County,county,annual,10,,2021
TX,Mount Pleasant,municipality,annual,10,,2015 2024-2025
TX,Mt Pleasant,municipality,annual,10,,1998-1999
TX,Mt. Enterprise,municipality,annual,1,,2002
TX,Mt. Vernon,municipality,annual,10,,2010-2011
TX,Muenster,municipality,annual,10,,2003 2005-2006
TX,Muleshoe,municipality,annual,10,,2012 2019 2023 2025
TX,Murphy,municipality,annual,10,,2015 2024
TX,Nacogdoches,municipality,annual,10,,2000-2002 2004-2016 2019-2024
TX,Nacogdoches County,county,annual,10,,1998-2016 2020-2021 2024-2025
TX,Naples,municipality,annual,10,,2010
TX,Nash,municipality,annual,10,,1998 2003 2005 2007 2012-2013 2016 2018 2025
TX,Nassau Bay,municipality,annual,10,,2008-2012 2015-2016 2018-2025
TX,Natalia,municipality,annual,1,,1999
TX,Natalia,municipality,annual,10,,2020 2022
TX,Navaro County,county,annual,10,,2009
TX,Navarro County,county,annual,10,,1999-2008 2010-2024
TX,Navasota,municipality,annual,10,,2019-2021
TX,Nederland,municipality,annual,10,,1999 2006 2008-2009 2014-2015 2020 2023
TX,New Boston,municipality,annual,10,,2001 2004 2023
TX,New Braunfels,municipality,annual,7,,2004
TX,New Braunfels,municipality,annual,10,,2005-2007 2009-2011 2013-2016 2018 2020-2021 2023-2025
TX,New Deal,municipality,annual,10,,1998 2006 2018-2019
TX,Newton,municipality,annual,7,,2014 2023-2024
TX,Newton City,municipality,annual,7,,1999
TX,Newton County,county,annual,1,,2007 2010-2013 2015-2024
TX,Nixon,municipality,annual,10,,2011
TX,Nolan County,county,annual,10,,2023 2025
TX,Nolanville,municipality,annual,10,,2018 2022-2023 2025
TX,Nome,municipality,annual,7,,1999 2016
TX,North Richland Hills,municipality,annual,10,,2004-2007 2009-2020 2022-2025
TX,Nueces County,county,annual,10,,1999 2001 2004-2019 2021-2025
TX,Ochiltree County,county,annual,10,,1999
TX,Odem,municipality,annual,4,,2009-2010
TX,Odessa,municipality,annual,10,,1999-2024
TX,Odessa City,municipality,annual,10,,1998
TX,Oglesby,municipality,annual,1,,2000
TX,Olton,municipality,annual,10,,2012 2015
TX,Orange,municipality,annual,10,,1998-1999 2001-2025
TX,Orange County,county,annual,10,,1998 2000-2005 2007-2017 2019-2025
TX,Orange Grove,municipality,annual,10,,2020
TX,Overton,municipality,annual,10,,2001
TX,Palacios,municipality,annual,10,,2002 2013-2015 2022-2025
TX,Palestine,municipality,annual,10,,2001-2002 2008 2011-2013 2015 2020 2023-2024
TX,Palestine,municipality,biennial,,,2005
TX,Palmview,municipality,annual,10,,2021-2023
TX,Palo Pinto County,county,annual,10,,2011-2014
TX,Pampa,municipality,annual,10,,2020 2023-2024
TX,Panhandle,municipality,annual,10,,2004
TX,Panola County,county,annual,1,,2005 2020 2022-2024
TX,Panorama Village,municipality,annual,10,,2023
TX,Paris,municipality,annual,10,,1998-2005 2011-2016 2019-2020 2022-2024
TX,Parker County,county,annual,10,,2001-2006 2009-2014 2021-2025
TX,Pasadena,municipality,annual,10,,1998-2025
TX,Pearland,municipality,annual,10,,1998-2000 2002-2006 2008-2025
TX,Pearsall,municipality,annual,10,,2013-2014 2022
TX,Pearsall City,municipality,annual,7,,1998
TX,Pecos City,municipality,annual,10,,2000-2001 2003-2005 2009
TX,Pecos County,county,annual,1,,2001 2007 2011-2012 2014-2015 2023-2024
TX,Penitas,municipality,annual,10,,2011 2014-2015 2025
TX,Pflugerville,municipality,annual,10,,2009-2011 2020-2025
TX,Pharr,municipality,annual,10,,2000-2001 2003-2018 2020-2025
TX,Pilot Point,municipality,annual,10,,2023
TX,Pine Forest,municipality,annual,10,,2024
TX,Pinehurst,municipality,annual,10,,2021-2022
TX,Pineland,municipality,annual,1,,2024-2025
TX,Piney Point Village,municipality,annual,1,,2008 2023
TX,Pittsburg,municipality,annual,10,,2002 2009 2022-2024
TX,Plainview,municipality,annual,10,,2000-2001 2018 2020
TX,Plano,municipality,annual,10,,1998-2025
TX,Pleak,municipality,annual,10,,2025
TX,Pleasanton,municipality,annual,10,,2000-2001 2020-2021
TX,Polk County,county,annual,10,,1999 2005-2006 2008-2018 2020-2025
TX,Portales,municipality,annual,7,,2013
TX,Portland,municipality,annual,10,,1999 2006 2011 2013 2018 2020-2022 2025
TX,Post,municipality,annual,10,,2010
TX,Poteet,municipality,annual,10,,2005 2013 2017 2020-2021
TX,Potter County,county,annual,10,,1999-2013 2015-2016 2020 2022-2024
TX,Pottsboro,municipality,annual,10,,2013
TX,Presidio,municipality,annual,10,,2000 2002 2007 2010-2011 2021
TX,Presidio County,county,annual,1,,1998-2001 2003 2005-2007
TX,Presidio County,county,annual,10,,2010-2011 2013 2023
TX,Primera,municipality,annual,10,,1998-1999 2001-2005 2013-2015 2022
TX,Princeton,municipality,annual,10,,2021 2025
TX,Prosper,municipality,annual,10,,2020-2021 2024-2025
TX,Pyote,municipality,annual,10,,2000
TX,Quinlan,municipality,annual,10,,2021
TX,Quitaque,municipality,annual,10,,2025
TX,Ralls,municipality,annual,4,,2007 2014
TX,Randall County,county,annual,10,,2000 2006 2010 2013 2020-2025
TX,Raymondville,municipality,annual,10,,2010-2011 2013 2016 2019-2025
TX,Real County,county,annual,10,,1998-2000 2006
TX,Red Oak,municipality,annual,10,,2004 2010 2012 2022
TX,Red River County,county,annual,10,,2005-2007 2010-2012 2016 2022-2023
TX,Redwater,municipality,annual,10,,2003
TX,Reeves County,county,annual,1,,1998-2000 2004-2007
TX,Refugio,municipality,annual,10,,2004 2020-2025
TX,Refugio County,county,annual,10,,1998 2008 2010-2016 2018-2025
TX,Reno,municipality,annual,10,,2007 2020
TX,Richardson,municipality,annual,10,,1998 2005-2014 2018 2020-2025
TX,Richland Hills,municipality,annual,10,,2013 2021 2024
TX,Richmond,municipality,annual,10,,1998-2002 2004 2009-2010 2013-2014 2017-2018 2023-2025
TX,Richwood,municipality,annual,10,,2024-2025
TX,Riesel,municipality,annual,7,,2000
TX,Rio Grande,municipality,annual,10,,1998-1999 2008
TX,Rio Grande City,municipality,annual,10,,2000 2002-2003 2005-2006 2009-2012 2020 2023-2024
TX,Rio Hondo,municipality,annual,10,,1998 2001-2006 2011 2014-2016 2018
TX,River Oaks,municipality,annual,10,,2017-2022
TX,Roanoke,municipality,annual,10,,2022
TX,Robert Lee,municipality,annual,10,,2012
TX,Robertson County,county,annual,10,,2005 2011-2012 2024-2025
TX,Robinson,municipality,annual,10,,2003 2024
TX,Robstown,municipality,annual,10,,2006-2008 2011-2015
TX,Rockdale,municipality,annual,10,,2010 2022-2024
TX,Rockport,municipality,annual,10,,1999 2010 2012-2020 2022-2025
TX,Rockwall,municipality,annual,10,,1998-2005 2023-2025
TX,Rockwall County,county,annual,10,,2006 2013-2015 2020 2023-2025
TX,Roma,municipality,annual,10,,2001 2003 2005-2007 2009-2011 2013 2015-2016 2019-2025
TX,Roscoe,municipality,annual,10,,2010 2014
TX,Rose City,municipality,annual,10,,2012-2013 2016 2024
TX,Rosenberg,municipality,annual,10,,2000 2013 2018-2025
TX,Round Rock,municipality,annual,10,,1999-2025
TX,Rowlett,municipality,annual,10,,2006-2007 2009-2016 2019-2024
TX,Royse City,municipality,annual,10,,2025
TX,Runge,municipality,annual,10,,2000
TX,Runnels County,county,annual,10,,1999 2003
TX,Rusk,municipality,annual,10,,1998 2014
TX,Rusk County,county,annual,1,,2005 2008 2012 2020 2022-2025
TX,Sabinal,municipality,annual,10,,2010-2011
TX,Sabine County,county,annual,1,,2003-2007 2010-2016 2018-2024
TX,Sachse,municipality,annual,10,,2020 2023-2024
TX,Saginaw,municipality,annual,10,,2020 2023-2025
TX,San Angelo,municipality,annual,10,,1999-2025
TX,San Angelo City,municipality,annual,10,,1998
TX,San Antonio,municipality,annual,10,,1998-2025
TX,San Augustine,municipality,annual,7,,2011-2012 2015
TX,San Augustine County,county,annual,10,,2003 2011 2013 2015 2024-2025
TX,San Benito,municipality,annual,10,,1999-2002 2005 2007-2014 2023-2025
TX,San Benito City,municipality,annual,10,,1998
TX,San Felipe,municipality,annual,10,,2021-2022
TX,San Jacinto County,county,annual,10,,2008 2010-2018 2020 2023-2024
TX,San Juan,municipality,annual,10,,2000-2004 2009 2011 2020 2023-2025
TX,San Marcos,municipality,annual,10,,1999-2025
TX,San Marcos City,municipality,annual,10,,1998
TX,San Patricio County,county,annual,1,,1998-2024
TX,San Saba,municipality,annual,10,,1998 2001
TX,San Saba County,county,annual,10,,1998-1999 2003-2004 2008-2009 2020
TX,Sanger,municipality,annual,10,,2024-2025
TX,Sansom Park,municipality,annual,10,,2012-2013 2023
TX,Santa Anna,municipality,annual,4,,2007
TX,Santa Fe,municipality,annual,10,,2005 2008-2009 2011-2013 2015-2016 2020-2025
TX,Santa Rosa,municipality,annual,9,,2001 2003-2004 2006
TX,Santa Rosa,municipality,annual,10,,2007
TX,Savoy,municipality,annual,10,,2020
TX,Schertz,municipality,annual,10,,1999 2003-2005 2011 2020-2025
TX,Schulenburg,municipality,annual,10,,2012 2023
TX,Scurry County,county,annual,1,,2025
TX,Seabrook,municipality,annual,10,,2008-2009 2012-2014 2020 2022-2024
TX,Seadrift,municipality,annual,10,,2011-2012 2020-2025
TX,Seagoville,municipality,annual,10,,2021 2024
TX,Seagraves,municipality,annual,10,,2022-2024
TX,Sealy,municipality,annual,10,,2001 2012-2013 2021-2023
TX,Seguin,municipality,annual,10,,1999-2005 2010 2012 2014-2015 2018 2020-2025
TX,Seguin City,municipality,annual,10,,1998
TX,Seminole,municipality,annual,10,,2005 2011-2014 2023
TX,Seymour,municipality,annual,10,,2000-2001
TX,Shallowater,municipality,annual,10,,2020
TX,Shamrock,municipality,annual,10,,2003
TX,Shelby County,county,annual,10,,2010 2014 2016 2018 2020 2023-2024
TX,Shenandoah,municipality,annual,10,,2024-2025
TX,Shepherd,municipality,annual,10,,2000 2003 2012 2014 2025
TX,Sherman,municipality,annual,10,,1998-2012 2017-2025
TX,Shoreacres,municipality,annual,10,,2009 2012-2014
TX,Silsbee,municipality,annual,10,,1998 2006 2010-2011 2014
TX,Simonton,municipality,annual,10,,2022
TX,Sinton,municipality,annual,10,,2004 2012 2014 2022
TX,Slaton,municipality,annual,10,,2012-2013 2024-2025
TX,Smith County,county,annual,10,,2000-2008 2010-2014 2017-2025
TX,Smithville,municipality,annual,10,,2006 2015 2017-2018 2020 2022-2025
TX,Snyder,municipality,annual,10,,1998 2016 2023-2024
TX,Socorro,municipality,annual,10,,1998 2000-2002 2007 2012 2018 2021 2023-2025
TX,Somerset,municipality,annual,10,,2012-2013
TX,Sonora,municipality,annual,10,,2010-2013
TX,Sour Lake,municipality,annual,1,,2022-2025
TX,South Houston,municipality,annual,10,,2003 2006-2008 2011-2013 2015-2016 2022-2025
TX,South Padre Island,municipality,annual,10,,2000 2003 2005 2008-2025
TX,Southlake,municipality,annual,10,,2020 2022
TX,Southside Place,municipality,annual,10,,2023
TX,Spearman,municipality,annual,10,,2002
TX,Springtown,municipality,annual,10,,2012-2014 2024
TX,Spur,municipality,annual,10,,2000 2013
TX,Stafford,municipality,annual,10,,2005 2010-2011 2019-2021 2023-2025
TX,Stamford,municipality,annual,10,,2018 2020-2024
TX,Stanton,municipality,annual,10,,2006
TX,Starr County,county,annual,10,,2005-2006 2008-2009 2011-2024
TX,Stephens County,county,annual,1,,2021-2022
TX,Stephenville,municipality,annual,10,,2004 2008-2010 2012 2017 2020-2024
TX,Stockdale,municipality,annual,10,,2013
TX,Strawn,municipality,annual,10,,1998 2018
TX,Sudan,municipality,annual,10,,2011
TX,Sugar Land,municipality,annual,10,,1998 2002-2015 2017-2019 2021-2025
TX,Sulphur Springs,municipality,annual,10,,1999-2000 2002-2003 2005-2006 2009-2013 2020 2024-2025
TX,Sulphur Springs City,municipality,annual,10,,1998
TX,Sunnyvale,municipality,annual,10,,2025
TX,Sunray,municipality,annual,10,,1999
TX,Sunset,municipality,annual,10,,2000
TX,Surfside Beach,municipality,annual,10,,2014
TX,Sweeny,municipality,annual,10,,2022 2024-2025
TX,Sweetwater,municipality,annual,10,,2002-2004 2009 2012-2013 2017 2020-2023
TX,Swisher County,county,annual,10,,2009-2016 2020-2023
TX,Tahoka,municipality,annual,10,,2003
TX,Tarrant County,county,annual,10,,1998-2025
TX,Taylor,municipality,annual,10,,1999-2003 2006-2007 2010-2011 2015 2017 2019-2025
TX,Taylor County,county,annual,10,,1998-2003 2005-2008 2011-2012 2020-2025
TX,Taylor Lake Village,municipality,annual,10,,2008 2023-2025
TX,Teague,municipality,annual,10,,2010-2011
TX,Temple,municipality,annual,10,,1999-2025
TX,Temple City,municipality,annual,10,,1998
TX,Terrell,municipality,annual,10,,1998-2025
TX,Terrell County,county,annual,10,,2003 2006 2024
TX,Texarkana,municipality,annual,10,,1998-2023 2025
TX,Texas City,municipality,annual,10,,1998-2016 2018 2020-2024
TX,Texhoma,municipality,annual,7,,1998
TX,The Colony,municipality,annual,10,,2020 2024-2025
TX,The Woodlands Township,township,annual,1,,2015-2016 2018 2020-2025
TX,The Woodlands Township,township,annual,2,,2013
TX,Thrall,municipality,annual,7,,1998-2003
TX,Three Rivers,municipality,annual,10,,2009-2010 2024
TX,Throckmorton,municipality,annual,10,,2000
TX,Throckmorton County,county,annual,1,,2021
TX,Titus County,county,annual,10,,2017-2025
TX,Tolar,municipality,annual,10,,2001
TX,Tom Green County,county,annual,10,,1998 2000-2008 2010-2012 2015-2016 2020-2025
TX,Tomball,municipality,annual,10,,2013-2014 2021 2023-2025
TX,Travis County,county,annual,10,,1998-2025
TX,Trenton,municipality,annual,10,,2013
TX,Trinidad,municipality,annual,10,,2002-2003 2007
TX,Trinity,municipality,annual,10,,2005 2012-2015 2022-2023
TX,Trinity County,county,annual,10,,2006-2016 2023
TX,Trophy Club,municipality,annual,10,,2020
TX,Troup,municipality,annual,10,,2000 2023
TX,Troy,municipality,annual,9,,2013 2024
TX,Tulia,municipality,annual,10,,2001 2022
TX,Tuscola,municipality,annual,10,,2005
TX,Tye,municipality,annual,10,,2019-2020
TX,Tyler,municipality,annual,10,,1998-2025
TX,Tyler County,county,annual,1,,2006-2016 2020-2022 2024
TX,Universal City,municipality,annual,10,,2013-2015 2020-2022
TX,University Park,municipality,annual,10,,2020 2022-2024
TX,Upshur County,county,annual,10,,2011 2019-2025
TX,Uvalde,municipality,annual,10,,2010-2013 2015 2020-2021
TX,Uvalde,municipality,other,,15,1999
TX,Uvalde County,county,annual,10,,1998-1999 2001-2002 2004 2006 2008-2009 2011-2014 2017 2020-2025
TX,Val Verde County,county,annual,10,,1998-2006 2008-2025
TX,Van Horn,municipality,annual,4,,1999-2000
TX,Van Zandt County,county,annual,10,,2000-2001 2015-2017 2020 2022-2024
TX,Venus,municipality,annual,10,,1998
TX,Vernon,municipality,annual,10,,1999-2003 2015 2023
TX,Victoria,municipality,annual,10,,1998-2025
TX,Victoria County,county,annual,1,,1998-2024
TX,Vidor,municipality,annual,10,,2002 2007 2009 2014-2015 2017-2020 2022-2025
TX,Vinton,municipality,annual,10,,2012 2020-2024
TX,Waco,municipality,annual,10,,1998-2025
TX,Waelder,municipality,annual,7,,2007-2008
TX,Wake Village,municipality,annual,1,,2001
TX,Walker County,county,annual,10,,1998-2004 2006-2012 2015-2017 2019-2025
TX,Waller County,county,annual,1,,1999-2005 2014 2016 2020-2024
TX,Wallis,municipality,annual,10,,2000 2014 2021-2022 2024-2025
TX,Ward County,county,annual,1,,2000
TX,Washington County,county,annual,1,,2004-2008 2010-2012 2014 2016-2017 2020 2022-2025
TX,Watauga,municipality,annual,10,,2020-2025
TX,Waxahachie,municipality,annual,10,,1999 2001-2003 2005 2013 2020 2023-2025
TX,Weatherford,municipality,annual,10,,2010-2018 2020-2025
TX,Webb County,county,annual,10,,1998-2025
TX,Webster,municipality,annual,10,,2008 2012 2024-2025
TX,Weimar,municipality,annual,10,,2001 2023
TX,Weslaco,municipality,annual,10,,1999-2005 2011-2013 2015-2017 2020-2025
TX,West,municipality,annual,10,,2015-2016
TX,West Orange,municipality,annual,10,,2011 2021-2025
TX,West Tawakoni,municipality,annual,10,,2001-2002 2007 2018
TX,West University Place,municipality,annual,1,,2008 2020 2023-2025
TX,Westworth Village,municipality,annual,10,,2020
TX,Wharton,municipality,annual,10,,1999-2001 2004-2008 2011 2017-2018 2020-2024
TX,Wharton County,county,annual,1,,1999-2000 2004-2006 2015 2017-2018 2020 2022-2025
TX,White Settlement,municipality,annual,10,,2010 2023-2025
TX,Whitehouse,municipality,annual,10,,1998-1999 2024
TX,Whitesboro,municipality,annual,10,,2025
TX,Whitney,municipality,annual,1,,1998 2000
TX,Wichita County,county,annual,1,,2000 2002-2003 2005-2006 2015 2017 2021-2024
TX,Wichita Falls,municipality,annual,10,,1998-2023 2025
TX,Wickett,municipality,annual,7,,1998 2001
TX,Wilbarger County,county,annual,10,,2025
TX,Willacy County,county,annual,10,,2003 2008-2024
TX,Williamson County,county,annual,10,,1998-2025
TX,Willis,municipality,annual,10,,1999 2009 2011-2014 2025
TX,Willow Park,municipality,annual,10,,2017 2022-2023
TX,Wills Point,municipality,annual,10,,1999 2006
TX,Wilmer,municipality,annual,10,,2024
TX,Wilson County,county,annual,10,,1998-2006 2013 2020
TX,Wimberley,municipality,annual,10,,2020-2021
TX,Windcrest,municipality,annual,10,,2022
TX,Wink,municipality,annual,9,,2002
TX,Winters,municipality,annual,10,,1998 2010-2013 2015 2018
TX,Wise County,county,annual,10,,2002-2008 2010-2015 2020 2022-2025
TX,Wolfe City,municipality,annual,10,,2020-2022
TX,Wood County,county,annual,10,,1999 2001-2002 2004 2006-2007 2020 2023-2025
TX,Woodsboro,municipality,annual,7,,2000 2002
TX,Woodsboro,municipality,annual,8,,2011 2013 2021-2022
TX,Woodville,municipality,annual,10,,1999-2000 2003 2021 2025
TX,Woodville City,municipality,annual,10,,1998
TX,Woodway,municipality,annual,10,,2024
TX,Worksource For Dallas County,county,annual,1,,1999-2007
TX,Wortham,municipality,annual,10,,2016
TX,Wylie,municipality,annual,10,,2020-2021 2023
TX,Yoakum,municipality,annual,10,,2006-2007 2022-2025
TX,Young County,county,annual,10,,2022
TX,Zapata County,county,annual,10,,2006-2015 2017-2021 2023-2025
TX,Zavala County,county,annual,10,,1998-2000 2004-2005 2008-2015 2022-2024
TX,Zavalla,municipality,annual,1,,2024
TX,Zavalla City,municipality,annual,1,,1999
UT,Alpine City,municipality,annual,7,,2014 2019
UT,American Fork City,municipality,annual,7,,2013 2020-2021 2023-2025
UT,Antimony Town,municipality,annual,7,,2025
UT,Apple Valley,municipality,annual,7,,2013 2015 2025
UT,Beaver City,municipality,annual,7,,2010-2011 2017 2025
UT,Beaver County,county,annual,1,,1998 2001 2010-2011
UT,Bicknell Town,municipality,annual,7,,2024
UT,Blanding,municipality,annual,7,,2003-2004
UT,Blanding City,municipality,annual,7,,2000 2002 2005 2007-2010 2012-2014 2018 2024-2025
UT,Bluffdale,municipality,annual,7,,2011
UT,Bountiful,municipality,annual,7,,2012 2020-2023
UT,Box Elder County,county,annual,1,,2002 2004 2009-2011 2020-2025
UT,Brian Head Town,municipality,annual,7,,2010-2011 2013-2014 2025
UT,Brigham City,municipality,annual,7,,1998-2015 2018-2023 2025
UT,Cache County,county,annual,1,,2005-2021 2024-2025
UT,Cannonville Town,municipality,annual,7,,2023
UT,Carbon County,county,annual,1,,1998-1999 2003-2023 2025
UT,Cedar City,municipality,annual,7,,2000-2013 2015-2024
UT,Centerfield City,municipality,annual,7,,2008 2013
UT,Centerfield Town,municipality,annual,7,,2000
UT,Centerville City,municipality,annual,7,,2000 2020-2021 2023
UT,Central Valley Town,municipality,annual,7,,2019
UT,Circleville Town,municipality,annual,7,,2024
UT,Clearfield City,municipality,annual,7,,1998 2000-2001 2005 2007 2011-2012 2021-2022
UT,Clinton City,municipality,annual,7,,2012 2021
UT,Coalville City,municipality,annual,7,,2014-2015 2019-2020 2022
UT,Cottonwood Heights City,municipality,annual,7,,2021-2023
UT,Daggett County,county,annual,1,,2000 2002-2014 2022-2024
UT,Daniel,municipality,annual,7,,2010-2012
UT,Davis County,county,annual,1,,1998-2024
UT,Draper City,municipality,annual,7,,2010 2022
UT,Duchesne City,municipality,annual,7,,2013
UT,Duchesne County,county,annual,1,,1998 2000-2001 2003-2005 2013-2014 2016 2020-2021 2023-2024
UT,Eagle Mountain City,municipality,annual,7,,2009-2010 2014 2021
UT,Elsinore Town,municipality,annual,7,,2020-2021
UT,Elwood Town,municipality,annual,7,,2012
UT,Emery County,county,annual,1,,2010 2014 2017-2025
UT,Emery Town,municipality,annual,7,,2012
UT,Enoch City,municipality,annual,7,,2009 2015
UT,Enterprise,municipality,annual,7,,2000-2001
UT,Ephraim City,municipality,annual,7,,2011-2012 2015 2018 2021-2023 2025
UT,Escalante City,municipality,annual,7,,2000 2010-2011
UT,Fairview City,municipality,annual,7,,2001-2002
UT,Farmington City,municipality,annual,7,,2000 2009 2021 2025
UT,Francis City,municipality,annual,7,,2015-2016
UT,Fruit Heights City,municipality,annual,7,,2024
UT,Garfield County,county,annual,1,,1998-1999 2002-2003 2009-2016 2018-2021 2023-2024
UT,Garland City,municipality,annual,7,,2017-2018 2021
UT,Glendale Town,municipality,annual,7,,2020
UT,Grand County,county,annual,1,,1999-2001 2003-2016 2019-2024
UT,Grantsville City,municipality,annual,7,,2010 2024
UT,Green River,municipality,annual,7,,2001-2002 2024
UT,Gunnison City,municipality,annual,7,,2003 2015-2016
UT,Hanksville Town,municipality,annual,7,,2019
UT,Heber City,municipality,annual,7,,2000-2003 2005-2008 2015-2016 2021 2023-2025
UT,Helper,municipality,annual,7,,2025
UT,Helper City,municipality,annual,7,,2024
UT,Herriman City,municipality,annual,7,,2016-2025
UT,Highland,municipality,annual,7,,1998
UT,Highland City,municipality,annual,7,,2020
UT,Holladay,municipality,annual,7,,2008-2012 2021
UT,Honeyville City,municipality,annual,7,,2010
UT,Hooper City,municipality,annual,7,,2007-2008 2021
UT,Huntsville Town,municipality,annual,7,,1999-2000 2002
UT,Hurricane City,municipality,annual,7,,2019 2021 2024-2025
UT,Hyrum City,municipality,annual,7,,2021
UT,Iron County,county,annual,1,,2008 2013 2018-2025
UT,Joseph Town,municipality,annual,7,,2012
UT,Juab County,county,annual,1,,2009-2011 2014 2020-2022
UT,Junction Town,municipality,annual,7,,2024
UT,Kanab City,municipality,annual,7,,2003 2019-2022
UT,Kane County,county,annual,1,,1998-1999 2002 2008 2010-2011 2013 2017 2020 2023-2024
UT,Kanosh Town,municipality,annual,7,,2024
UT,Kaysville City,municipality,annual,7,,2012 2021
UT,Layton City,municipality,annual,7,,2000-2013 2020-2025
UT,Lehi City,municipality,annual,7,,2010 2012 2016-2018 2020-2025
UT,Lindon City,municipality,annual,7,,2000
UT,Logan,municipality,annual,7,,1998-2003 2010 2014-2015 2018 2022-2025
UT,Logan City,municipality,annual,7,,2004-2009 2011-2013 2020-2021
UT,Lynndyl,municipality,annual,7,,2024
UT,Manila,municipality,annual,7,,2002-2003
UT,Manti,municipality,annual,7,,2004-2006
UT,Mantua,municipality,annual,7,,2008
UT,Mapleton City,municipality,annual,7,,2011-2012 2021 2024
UT,Marysvale Town,municipality,annual,7,,2025
UT,Midvale City,municipality,annual,7,,1999-2011 2021
UT,Midway City,municipality,annual,7,,2012
UT,Milford,municipality,annual,7,,2020-2023
UT,Millard County,county,annual,1,,2001-2002 2013-2014 2020 2022-2024
UT,Millville,municipality,annual,7,,2021-2023
UT,Millville City,municipality,annual,7,,2024-2025
UT,Moab City,municipality,annual,7,,2018
UT,Mona City,municipality,annual,7,,2010-2012
UT,Monroe City,municipality,annual,7,,2025
UT,Monticello,municipality,annual,7,,2002
UT,Monticello City,municipality,annual,7,,2008-2012
UT,Morgan City,municipality,annual,7,,2005
UT,Morgan County,county,annual,1,,2003 2020
UT,Mt. Pleasant City,municipality,annual,7,,2011
UT,Murray City,municipality,annual,7,,2002 2010 2012-2013 2020-2022
UT,Nephi City,municipality,annual,7,,2002 2014 2016 2018-2022 2025
UT,Nibley City,municipality,annual,7,,2003
UT,North Logan City,municipality,annual,7,,2021
UT,North Ogden City,municipality,annual,7,,2004 2019 2021
UT,North Salt Lake City,municipality,annual,7,,2013
UT,Oakley City,municipality,annual,7,,2003
UT,Ogden City,municipality,annual,7,,1999-2004 2006-2025
UT,Orderville,municipality,annual,7,,2008-2009
UT,Orem,municipality,annual,7,,1998-2025
UT,Panguitch City,municipality,annual,7,,1998 2002-2005 2024-2025
UT,Parowan City,municipality,annual,7,,1999 2007 2017 2021 2024
UT,Payson City,municipality,annual,7,,2003-2004 2020 2022 2024
UT,Piute County,county,annual,1,,2003 2008 2012-2013
UT,Pleasant Grove City,municipality,annual,7,,2000 2005-2007 2009 2012 2020-2021 2024-2025
UT,Pleasant View City,municipality,annual,7,,2021
UT,Price City,municipality,annual,7,,2024-2025
UT,Provo,municipality,annual,7,,2023
UT,Provo City,municipality,annual,7,,1998-2012 2015-2022 2024-2025
UT,Richfield City,municipality,annual,7,,2010-2015 2018 2021 2023-2024
UT,Richmond,municipality,annual,7,,2009
UT,Riverton City,municipality,annual,7,,2020-2025
UT,Roosevelt City,municipality,annual,7,,2012 2015 2018-2021
UT,Roy City,municipality,annual,7,,2010 2021
UT,Saint George City,municipality,annual,7,,2003-2010 2012-2016
UT,Salem City,municipality,annual,7,,2020 2024
UT,Salina City,municipality,annual,7,,2000 2003
UT,Salt Lake City,municipality,annual,7,,1999-2017 2022
UT,Salt Lake County,county,annual,1,,1998-2025
UT,San Juan County,county,annual,1,,1998-2003 2009-2024
UT,Sandy,municipality,annual,7,,2011
UT,Sandy City,municipality,annual,7,,1998-2010 2012-2014 2020-2022
UT,Sanpete County,county,annual,1,,2008 2010-2013 2020-2025
UT,Santa Clara City,municipality,annual,7,,2005 2013
UT,Santaquin City,municipality,annual,7,,2013-2014 2022-2024
UT,Saratoga Springs,municipality,annual,7,,2007 2020-2021
UT,Scipio Town,municipality,annual,7,,2022
UT,Sevier County,county,annual,1,,1998-2025
UT,Sigurd Town,municipality,annual,7,,2011-2012 2022
UT,Smithfield,municipality,annual,7,,2010 2021
UT,Smithfield City,municipality,annual,7,,2023
UT,South Jordan,municipality,annual,7,,2013 2020-2022 2024
UT,South Jordan City,municipality,annual,7,,2006
UT,South Ogden City,municipality,annual,7,,2003 2021
UT,South Salt Lake,municipality,annual,7,,1998-2025
UT,Spanish Fork City,municipality,annual,7,,2003 2011-2012 2019-2021 2023-2024
UT,Spring City,municipality,annual,7,,1999
UT,Springdale,municipality,annual,7,,2018-2019
UT,Springville City,municipality,annual,7,,1999-2000 2021-2022
UT,St George,municipality,annual,7,,2025
UT,St George City,municipality,annual,7,,1999-2001
UT,St. George,municipality,annual,7,,2011 2017-2024
UT,St. George City,municipality,annual,7,,2002
UT,Stockton,municipality,annual,7,,2010-2012
UT,Summit County,county,annual,1,,1998-2000 2004-2007 2010-2024
UT,Syracuse City,municipality,annual,7,,2006-2007 2021 2023
UT,Taylorsville,municipality,annual,7,,2010-2011 2014 2021-2024
UT,Taylorsville City,municipality,annual,7,,2005-2007
UT,Tooele City,municipality,annual,7,,1998 2002-2003 2005-2006 2021-2024
UT,Tooele County,county,annual,1,,1998-2006 2009-2025
UT,Torrey Town,municipality,annual,7,,2019 2024
UT,Tremonton City,municipality,annual,7,,2021
UT,Uintah City,municipality,annual,7,,2023
UT,Uintah County,county,annual,1,,1998-2025
UT,Utah County,county,annual,1,,1998-2023
UT,Vernal,municipality,annual,7,,2023
UT,Vernal City,municipality,annual,7,,2021 2024-2025
UT,Wallsburg Town,municipality,annual,7,,2024-2025
UT,Wasatch County,county,annual,1,,1998-2025
UT,Washington City,municipality,annual,7,,2009-2010 2024
UT,Washington County,county,annual,1,,2003-2025
UT,Washington Terrace,municipality,annual,7,,2010 2012 2021
UT,Washington Terrace City,municipality,annual,7,,1998
UT,Wayne County,county,annual,1,,2006-2007 2010 2012 2018-2020 2022-2025
UT,Weber County,county,annual,1,,1998-2025
UT,Wellington,municipality,annual,7,,2024-2025
UT,Wendover City,municipality,annual,7,,2003 2005
UT,West Haven City,municipality,annual,7,,2021 2024
UT,West Jordan,municipality,annual,7,,1998-2025
UT,West Point City,municipality,annual,7,,2023-2025
UT,West Valley City,municipality,annual,7,,1998-2025
UT,Woodland Hills City,municipality,annual,7,,2021
UT,Woods Cross City,municipality,annual,7,,2009-2010 2014 2021
VT,Alburgh,municipality,annual,4,,2012-2013
VT,Arlington,municipality,annual,1,,2001-2002 2016
VT,Barnard,municipality,annual,7,,2012
VT,Barnet,municipality,annual,1,,2011
VT,Barre,municipality,annual,7,,1999-2002 2004-2006 2008-2017 2023-2025
VT,Barton,municipality,annual,1,,2010
VT,Bennington,municipality,annual,7,,1999-2002 2005-2008 2012-2016 2018-2025
VT,Berlin,municipality,annual,7,,2015-2016 2021
VT,Bethel,municipality,annual,1,,1998 2002
VT,Bethel,municipality,annual,7,,2008 2011-2014 2021 2024-2025
VT,Bradford,municipality,annual,1,,2006 2012
VT,Braintree,municipality,annual,7,,2012
VT,Brandon,municipality,annual,7,,1999 2005-2007 2014 2016-2021 2023-2025
VT,Brattleboro,municipality,annual,7,,2002-2019 2021-2025
VT,Bridgewater,municipality,annual,7,,2012 2024-2025
VT,Bridgwater,municipality,annual,7,,2023
VT,Bridport,municipality,annual,7,,2023
VT,Brighton,municipality,annual,1,,2003 2025
VT,Bristol,municipality,annual,7,,1999 2001 2010 2018 2024
VT,Brownington,municipality,annual,1,,2012 2022
VT,Burlington,municipality,annual,7,,1998-2025
VT,Cabot,municipality,annual,1,,2000-2002
VT,Cabot,municipality,annual,7,,2025
VT,Calais,municipality,annual,7,,2024
VT,Cambridge,municipality,annual,1,,2001
VT,Canaan,municipality,annual,1,,2014
VT,Castleton,municipality,annual,7,,1998-2000 2019 2022-2023
VT,Cavendish,municipality,annual,7,,2008 2010 2012
VT,Charlotte,municipality,annual,7,,2025
VT,Charlotte Town,municipality,annual,7,,1998
VT,Chester,municipality,annual,1,,2001 2006 2016-2017 2025
VT,Clarendon,municipality,annual,1,,1999
VT,Colchester,municipality,annual,7,,1999 2001-2003 2005 2009-2014 2017 2019-2021 2023-2025
VT,Concord,municipality,annual,7,,2012
VT,Coventry,municipality,annual,7,,2002-2003
VT,Craftsbury,municipality,annual,1,,2023
VT,Danville,municipality,annual,1,,2011
VT,Derby,municipality,annual,1,,1999
VT,Derby Center,municipality,annual,3,,2001
VT,Derby Line,municipality,annual,3,,2003
VT,Dorset,municipality,annual,7,,2025
VT,Dover,municipality,annual,7,,2011-2012
VT,Dummerston,municipality,annual,7,,2001
VT,Duxbury,municipality,annual,1,,2011
VT,Duxbury,municipality,annual,7,,2024
VT,East Montpelier,municipality,annual,7,,2025
VT,Enosburg Falls,municipality,annual,1,,1998-1999 2007 2011 2014
VT,Enosburgh,municipality,annual,1,,2000
VT,Essex,municipality,annual,7,,2004-2006 2008 2010-2012 2021 2024-2025
VT,Essex Junction,municipality,annual,7,,2008-2014 2017-2021 2023-2025
VT,Fair Haven,municipality,annual,7,,2008-2009 2018 2022-2025
VT,Fairfield,municipality,annual,1,,2014-2015 2022
VT,Fairlee,municipality,annual,1,,2018 2020
VT,Fayston,municipality,annual,1,,2025
VT,Franklin,municipality,annual,1,,2000
VT,Georgia,municipality,annual,1,,2024
VT,Glover,municipality,annual,1,,2001 2009
VT,Grafton,municipality,annual,7,,2012
VT,Greensboro,municipality,annual,7,,2025
VT,Guilford,municipality,annual,7,,2013
VT,Halifax,municipality,annual,7,,2012-2013
VT,Hancock,municipality,annual,7,,2005 2012-2013
VT,Hardwick,municipality,annual,7,,1999 2002-2003 2008 2010-2012 2015 2018 2023-2025
VT,Hartford,municipality,annual,7,,1998 2003-2005 2009-2015 2017-2025
VT,Hartland,municipality,annual,7,,2023
VT,Highgate,municipality,annual,1,,1999 2001
VT,Highgate,municipality,annual,7,,2015 2024-2025
VT,Hinesburg,municipality,annual,7,,2002 2008 2010 2012-2013 2016-2017 2022 2024-2025
VT,Hinesburg Town,municipality,annual,7,,1999
VT,Huntington,municipality,annual,7,,2001 2024
VT,Hyde Park,municipality,annual,1,,2020-2021
VT,Hyde Park,municipality,annual,7,,2024
VT,Jamaica,municipality,annual,7,,2012-2014 2016 2025
VT,Jay,municipality,annual,1,,1999 2009-2012 2014
VT,Johnson,municipality,annual,1,,2009-2012
VT,Johnson,municipality,annual,2,,1998 2000 2007
VT,Johnson,municipality,annual,7,,2014
VT,Killington,municipality,annual,1,,2012
VT,Killington,municipality,annual,7,,2024-2025
VT,Lincoln,municipality,annual,1,,1998
VT,Lowell,municipality,annual,1,,2024
VT,Ludlow,municipality,annual,7,,2010-2012 2015 2020-2022 2024-2025
VT,Lunenburg,municipality,annual,1,,2004
VT,Lyndon,municipality,annual,1,,1999-2000 2002-2014 2016 2024
VT,Lyndonville,municipality,annual,1,,1999 2003 2006 2008 2012-2013 2020
VT,Manchester,municipality,annual,7,,2010 2012-2013
VT,Marlboro,municipality,annual,1,,2011
VT,Marshfield,municipality,annual,1,,2024
VT,Marshfield,municipality,annual,3,,2002
VT,Middlebury,municipality,annual,7,,1998-2000 2002 2006-2007 2009-2011 2014-2017 2022-2025
VT,Middlesex,municipality,annual,7,,2025
VT,Milton,municipality,annual,7,,1998 2001 2003-2006 2008-2010 2012-2013 2017 2020 2024-2025
VT,Montgomery,municipality,annual,1,,1998-1999 2001 2007-2008
VT,Montgomery,municipality,annual,7,,2024-2025
VT,Montpelier,municipality,annual,7,,1998-2006 2008-2014 2016-2021 2023-2025
VT,Moretown,municipality,annual,1,,2012-2013
VT,Morristown,municipality,annual,7,,2006 2014 2023
VT,Morrisville,municipality,annual,1,,2009-2011
VT,Newbury,municipality,annual,5,,2007-2008
VT,Newfane,municipality,annual,7,,2012 2014
VT,Newport,municipality,annual,7,,1998 2000-2001 2003 2005-2007 2010 2013 2024
VT,North Bennington,municipality,annual,7,,2020
VT,North Hero,municipality,annual,7,,2003
VT,Northfield,municipality,annual,7,,2002-2005 2008-2015 2023-2025
VT,Norwich,municipality,annual,7,,2012 2019 2023
VT,Orleans,municipality,annual,1,,2001 2003-2004
VT,Pawlet,municipality,annual,7,,2013
VT,Pittsfield,municipality,annual,1,,2012-2013
VT,Pittsford,municipality,annual,7,,2002 2010-2012 2021
VT,Plainfield Vermont Wastewater System Upgrade Project,municipality,annual,7,,1999-2000
VT,Plymouth,municipality,annual,7,,2012-2013 2025
VT,Pomfret,municipality,annual,1,,2011
VT,Poultney,municipality,annual,7,,2002 2005 2010
VT,Pownal,municipality,annual,7,,2003-2009
VT,Proctor,municipality,annual,7,,2009-2013 2015 2023
VT,Putney,municipality,annual,7,,1998 2005-2007
VT,Randolph,municipality,annual,1,,1998-1999
VT,Randolph,municipality,annual,7,,2004-2005 2009 2011-2016 2019
VT,Randolph,municipality,other,,18,2002
VT,Reading,municipality,annual,7,,2012 2025
VT,Richford,municipality,annual,1,,2001
VT,Richmond,municipality,annual,7,,2004 2011 2016-2017 2025
VT,Richmond Town,municipality,annual,7,,1999
VT,Ripton,municipality,annual,1,,2001 2008
VT,Rochester,municipality,annual,7,,2004 2012-2014 2018 2020
VT,Rockingham,municipality,annual,7,,2001 2003-2006 2008-2014 2022-2023
VT,Roxbury,municipality,annual,7,,2012 2014
VT,Royalton,municipality,annual,7,,2012 2014 2016 2018 2025
VT,Rutland,municipality,annual,7,,1998-2002 2004-2014 2016-2025
VT,Rutland Vermont Public Schools,municipality,annual,7,,1998-1999 2001
VT,Rutland-Vermont Public Schools,municipality,annual,7,,2003-2004
VT,Saint Albans,municipality,annual,7,,2005-2008 2025
VT,Saxtons River,municipality,annual,7,,2019
VT,Scotia,municipality,annual,6,,2024
VT,Scotia,municipality,other,,12,2025
VT,Shaftsbury,municipality,annual,7,,2010
VT,Sharon,municipality,annual,7,,2007 2012 2014
VT,Shelburne,municipality,annual,7,,1998 2000-2001 2003-2004 2006 2008-2009 2012 2014 2019 2024-2025
VT,Shoreham,municipality,annual,1,,2000
VT,Shrewsbury,municipality,annual,1,,2012
VT,South Burlington,municipality,annual,7,,2000-2004 2006-2013 2019-2025
VT,South Hero,municipality,annual,7,,2018
VT,Springfield,municipality,annual,7,,2009-2014 2016 2018 2020 2023-2025
VT,St Albans,municipality,annual,7,,1999 2022-2024
VT,St Johnsbury,municipality,annual,1,,1999-2000 2009
VT,St. Albans,municipality,annual,7,,2000 2002-2003 2009-2022
VT,St. Johnsbury,municipality,annual,1,,2001-2008 2010 2012-2014
VT,St. Johnsbury,municipality,annual,7,,2017-2025
VT,St. Johnsbury,municipality,other,,,2016
VT,Stockbridge,municipality,annual,1,,2011-2014
VT,Stowe,municipality,annual,7,,1998-1999 2001-2005 2008 2012 2022
VT,Strafford,municipality,annual,1,,2010-2011 2014 2023 2025
VT,Stratton,municipality,annual,7,,2013
VT,Swanton,municipality,annual,1,,1998 2001 2003 2005 2010-2012 2015 2021 2023-2025
VT,Thetford,municipality,annual,1,,2017-2019
VT,Townshend,municipality,annual,7,,2008 2012 2014
VT,Troy,municipality,annual,1,,2010-2012
VT,University Place,municipality,annual,1,,2017
VT,Vergennes,municipality,annual,7,,2000-2001 2012 2024-2025
VT,Waitsfield,municipality,annual,1,,1999 2010-2013
VT,Waitsfield,municipality,annual,7,,2016
VT,Wallingford,municipality,annual,7,,2013
VT,Wardsboro,municipality,annual,7,,2012 2015
VT,Warren,municipality,annual,1,,2003-2004 2012
VT,Washington County,county,annual,7,,2025
VT,Waterbury,municipality,annual,1,,2001 2009-2010 2013-2015
VT,Weathersfield,municipality,annual,7,,2012
VT,West Rutland,municipality,annual,7,,2000-2012 2016-2017 2020-2022 2024-2025
VT,West Windsor,municipality,annual,1,,2016
VT,Westminster,municipality,annual,7,,2010 2012 2022
VT,Whitingham,municipality,annual,7,,2012 2024
VT,Williamstown,municipality,annual,7,,2007 2017
VT,Williston,municipality,annual,7,,1999 2002-2003 2011-2013 2016-2017 2021 2023-2024
VT,Wilmington,municipality,annual,7,,2012-2013 2015-2016
VT,Windsor,municipality,annual,7,,2000-2003 2008-2017 2019
VT,Windsor Town,municipality,annual,7,,1998
VT,Winhall,municipality,annual,7,,2011
VT,Winooski,municipality,annual,7,,1999 2004-2009 2011-2014 2020-2022 2025
VT,Wolcott,municipality,annual,7,,1999 2025
VT,Wolcott Town,municipality,annual,7,,1998
VT,Woodstock,municipality,annual,7,,2012-2015 2023
VT,Worcester,municipality,annual,1,,2024-2025
VA,Abingdon,municipality,annual,7,,2011 2019 2021-2025
VA,Accomack County,county,annual,7,,1998-2005 2007-2025
VA,Albemarle County,county,annual,7,,1998-2025
VA,Alberta,municipality,annual,7,,2015
VA,Alexandria,municipality,annual,7,,1998-2025
VA,Alleghany County,county,annual,7,,1998-2025
VA,Altavista,municipality,annual,7,,2011-2012 2014 2020-2022 2024-2025
VA,Amelia County,county,annual,7,,1998-2025
VA,Amherst,municipality,annual,7,,2013 2017 2021-2024
VA,Amherst County,county,annual,7,,1998-2024
VA,Appalachia,municipality,annual,7,,2010 2014
VA,Appomattox,municipality,annual,7,,2018 2021-2025
VA,Appomattox County,county,annual,7,,1998-2025
VA,Arlington County,county,annual,7,,1998-2025
VA,Ashland,municipality,annual,7,,2003 2006-2008 2020-2025
VA,Augusta County,county,annual,7,,1998-2011 2013-2025
VA,Bath County,county,annual,7,,1998-2025
VA,Bedford,municipality,annual,7,,1999-2004 2023-2025
VA,Bedford County,county,annual,7,,1998-2025
VA,Berryville,municipality,annual,7,,2022-2024
VA,Big Stone Gap,municipality,annual,7,,1999-2000 2007-2014 2017-2021 2023
VA,Blacksburg,municipality,annual,7,,1998-2024
VA,Blackstone,municipality,annual,7,,1998-1999 2008-2011 2013-2016 2020-2024
VA,Bland County,county,annual,7,,1998-2025
VA,Bluefield,municipality,annual,7,,2005-2008 2023-2024
VA,Boones Mill,municipality,annual,7,,2010-2011
VA,Botetourt County,county,annual,7,,1998-2025
VA,Bowling Green,municipality,annual,7,,2019
VA,Boydton,municipality,annual,7,,2005 2017
VA,Bridgewater,municipality,annual,7,,2001 2022-2025
VA,Bristol,municipality,annual,7,,1998-1999 2001-2025
VA,Broadway,municipality,annual,7,,2018-2019 2022-2023
VA,Brodnax,municipality,annual,7,,2018
VA,Brookneal,municipality,annual,7,,2007 2010-2012
VA,Brunswick County,county,annual,7,,1998-1999 2001-2025
VA,Buchanan,municipality,annual,7,,1998-1999 2001-2003 2010 2013-2015
VA,Buchanan County,county,annual,7,,1998-2025
VA,Buckingham County,county,annual,7,,1998-1999 2001-2024
VA,Buena Vista,municipality,annual,7,,1998-2025
VA,Burkeville,municipality,annual,7,,1998-2000
VA,Caln Township,township,annual,1,,2023
VA,Campbell County,county,annual,7,,1998-1999 2001-2025
VA,Cape Charles,municipality,annual,7,,2000
VA,Caroline County,county,annual,7,,1998-2024
VA,Carroll County,county,annual,7,,1998-1999 2004-2025
VA,Charles City County,county,annual,7,,1998-2005 2007-2025
VA,Charlotte County,county,annual,7,,1999-2004 2006-2025
VA,Charlotte Courthouse,municipality,annual,7,,2007 2012
VA,Charlottesville,municipality,annual,7,,1998-2025
VA,Chase City,municipality,annual,7,,1998-2002 2006 2010-2011 2014-2015 2021-2025
VA,Chesapeake,municipality,annual,7,,2001-2025
VA,Chesapeake City,municipality,annual,7,,1998-2000
VA,Chesterfield County,county,annual,7,,1998-2025
VA,Chilhowie,municipality,annual,7,,1998-2000 2002 2011 2018 2020 2023
VA,Chincoteague,municipality,annual,7,,2002 2012 2014
VA,Chlhowie,municipality,annual,7,,2010
VA,Christianburg,municipality,annual,7,,1998-2000
VA,Christiansburg,municipality,annual,7,,2001 2004 2010 2012 2014 2016-2017 2019-2025
VA,Clark County,county,annual,7,,2007
VA,Clarke County,county,annual,7,,1998-2006 2008-2024
VA,Clarksville,municipality,annual,7,,1998-2000 2005-2006 2009 2012-2013 2016-2017 2024-2025
VA,Clifton Forge,municipality,annual,7,,1998-2003 2009-2010 2015 2018 2020-2021 2023-2024
VA,Clintwood,municipality,annual,7,,2011
VA,Coeburn,municipality,annual,7,,2024
VA,Colonial Beach,municipality,annual,7,,1998-1999 2001 2006-2007 2009-2025
VA,Colonial Heights,municipality,annual,7,,1998-2024
VA,Covington,municipality,annual,7,,1998-2010 2012-2025
VA,Craig County,county,annual,7,,1998-2025
VA,Craigsville,municipality,annual,7,,2010 2014-2015
VA,Crewe,municipality,annual,7,,1998-1999 2003 2015-2016
VA,Culpeper,municipality,annual,7,,1999-2000 2010-2011 2013 2016-2019 2021-2025
VA,Culpeper County,county,annual,7,,1998-2025
VA,Cumberland County,county,annual,7,,1998-2025
VA,Damascus,municipality,annual,7,,2002-2003 2006
VA,Danville,municipality,annual,7,,1998-2025
VA,Dayton,municipality,annual,7,,2022
VA,Dickenson County,county,annual,7,,1998 2000-2002 2004-2025
VA,Dinwiddie County,county,annual,7,,1998-2025
VA,Drakes Branch,municipality,annual,7,,2012-2013
VA,Dublin,municipality,annual,7,,2007
VA,Dumfries,municipality,annual,7,,2024
VA,Edinburg,municipality,annual,7,,1999 2023-2024
VA,Elkton,municipality,annual,7,,2020 2022-2025
VA,Emporia,municipality,annual,7,,1999-2000 2003 2011-2023
VA,Essex County,county,annual,7,,1998-2024
VA,Exmore,municipality,annual,7,,2024
VA,Fairfax,municipality,annual,7,,2003-2025
VA,Fairfax County,county,annual,7,,1998-2025
VA,Falls Church,municipality,annual,7,,1998 2000-2025
VA,Farmville,municipality,annual,7,,1998-2003 2007 2009-2013 2015 2018-2024
VA,Fauquier County,county,annual,7,,1998-2005 2009-2010 2023-2025
VA,Fincastle,municipality,annual,7,,1999
VA,Fincastle Town,municipality,annual,7,,1998
VA,Floyd,municipality,annual,7,,2020
VA,Floyd County,county,annual,7,,1998-2021
VA,Fluvanna County,county,annual,7,,1998-2015 2017-2025
VA,Franklin,municipality,annual,7,,1998-1999 2001-2003 2005-2024
VA,Franklin County,county,annual,7,,1998-2025
VA,Frederick County,county,annual,7,,1998-2023 2025
VA,Fredericksburg,municipality,annual,7,,1998 2000-2025
VA,Fries,municipality,annual,7,,2002 2010-2012
VA,Front Royal,municipality,annual,7,,1999 2023-2025
VA,Galax,municipality,annual,7,,1999-2025
VA,Galax City,municipality,annual,7,,1998
VA,Gate City,municipality,annual,7,,2003 2012-2015 2023
VA,Giles County,county,annual,7,,1998 2002-2025
VA,Glasgow,municipality,annual,7,,2002 2015-2016 2019
VA,Gloucester County,county,annual,7,,1998-2025
VA,Goochland County,county,annual,7,,1998-2025
VA,Gordonsville,municipality,annual,7,,2015-2016
VA,Grayson County,county,annual,7,,1998 2000-2025
VA,Greene County,county,annual,7,,1998-1999 2001-2025
VA,Greensville County,county,annual,7,,1998-2023 2025
VA,Gretna,municipality,annual,7,,2008-2009 2012
VA,Grottoes Town,municipality,annual,7,,2000
VA,Grundy,municipality,annual,7,,2001-2006
VA,Halifax County,county,annual,7,,1998-2024
VA,Hampton,municipality,annual,7,,2000-2015 2017-2019 2021-2025
VA,Hampton City,municipality,annual,7,,1998-1999
VA,Hanover County,county,annual,7,,1998-2025
VA,Harrisonburg,municipality,annual,7,,1998-2025
VA,Haymarket,municipality,annual,7,,2014-2015
VA,Haysi,municipality,annual,7,,1998
VA,Henrico County,county,annual,7,,1998-2025
VA,Henry County,county,annual,7,,1999-2003 2005-2025
VA,Herndon,municipality,annual,7,,2005-2008 2010-2012 2014 2018 2020-2025
VA,Highland County,county,annual,7,,1998-2013 2015-2016 2020-2025
VA,Hillsville,municipality,annual,7,,2000 2003 2023
VA,Hopewell,municipality,annual,7,,1998-2006 2008-2025
VA,Hopwell,municipality,annual,7,,2007
VA,Independence,municipality,annual,7,,2014 2023
VA,James City County,county,annual,7,,1998-2025
VA,Kenbridge,municipality,annual,7,,1998-2000 2009-2010 2023-2024
VA,Keysville,municipality,annual,7,,2014 2017
VA,Kilmarmock,municipality,annual,7,,1998-1999
VA,Kilmarnock,municipality,annual,7,,2000-2001 2006 2011-2012 2024
VA,King And Queen County,county,annual,7,,1998-2004 2006-2007 2015 2023-2024
VA,King George County,county,annual,7,,1998-2025
VA,King William County,county,annual,7,,1998-2024
VA,Lacrosse,municipality,annual,7,,2023
VA,Lancaster County,county,annual,7,,1998-2005 2007-2025
VA,Lawrenceville,municipality,annual,7,,1999-2003 2010 2022-2023
VA,Lebanon,municipality,annual,7,,1999-2000 2002-2003 2024
VA,Lee County,county,annual,7,,1998-1999 2001-2024
VA,Leesburg,municipality,annual,7,,1998-2000 2002-2007 2009-2025
VA,Lexington,municipality,annual,7,,1999-2003 2010-2013 2021-2024
VA,Lexington City,municipality,annual,7,,1998
VA,Loudoun County,county,annual,7,,1998-2025
VA,Louisa,municipality,annual,7,,2015 2021
VA,Louisa County,county,annual,7,,1998-2006 2008-2025
VA,Lovettsville,municipality,annual,7,,2024
VA,Lunenburg County,county,annual,7,,1998-2017 2019-2025
VA,Luray,municipality,annual,7,,2001 2004-2005 2007 2009-2011 2021-2022
VA,Lynchburg,municipality,annual,7,,1998-2025
VA,Madison County,county,annual,7,,1998-2025
VA,Manassas,municipality,annual,7,,1998-2003 2005-2025
VA,Manassas Park,municipality,annual,7,,1998-2005 2007-2012 2014-2015 2018-2023
VA,Marion,municipality,annual,7,,2000 2010 2015 2021 2023-2025
VA,Martinsville,municipality,annual,7,,1998 2007-2025
VA,Mathews County,county,annual,7,,1998-2005 2007-2025
VA,Mckenney,municipality,annual,7,,2015
VA,Mecklenburg County,county,annual,7,,1998-2025
VA,Middleburg,municipality,annual,7,,2023
VA,Middlesex County,county,annual,7,,1998-2001 2003-2017 2019-2025
VA,Monterey,municipality,annual,7,,2010
VA,Montgomery County,county,annual,7,,1998-2025
VA,Mount Jackson,municipality,annual,7,,2019 2023-2025
VA,Mt. Jackson,municipality,annual,7,,2002-2004
VA,Narrows,municipality,annual,7,,1998 2022-2023
VA,Nelson County,county,annual,7,,1998-2007 2009-2025
VA,New Kent County,county,annual,7,,1998-2025
VA,New Market,municipality,annual,7,,1999 2001-2002 2010-2012 2025
VA,Newport News,municipality,annual,1,,2002
VA,Newport News,municipality,annual,7,,1998-2001 2003-2025
VA,Norfolk,municipality,annual,7,,1998-2025
VA,Northampton County,county,annual,7,,1998-2000 2002-2025
VA,Northumberland County,county,annual,7,,1998-2014 2016-2018 2020-2024
VA,Norton,municipality,annual,7,,1999-2003 2006-2025
VA,Norton City,municipality,annual,7,,1998
VA,Nottoway County,county,annual,7,,1998-2025
VA,Onancock,municipality,annual,7,,1998 2007 2010-2011 2024
VA,Orange,municipality,annual,7,,1999-2002 2006 2010 2015 2021 2024-2025
VA,Orange County,county,annual,7,,1998 2000-2006 2008-2025
VA,Orange County,county,biennial,,,1999
VA,Orange Town,municipality,annual,7,,1998
VA,Page County,county,annual,7,,1998-2017 2019-2025
VA,Pamplin City,municipality,annual,7,,2011-2012
VA,Patrick County,county,annual,7,,1998-2001 2003-2025
VA,Pearisburg,municipality,annual,7,,1998 2002-2003 2010 2012-2013 2020 2023
VA,Pembroke,municipality,annual,7,,1998-1999
VA,Pennington Gap,municipality,annual,7,,2001 2024
VA,Petersburg,municipality,annual,7,,1999 2001-2020 2022-2024
VA,Pittslyvania County,county,annual,7,,2016 2020
VA,Pittsylvania County,county,annual,7,,1998-2015 2017-2019 2021-2025
VA,Pocahontas,municipality,annual,7,,1998 2019-2020
VA,Poquoson,municipality,annual,7,,1999-2025
VA,Poquoson City,municipality,annual,7,,1998
VA,Portsmouth,municipality,annual,7,,1998-2024
VA,Pound,municipality,annual,7,,1999-2002 2010-2011
VA,Powhatan County,county,annual,7,,1998 2000-2004 2006-2025
VA,Prince Edward County,county,annual,7,,1998-2025
VA,Prince George County,county,annual,7,,1998-2025
VA,Prince William County,county,annual,7,,1998-2025
VA,Pulaski,municipality,annual,7,,1998 2002 2010-2012 2014-2015 2021-2025
VA,Pulaski County,county,annual,7,,1998-2002 2004-2025
VA,Purcellville,municipality,annual,7,,1999 2001-2002 2012 2016 2021 2023-2025
VA,Quantico,municipality,annual,7,,2012
VA,Radford,municipality,annual,7,,1998-2001 2003-2025
VA,Rappahannock County,county,annual,7,,1998-1999 2001-2025
VA,Rich Creek,municipality,annual,7,,1998 2012-2013 2015
VA,Richlands,municipality,annual,7,,2001-2003 2006 2010-2011 2022-2023
VA,Richmond,municipality,annual,7,,1998-2024
VA,Richmond County,county,annual,7,,1998-2025
VA,Roanoke,municipality,annual,7,,1998-2024
VA,Roanoke County,county,annual,7,,1998-2025
VA,Rockbridge County,county,annual,7,,1998-2011 2013-2015 2017-2025
VA,Rockingham County,county,annual,7,,1998-2025
VA,Rocky Mount,municipality,annual,7,,2011 2022-2025
VA,Round Hill,municipality,annual,7,,2025
VA,Rural Retreat,municipality,annual,7,,2002 2012 2022-2023
VA,Russell County,county,annual,7,,1998-2000 2004 2008-2025
VA,Salem,municipality,annual,7,,2000-2025
VA,Salem City,municipality,annual,7,,1998
VA,Saltville,municipality,annual,7,,1998-1999
VA,Scott County,county,annual,7,,1998-2025
VA,Scottsville,municipality,annual,7,,2002-2003 2013
VA,Shenandoah,municipality,annual,7,,1998-2003 2005 2024
VA,Shenandoah County,county,annual,7,,1999-2009 2011-2025
VA,Smithfield,municipality,annual,7,,1998 2002 2011-2013 2020-2025
VA,Smyth County,county,annual,7,,1998-2004 2006-2025
VA,South Boston,municipality,annual,7,,2003-2004 2011 2021-2023 2025
VA,South Hill,municipality,annual,7,,1998-2000 2004 2009 2011 2014-2015 2020-2024
VA,Southampton County,county,annual,7,,1998-2025
VA,Spotsylvania County,county,annual,7,,1998-2025
VA,St. Charles,municipality,annual,7,,2002
VA,St. Paul,municipality,annual,7,,2014-2016 2019-2020 2024
VA,Stafford County,county,annual,7,,1998-2025
VA,Staunton,municipality,annual,7,,1998-2025
VA,Strasburg,municipality,annual,7,,2002-2003 2010-2012 2014-2018 2020-2021 2023-2025
VA,Stuart,municipality,annual,7,,2021-2022 2024
VA,Suffolk,municipality,annual,7,,1998-2025
VA,Surry County,county,annual,7,,1998-2025
VA,Sussex County,county,annual,7,,1998-2025
VA,Tappahannock,municipality,annual,7,,1998-1999 2023
VA,Tazewell,municipality,annual,7,,2016-2017 2023-2024
VA,Tazewell County,county,annual,7,,1998-2025
VA,Troutville,municipality,annual,7,,2013-2014
VA,Upper Merion Township,township,annual,1,,2023
VA,Urbanna,municipality,annual,7,,2006
VA,Victoria,municipality,annual,7,,2013-2015 2023
VA,Vienna,municipality,annual,7,,2010 2013-2017 2020-2021 2023-2025
VA,Vinton,municipality,annual,7,,2006 2021-2024
VA,Virginia Beach,municipality,annual,7,,1998-2025
VA,Warren County,county,annual,7,,1998-2023
VA,Warrenton,municipality,annual,7,,2006 2022-2025
VA,Warsaw,municipality,annual,7,,2008 2010
VA,Washington County,county,annual,7,,1998-2002 2004-2025
VA,Waynesboro,municipality,annual,7,,1998-2025
VA,West Point,municipality,annual,7,,1998 2001-2003 2008 2010-2014 2021-2025
VA,Westmoreland County,county,annual,7,,1998-2002 2004-2023 2025
VA,White Stone,municipality,annual,7,,2020-2025
VA,Williamsburg,municipality,annual,7,,1998-2025
VA,Winchester,municipality,annual,7,,1998-2025
VA,Windsor,municipality,annual,7,,2002 2004 2024
VA,Wise,municipality,annual,7,,1998 2000 2005 2011-2014 2016 2021-2024
VA,Wise County,county,annual,7,,2002-2025
VA,Woodstock,municipality,annual,7,,2004 2007-2011 2018-2019 2024-2025
VA,Wythe County,county,annual,7,,1998-2025
VA,Wytheville,municipality,annual,7,,1998-2001 2005-2007 2012-2014 2017-2018 2021-2022 2024
VA,York County,county,annual,7,,1998-2025
WA,Aberdeen,municipality,annual,1,,1998-2003 2005 2008-2011 2014-2015 2017 2020-2024
WA,Adams County,county,annual,1,,1998 2000-2014 2016-2024
WA,Airway Heights,municipality,annual,1,,2008-2013 2022
WA,Airway Heights,municipality,biennial,,,2002
WA,Almira,municipality,annual,1,,2012-2013
WA,Anacortes,municipality,annual,1,,2000-2001 2004-2005 2010 2012-2014 2016 2020-2024
WA,Arlington,municipality,annual,1,,1999 2001-2002 2005 2008-2014 2018 2020-2022 2024
WA,Asotin,municipality,annual,1,,2005 2008 2016
WA,Asotin County,county,annual,1,,1998-2000 2002-2014 2017-2024
WA,Auburn,municipality,annual,1,,1998-2024
WA,Bainbridge Island,municipality,annual,1,,2001-2003 2006 2010-2011 2013-2018 2020-2022 2024
WA,Battle Ground,municipality,annual,1,,1999 2002 2010 2012 2020 2022-2025
WA,Bellevue,municipality,annual,1,,1998-2024
WA,Bellingham,municipality,annual,1,,1998-2021 2023-2024
WA,Benton City,municipality,annual,1,,2000-2001 2004
WA,Benton County,county,annual,1,,1998-2023
WA,Bingen,municipality,annual,1,,2000 2003-2004 2023-2024
WA,Blaine,municipality,annual,1,,1998-1999 2009-2012 2019 2024
WA,Bonney Lake,municipality,annual,1,,1998 2000 2012-2013 2022
WA,Bothell,municipality,annual,1,,1998-1999 2001 2004-2014 2016-2018 2021-2024
WA,Boundary County,county,annual,10,,2024
WA,Bremerton,municipality,annual,1,,1998-2001 2003-2022
WA,Brewster,municipality,annual,1,,2000 2003 2005 2007 2016 2020-2024
WA,Brewster,municipality,biennial,,,1999
WA,Bridgeport,municipality,annual,1,,2009 2013-2014
WA,Bridgeport,municipality,biennial,,,2001
WA,Brier,municipality,biennial,,,1998
WA,Buckley,municipality,annual,1,,2008 2011-2012 2016
WA,Bucoda,municipality,annual,1,,2005
WA,Burien,municipality,annual,1,,1999-2006 2008-2010 2012-2014 2017-2023
WA,Burlington,municipality,annual,1,,1999-2000 2012 2014-2015 2022
WA,Camas,municipality,annual,1,,1998-1999 2001-2002 2004-2007 2010-2014 2016-2017 2020-2022 2024
WA,Carbonado,municipality,annual,1,,2017-2020
WA,Carbonado,municipality,biennial,,,2003
WA,Carbonado,municipality,biennial,,,2007
WA,Carnation,municipality,annual,1,,2006-2007 2011-2012
WA,Cashmere,municipality,annual,1,,2011-2015
WA,Cashmere,municipality,biennial,,,1998
WA,Castle Rock,municipality,annual,1,,2000 2005 2009 2011 2013
WA,Cathlamet,municipality,annual,1,,1998-1999 2012-2014
WA,Centralia,municipality,annual,1,,1998-2008 2010-2012 2014 2020-2022
WA,Chehalis,municipality,annual,1,,1998 2000-2001 2004-2009 2013-2014 2016 2019-2021
WA,Chelan,municipality,annual,1,,1998-2000 2010 2012-2013
WA,Chelan County,county,annual,1,,1998-2003 2005-2023
WA,Cheney,municipality,annual,1,,1999 2003-2004 2007 2009-2010 2016 2020 2022-2024
WA,Chewelah,municipality,annual,1,,2000 2002 2005 2007
WA,Clallam County,county,annual,1,,1998-2024
WA,Clark County,county,annual,1,,1998-2024
WA,Clarkston,municipality,annual,1,,1998 2005 2012 2015 2020 2022 2024
WA,Cle Elum,municipality,annual,1,,1998 2001-2003 2008 2020 2022 2025
WA,Cle-Elum,municipality,annual,1,,2024
WA,College Place,municipality,annual,1,,1999 2006 2008 2015 2019-2024
WA,Columbia County,county,annual,1,,1998-2010 2012-2015 2017-2018 2020-2024
WA,Colville,municipality,annual,1,,1998-2003 2005-2007 2009 2013-2014 2020 2024
WA,Conconully,municipality,annual,1,,2024
WA,Concrete,municipality,annual,1,,2007-2010 2015 2017 2019-2020
WA,Connell,municipality,annual,1,,1998 2003-2005 2023
WA,Cosmopolis,municipality,annual,1,,2001 2011
WA,Coulee City,municipality,annual,1,,2006-2008 2015
WA,Coulee Dam,municipality,annual,1,,1999 2002-2005 2017-2022 2024
WA,Couleecity,municipality,annual,1,,2009
WA,Coupeville,municipality,annual,1,,1998 2005 2015 2023
WA,Coupeville,municipality,biennial,,,2002
WA,Covington,municipality,annual,1,,2001 2010 2012 2019-2020 2022 2024
WA,Cowlitz County,county,annual,1,,1998-2024
WA,Creston,municipality,annual,1,,1999 2011 2014
WA,Darrington,municipality,annual,1,,2012 2024
WA,Davenport,municipality,annual,1,,2000 2002-2003 2021-2022
WA,Dayton,municipality,annual,1,,2004-2005
WA,Deer Park,municipality,annual,1,,2000 2002-2003 2006 2008-2009 2011-2023
WA,Des Moines,municipality,annual,1,,1998-2004 2007-2016 2020
WA,Douglas County,county,annual,1,,1998-2000 2002-2017 2019-2024
WA,Dupont,municipality,annual,1,,2020 2022-2024
WA,Duvall,municipality,annual,1,,2005 2008-2009 2016
WA,Duvall,municipality,biennial,,,2004
WA,East Wenatchee,municipality,annual,1,,2005-2007 2010 2012-2014 2020-2024
WA,Eatonville,municipality,annual,1,,1998 2001 2006 2010 2012-2013 2023
WA,Edgewood,municipality,annual,1,,2009-2011 2014 2024
WA,Edmonds,municipality,annual,1,,1998 2003 2005-2009 2011-2024
WA,Electric City,municipality,annual,1,,2012
WA,Ellensburg,municipality,annual,1,,2002-2003 2006 2009-2015 2020-2021 2023-2024
WA,Elma,municipality,annual,1,,2001-2003 2017
WA,Elma,municipality,biennial,,,2000
WA,Elmer City,municipality,annual,1,,2011
WA,Endicott,municipality,annual,1,,2001-2002 2009
WA,Entiat,municipality,annual,1,,2007-2009 2019
WA,Enumclaw,municipality,annual,1,,2008-2009 2014-2017 2020
WA,Ephrata,municipality,annual,1,,1999-2000 2024
WA,Everett,municipality,annual,1,,1998-2024
WA,Everson,municipality,annual,1,,2008 2016 2018
WA,Fairfield,municipality,annual,1,,2002-2003
WA,Federal Way,municipality,annual,1,,1998-2024
WA,Ferndale,municipality,annual,1,,1999 2003-2004 2007 2009-2014 2016 2023
WA,Ferry County,county,annual,1,,1999-2016 2018-2022 2024
WA,Fife,municipality,annual,1,,1998 2006 2008-2020 2022-2024
WA,Fircrest,municipality,annual,1,,2002-2003 2011 2014
WA,Forks,municipality,annual,1,,1998 2001-2002 2009-2010 2012 2019-2020
WA,Franklin County,county,annual,1,,1999-2024
WA,Friday Harbor,municipality,annual,1,,2008 2016-2019
WA,Garfield,municipality,annual,1,,2003
WA,Garfield County,county,annual,1,,2006-2009 2011-2014 2017 2020-2022
WA,George,municipality,annual,1,,1998 2009-2011
WA,Gig Harbor,municipality,annual,1,,1999 2011 2013-2014
WA,Gold Bar,municipality,annual,1,,2007 2011-2012
WA,Goldendale,municipality,annual,1,,2001-2004 2008 2010 2014-2016
WA,Grand Coulee,municipality,annual,1,,2001 2005-2007
WA,Grandview,municipality,annual,1,,1999-2001 2003-2005 2007 2009-2015 2020 2023-2024
WA,Granger,municipality,annual,1,,2014-2015
WA,Grant County,county,annual,1,,1998-2004 2006-2024
WA,Grays Harbor County,county,annual,1,,1998-2024
WA,Harrah,municipality,annual,1,,2017-2021
WA,Harrah,municipality,biennial,,,1998
WA,Harrington,municipality,annual,1,,2000 2002 2005
WA,Hatton,municipality,annual,1,,2013
WA,Hoaquiam,municipality,annual,1,,1998-1999 2007
WA,Hoquiam,municipality,annual,1,,2010-2011 2013-2015 2022-2024
WA,Iiwaco,municipality,annual,1,,1998-1999 2001 2003
WA,Ilwaco,municipality,annual,1,,2004 2009-2010 2012-2014 2022
WA,Index,municipality,annual,1,,2024
WA,Ione,municipality,annual,1,,2002 2004 2008-2009 2013
WA,Ione,municipality,biennial,,,2001
WA,Island County,county,annual,1,,1998-2024
WA,Issaquah,municipality,annual,1,,1998 2004-2012 2014-2016 2018-2024
WA,Jefferson County,county,annual,1,,1998-2024
WA,Kahlotus,municipality,annual,1,,2008
WA,Kalama,municipality,annual,1,,1998-1999 2004-2007 2010
WA,Kelso,municipality,annual,1,,1998-2003 2005-2007 2009-2014 2016-2021 2025
WA,Kenmore,municipality,annual,1,,2007-2010 2012 2014-2018 2020-2021
WA,Kennewick,municipality,annual,1,,1998-2024
WA,Kent,municipality,annual,1,,1998 2000-2024
WA,Kent,municipality,biennial,,,1999
WA,Kettle Falls,municipality,annual,1,,2011-2013
WA,Kettle Falls,municipality,biennial,,,2009
WA,King County,county,annual,1,,1998-2024
WA,Kirkland,municipality,annual,1,,1999-2003 2005 2008 2010-2024
WA,Kirkland City,municipality,annual,1,,1998
WA,Kitsap County,county,annual,1,,1998-2024
WA,Kittitas,municipality,annual,1,,1999 2001 2006 2010
WA,Kittitas County,county,annual,1,,1998-2024
WA,Klickitat County,county,annual,1,,1998-2024
WA,Lacey,municipality,annual,1,,1998-2004 2006-2012 2014-2015 2017 2019-2021 2023
WA,Laconner,municipality,annual,1,,1999
WA,Lake Stevens,municipality,annual,1,,2020 2022
WA,Lakewood,municipality,annual,1,,1999 2001-2024
WA,Lamont,municipality,annual,1,,2006
WA,Langley,municipality,annual,1,,2008 2012
WA,Langley,municipality,biennial,,,2014
WA,Leavenworth,municipality,annual,1,,2000 2004 2015 2020-2023
WA,Lewis County,county,annual,1,,1998-2024
WA,Liberty Lake,municipality,annual,1,,2002-2003 2022
WA,Lincoln County,county,annual,1,,1998-2017 2019-2024
WA,Lind,municipality,annual,1,,2004 2007
WA,Long Beach,municipality,annual,1,,2003-2004 2006-2007 2010-2011
WA,Long Beach,municipality,biennial,,,1998
WA,Longview,municipality,annual,1,,1998-2024
WA,Lynden,municipality,annual,1,,2001-2016 2018 2020
WA,Lynnwood,municipality,annual,1,,2000-2024
WA,Lynnwood City,municipality,annual,1,,1998-1999
WA,Mabton,municipality,annual,1,,1999 2014-2020
WA,Malden,municipality,annual,1,,1998-1999 2023
WA,Maple Valley,municipality,annual,1,,2010 2020 2022
WA,Marysville,municipality,annual,1,,1999 2003-2006 2009 2013-2015 2018 2020-2024
WA,Mason County,county,annual,1,,1998-2024
WA,Matta,municipality,annual,1,,1998-2002 2010 2022
WA,Mccleary,municipality,annual,1,,1999 2004 2010 2019
WA,Mercer Island,municipality,annual,1,,1999-2000 2005 2020 2022
WA,Mesa,municipality,annual,1,,2007
WA,Mesa,municipality,biennial,,,2001
WA,Metaline,municipality,annual,1,,2009
WA,Metaline Falls,municipality,annual,1,,2011
WA,Mill Creek,municipality,annual,1,,2005 2020
WA,Millwood,municipality,annual,1,,2009
WA,Milton,municipality,annual,1,,2007 2023
WA,Monroe,municipality,annual,1,,2001-2002 2007 2010 2016 2020-2023
WA,Montesano,municipality,annual,1,,2002 2007 2013 2024
WA,Morton,municipality,annual,1,,2001
WA,Moses Lake,municipality,annual,1,,1998 2008-2009 2020-2021
WA,Mossyrock,municipality,annual,1,,2001-2002
WA,Mount Vernon,municipality,annual,1,,1998-2014 2018-2024
WA,Mountlake Terrace,municipality,annual,1,,1998-2002 2009-2010 2012-2015 2017 2019-2020
WA,Moxee,municipality,annual,1,,2009-2010 2013 2015 2017-2018 2021-2022
WA,Mukilteo,municipality,annual,1,,2020
WA,Naches,municipality,annual,1,,2002 2007 2010 2013-2014 2023-2024
WA,Napavine,municipality,annual,1,,2006 2009 2014
WA,Napavine,municipality,biennial,,,2000
WA,Newcastle,municipality,annual,1,,1998 2007-2009 2024
WA,Newport,municipality,annual,1,,1998 2004-2005 2007 2009 2013 2018-2019
WA,Normandy,municipality,annual,7,,2003
WA,Normandy Park,municipality,annual,1,,2009-2010
WA,North Bend,municipality,annual,1,,2004 2006 2008 2010 2017 2019 2023
WA,North Bonneville,municipality,annual,1,,2002 2004
WA,Oak Harbor,municipality,annual,1,,1999-2000 2015-2016 2020 2024
WA,Oakesdale,municipality,annual,1,,2013 2021
WA,Ocean Shores,municipality,annual,1,,2008 2010-2011 2016-2018 2022-2023
WA,Odessa,municipality,annual,1,,2000-2001 2003-2005 2010 2018-2019 2021
WA,Odessa,municipality,biennial,,,1999
WA,Okanogan,municipality,annual,1,,2003 2008 2019
WA,Okanogan County,county,annual,1,,1998-2024
WA,Olympia,municipality,annual,1,,1999-2025
WA,Olympia City,municipality,annual,1,,1998
WA,Omak,municipality,annual,1,,2002-2003 2007-2009 2011-2012 2017-2018 2022
WA,Oroville,municipality,annual,1,,2001 2010 2014 2022
WA,Orting,municipality,annual,1,,2003 2009
WA,Othello,municipality,annual,1,,1998 2001 2014 2018 2020-2021 2023
WA,Pacific,municipality,annual,1,,2006-2007 2009 2022
WA,Pacific City,municipality,annual,1,,2003
WA,Pacific County,county,annual,1,,1998-2024
WA,Palouse,municipality,annual,1,,2000
WA,Pasco,municipality,annual,1,,1998-2024
WA,Pateros,municipality,annual,1,,2018-2019 2021
WA,Pe Ell,municipality,annual,1,,2001-2003 2009 2023
WA,Pend Oreile County,county,annual,1,,2023
WA,Pend Oreille County,county,annual,1,,1998-2003 2005-2006 2008-2022 2024
WA,Pierce County,county,annual,1,,1998-2024
WA,Pomeroy,municipality,annual,1,,2001-2002 2005 2019
WA,Poulsbo,municipality,annual,1,,1999 2003 2009-2012 2014 2020-2022 2024-2025
WA,Prosser,municipality,annual,1,,1998 2000-2005 2011-2014 2020-2024
WA,Pullman,municipality,annual,1,,1998 2000-2024
WA,Puyallup,municipality,annual,1,,2002-2007 2009-2016 2018-2024
WA,Puyallup City,municipality,annual,1,,1998
WA,Quincy,municipality,annual,1,,2009 2011 2014 2016-2017
WA,Rainier,municipality,annual,1,,2009 2011
WA,Raymond,municipality,annual,1,,2001-2002 2010-2015 2023
WA,Raymond,municipality,biennial,,,1998
WA,Raymond,municipality,biennial,,,1999
WA,Redmond,municipality,annual,1,,1998-2009 2011-2018 2020-2021
WA,Renton,municipality,annual,1,,1998-2024
WA,Republic,municipality,annual,1,,2004 2010 2024
WA,Richland,municipality,annual,1,,1998-1999 2001-2024
WA,Richland,municipality,biennial,,,2000
WA,Ridgefield,municipality,annual,1,,2008-2011 2013 2016 2022-2024
WA,Ridgefield,municipality,biennial,,,2001
WA,Ridgefield,municipality,biennial,,,2007
WA,Ritzville,municipality,annual,1,,2013-2015 2022-2024
WA,Rock Island,municipality,annual,1,,2010-2013
WA,Rockford,municipality,annual,1,,2003
WA,Roslyn,municipality,annual,1,,1998-1999 2007 2011
WA,Royal City,municipality,annual,1,,1999-2000 2007 2011-2012 2024
WA,Royal City,municipality,biennial,,,1998
WA,Ruston,municipality,annual,1,,2011-2012
WA,Saint John,municipality,annual,1,,2011
WA,Sammamish,municipality,annual,1,,2009-2010 2020 2023 2025
WA,San Juan County,county,annual,1,,1998-2002 2004-2024
WA,Seatac,municipality,annual,1,,1998-2000 2002-2005 2007 2011 2013 2018 2020 2022 2024
WA,Seattle,municipality,annual,1,,1998-2024
WA,Sedro Woolley,municipality,annual,1,,2004
WA,Sedro-Woolley,municipality,annual,1,,2007-2010 2022-2024
WA,Selah,municipality,annual,1,,2000 2009 2014 2019 2022-2023
WA,Sequim,municipality,annual,1,,2001-2004 2010
WA,Sequim City,municipality,annual,1,,1998
WA,Shelton,municipality,annual,1,,1999 2001 2003-2005 2007-2016 2022 2024
WA,Shoreline,municipality,annual,1,,1998-2024
WA,Skagit County,county,annual,1,,1998-2024
WA,Skagway,municipality,annual,7,,2015
WA,Skamania County,county,annual,1,,1998-2004 2006-2025
WA,Snohomish,municipality,annual,1,,2009-2012 2014
WA,Snohomish County,county,annual,1,,1998-2024
WA,Snoqualmie,municipality,annual,1,,1998-2000 2003 2008-2015
WA,Soap Lake,municipality,annual,1,,2018-2022
WA,Soap Lake,municipality,biennial,,,2004
WA,South Bend,municipality,annual,1,,1999-2000 2006-2009 2020-2022
WA,South Cle Elum,municipality,annual,1,,2003
WA,Spokane,municipality,annual,1,,1998-2024
WA,Spokane County,county,annual,1,,1998-2024
WA,Spokane Valley,municipality,annual,1,,2005-2023
WA,Sprague,municipality,annual,1,,2013
WA,Springdale,municipality,annual,1,,2011 2013-2014
WA,St. John,municipality,annual,1,,2002
WA,Stanwood,municipality,annual,1,,2003-2004 2009 2011 2020
WA,Starbuck,municipality,annual,1,,1999
WA,Steilacoom,municipality,annual,1,,2012 2019 2022-2024
WA,Stevens County,county,annual,1,,1998-2001 2003 2005-2006 2008-2015 2017-2024
WA,Stevenson,municipality,annual,1,,2003 2007 2014 2020 2022-2024
WA,Sultan,municipality,annual,1,,1999 2003-2007 2009 2011-2014 2019 2023-2024
WA,Sultan,municipality,biennial,,,1998
WA,Sultan,municipality,biennial,,,2001
WA,Sumas,municipality,annual,1,,2023
WA,Sumner,municipality,annual,1,,2003-2008 2010-2024
WA,Sunnyside,municipality,annual,1,,1998-2010 2013-2014 2018-2019 2023
WA,Tacoma,municipality,annual,1,,1998-2024
WA,Tekoa,municipality,annual,1,,2011-2014
WA,Tenino,municipality,annual,1,,2009-2010 2023
WA,Thurston County,county,annual,1,,1998-2023
WA,Tieton,municipality,annual,1,,1999 2002
WA,Toledo,municipality,annual,1,,2005 2014
WA,Toledo,municipality,biennial,,,1998
WA,Tonasket,municipality,annual,1,,2001-2003 2007 2012-2013
WA,Tonasket,municipality,biennial,,,1999
WA,Toppenish,municipality,annual,1,,1998-2006 2008-2011 2013-2015 2019-2023
WA,Tukwila,municipality,annual,1,,1998-2004 2006-2017 2019-2022 2024
WA,Tumwater,municipality,annual,1,,1998-1999 2007-2009 2015 2018 2020 2022-2024
WA,Twisp,municipality,annual,1,,2006 2008-2009 2017 2020-2023
WA,Union Gap,municipality,annual,1,,2000-2001 2006-2009 2011 2014-2015 2017-2024
WA,Uniontown,municipality,annual,1,,2010
WA,University,municipality,annual,1,,2024
WA,University Place,municipality,annual,1,,1998 2000-2003 2005 2007-2015 2018-2020 2022-2023
WA,Vader,municipality,annual,1,,2002 2006 2014 2022
WA,Vancouver,municipality,annual,1,,1998-2024
WA,Wahkiakum County,county,annual,1,,2003 2005-2017 2020-2024
WA,Waitsburg,municipality,annual,1,,1998 2002-2003 2005 2013
WA,Walla Walla,municipality,annual,1,,1998-2001 2003 2005-2007 2009-2025
WA,Walla Walla County,county,annual,1,,1998-2024
WA,Wapato,municipality,annual,1,,1999 2002-2003 2005 2007 2014-2015
WA,Warden,municipality,annual,1,,2005-2006 2008-2009
WA,Washougal,municipality,annual,1,,2002 2007 2009-2011 2020
WA,Washtucna,municipality,annual,1,,2004 2009
WA,Waterville,municipality,annual,1,,2009
WA,Waverly,municipality,annual,1,,2002
WA,Wenatchee,municipality,annual,1,,1998-2024
WA,West Richland,municipality,annual,1,,2012 2015 2018 2020 2022-2023
WA,Westport,municipality,annual,1,,2003 2011-2012 2021-2022 2024
WA,Whatcom County,county,annual,1,,1998-2024
WA,White Salmon,municipality,annual,1,,2000-2002 2015 2020 2023-2024
WA,Whitman County,county,annual,1,,1998-2006 2008-2024
WA,Wilbur,municipality,annual,1,,1998 2005-2006 2009
WA,Wilbur Town,municipality,annual,1,,1999
WA,Winlock,municipality,annual,1,,2006-2008 2010 2017-2018
WA,Winthrop,municipality,annual,1,,1999 2004 2015
WA,Woodinville,municipality,annual,1,,1999 2003 2009 2013-2014 2018 2021
WA,Woodland,municipality,annual,1,,1999 2002-2004 2011-2014 2022-2023
WA,Yacolt,municipality,annual,1,,2002
WA,Yakima,municipality,annual,1,,1998-2024
WA,Yakima County,county,annual,1,,1998-2024
WA,Yelm,municipality,annual,1,,2000 2003 2005 2008 2010 2020 2022-2023
WA,Yelm City,municipality,annual,1,,1998-1999
WA,Zillah,municipality,annual,1,,2002 2013 2020-2021 2024
WV,Alderson,municipality,annual,7,,1999 2018-2019
WV,Ansted,municipality,annual,7,,2002 2023
WV,Athens,municipality,annual,7,,2001 2005
WV,Barboursville,municipality,annual,7,,2021 2023 2025
WV,Barrackville,municipality,annual,7,,2012
WV,Bath,municipality,annual,7,,2010-2011 2023
WV,Beckley,municipality,annual,7,,1999 2002-2012 2014-2025
WV,Beech Bottom,municipality,annual,7,,2009 2024
WV,Belington,municipality,annual,7,,2013-2014
WV,Belmont,municipality,annual,7,,1999 2005-2006 2025
WV,Benwood,municipality,annual,7,,2024-2025
WV,Berkeley County,county,annual,7,,2003-2004 2010 2012 2014 2020-2022
WV,Bethlehem,municipality,annual,7,,2025
WV,Beverly,municipality,annual,7,,2013 2024-2025
WV,Bluefield,municipality,annual,7,,2003-2015 2017-2024
WV,Boone County,county,annual,7,,2010
WV,Bramwell,municipality,annual,7,,2001
WV,Braxton County,county,annual,7,,2010 2012
WV,Bridgeport,municipality,annual,7,,1998-2000 2003 2005-2014 2020-2021 2024-2025
WV,Buckhannon,municipality,annual,7,,2000 2014 2021 2023-2024
WV,Burnsville,municipality,annual,7,,2005 2007 2016
WV,Cabell County,county,annual,7,,2000 2012
WV,Cairo,municipality,annual,7,,2020
WV,Calhoun County,county,annual,7,,2011
WV,Camden On Gauley,municipality,annual,7,,2014
WV,Cameron,municipality,annual,7,,2001 2008 2012 2025
WV,Capon Bridge,municipality,annual,7,,2014-2015 2022
WV,Cedar Grove,municipality,annual,7,,2003
WV,Ceredo,municipality,annual,7,,2009
WV,Chapmanville,municipality,annual,7,,2015
WV,Charles Town,municipality,annual,7,,2002 2004 2012 2016-2017 2022-2023
WV,Charles Town Water And Sewer Funds,municipality,annual,7,,1999 2001
WV,Charleston,municipality,annual,7,,1998-2025
WV,Chester,municipality,annual,7,,1998-1999
WV,Clarksburg,municipality,annual,7,,1999-2009 2011-2017 2019-2025
WV,Clarksburg City,municipality,annual,7,,1998
WV,Clay,municipality,annual,7,,2007 2010-2011 2013-2014 2019
WV,Clay County,county,annual,7,,2010-2011 2017
WV,Clendenin,municipality,annual,7,,2017 2020
WV,Coalton,municipality,annual,7,,2024-2025
WV,Davis,municipality,annual,7,,1998 2001-2003 2011 2025
WV,Davy,municipality,annual,7,,1998 2009
WV,Delbarton,municipality,annual,7,,2002 2012-2013
WV,Dunbar,municipality,annual,7,,2021 2023-2024
WV,East Bank,municipality,annual,7,,2025
WV,Elizabeth,municipality,annual,7,,2000 2003 2009-2010 2021 2024
WV,Elk Garden,municipality,annual,7,,2003
WV,Elkins,municipality,annual,7,,2010 2016-2019 2021-2025
WV,Ellenboro,municipality,annual,7,,1999 2023-2024
WV,Fairmont,municipality,annual,7,,1998-2015 2020-2021 2023-2025
WV,Fairview,municipality,annual,7,,2025
WV,Farmington,municipality,annual,7,,2000-2001 2007-2008 2025
WV,Fayette County,county,annual,7,,2003-2005 2008 2010 2012-2013
WV,Fayetteville,municipality,annual,7,,2008
WV,Flemington,municipality,annual,7,,2014
WV,Follansbee,municipality,annual,7,,1998-2000
WV,Franklin,municipality,annual,7,,2003-2005 2017 2024-2025
WV,Gary,municipality,annual,7,,2001 2003
WV,Gilbert,municipality,annual,7,,2010-2011 2013-2014
WV,Glen Dale,municipality,annual,7,,2012
WV,Glenville,municipality,annual,7,,2000-2002
WV,Grafton,municipality,annual,7,,2006-2007
WV,Gransville,municipality,annual,7,,2023
WV,Grant County,county,annual,7,,1999-2000 2003
WV,Grant Town,municipality,annual,7,,2012
WV,Grantsville,municipality,annual,7,,2001 2010-2011 2022
WV,Greenbrier County,county,annual,7,,2013 2015
WV,Hampshire County,county,annual,7,,2009
WV,Harman,municipality,annual,7,,2009 2017 2021
WV,Harrison County,county,annual,7,,2008
WV,Harrisville,municipality,annual,7,,2000 2002 2009-2010 2014-2015 2025
WV,Hartford,municipality,annual,7,,2013 2019
WV,Hinton,municipality,annual,7,,2002 2005 2011-2012 2014 2025
WV,Hundred,municipality,annual,7,,1998 2005
WV,Huntington,municipality,annual,7,,1998 2000-2025
WV,Huntington City,municipality,annual,7,,1999
WV,Hurricane,municipality,annual,7,,2021
WV,Jackson County,county,annual,7,,2004 2010-2011 2018
WV,Jane Lew,municipality,annual,7,,2014
WV,Jefferson County,county,annual,7,,2023
WV,Junior,municipality,annual,7,,2010 2013-2015
WV,Junior West Virginia-Class Iv Municipality In Barbour County,municipality,annual,7,,1999
WV,Kanawha County,county,annual,7,,2000 2002-2008 2010-2018
WV,Kenova,municipality,annual,7,,1999-2000 2002-2004 2006-2009 2025
WV,Kermit,municipality,annual,7,,2001
WV,Keyser,municipality,annual,7,,2014-2018 2022 2024
WV,Kimball,municipality,annual,7,,2009
WV,Leon,municipality,annual,7,,2010-2011
WV,Lewisburg,municipality,annual,7,,2012-2013 2021 2023-2025
WV,Lincoln County,county,annual,7,,2003 2011
WV,Logan County,county,annual,7,,2003 2008 2013
WV,Lumberport,municipality,annual,7,,2003-2004
WV,Madison,municipality,annual,7,,2019
WV,Mannington,municipality,annual,7,,2003-2005 2019
WV,Marion County,county,annual,7,,2002-2003 2010
WV,Marlinton,municipality,annual,7,,1999-2000 2007 2009-2010
WV,Marmet,municipality,annual,7,,2010-2011
WV,Martinsburg,municipality,annual,7,,1998-1999 2001-2002 2004-2025
WV,Mason,municipality,annual,7,,2002 2010 2017-2018
WV,Mason County,county,annual,7,,2017
WV,Masontown,municipality,annual,7,,2007 2012-2013 2015
WV,Matewan,municipality,annual,7,,2010-2011 2014
WV,Mcdowell County,county,annual,7,,2003
WV,Mcmechen,municipality,annual,7,,2021-2022
WV,Mercer County,county,annual,7,,2013 2023
WV,Middlebourne,municipality,annual,7,,2000-2001 2019-2020
WV,Milton,municipality,annual,7,,2000 2006 2009 2022-2024
WV,Mineral County,county,annual,7,,2013
WV,Mingo County,county,annual,7,,2004 2009-2010
WV,Monongah,municipality,annual,7,,2000 2011-2012 2019-2020 2022-2023
WV,Monongalia County,county,annual,7,,2002-2003 2009
WV,Monroe County,county,annual,7,,2012
WV,Montgomery,municipality,annual,7,,2010-2011
WV,Moorefield,municipality,annual,7,,2000 2020-2022
WV,Morgantown,municipality,annual,7,,1998-2024
WV,Moundsville,municipality,annual,7,,2006-2008 2012 2021 2023-2024
WV,Mount Hope,municipality,annual,7,,2000 2008-2009 2011 2014
WV,Mt Hope,municipality,annual,7,,2001
WV,Mt. Hope,municipality,annual,7,,2013
WV,Mullens,municipality,annual,7,,1999 2003 2010-2011
WV,New Cumberland,municipality,annual,7,,2022-2023
WV,New Haven,municipality,annual,7,,2004 2011-2012 2019-2021
WV,New Martinsville,municipality,annual,7,,1998 2023
WV,Newburg,municipality,annual,7,,2011
WV,Nitro,municipality,annual,7,,2020-2021
WV,North Hills Water & Waste Disposal System,municipality,annual,7,,2005
WV,Northfork,municipality,annual,7,,2021
WV,Nutter Fort,municipality,annual,7,,2003 2024-2025
WV,Oak Hill,municipality,annual,7,,2023-2025
WV,Oakvale,municipality,annual,7,,2012
WV,Oceana,municipality,annual,7,,2001 2003-2004 2006-2007 2010-2011 2019-2022
WV,Ohio County,county,annual,7,,2010 2020 2022-2025
WV,Paden City,municipality,annual,7,,2002-2005 2023
WV,Parkersburg,municipality,annual,7,,2000-2003 2005-2025
WV,Parsons,municipality,annual,7,,2011-2014
WV,Paw Paw,municipality,annual,7,,2013 2019 2025
WV,Pax,municipality,annual,7,,2020-2021 2024
WV,Pennsboro,municipality,annual,7,,2000 2002-2005 2010-2011 2013 2018
WV,Petersburg,municipality,annual,7,,2010-2011 2018-2019 2025
WV,Philippi,municipality,annual,7,,1998 2001 2003 2010 2012-2015 2019-2020 2023-2024
WV,Piedmont,municipality,annual,7,,2003 2013
WV,Pine Grove,municipality,annual,7,,1999 2001 2018
WV,Pineville,municipality,annual,7,,2003 2010
WV,Point Pleasant,municipality,annual,7,,2003-2004
WV,Princeton,municipality,annual,7,,2003-2006 2020-2021 2023-2024
WV,Putnam County,county,annual,7,,2003 2009 2011
WV,Rainelle,municipality,annual,7,,2021-2022
WV,Raleigh County,county,annual,7,,2003 2007
WV,Randolph County,county,annual,7,,2008
WV,Ranson,municipality,annual,7,,2012 2024
WV,Ravenswood,municipality,annual,7,,1998 2022-2024
WV,Reedsville,municipality,annual,7,,2002-2003 2013-2014
WV,Richwood,municipality,annual,7,,2010 2017 2024-2025
WV,Ridgeley,municipality,annual,7,,2004-2005
WV,Ripley,municipality,annual,7,,2007-2009 2016-2017 2021 2023-2025
WV,Ritchie County,county,annual,7,,2013
WV,Rivesville,municipality,annual,7,,2012
WV,Roane County,county,annual,7,,2002-2003 2009
WV,Romney,municipality,annual,7,,1999 2013-2017 2025
WV,Romney,municipality,biennial,,,2000
WV,Romney City,municipality,annual,7,,1998
WV,Ronceverte,municipality,annual,7,,2009-2010 2016-2018 2020-2021 2024
WV,Rowlesburg,municipality,annual,7,,2007-2008 2012 2018
WV,Salem,municipality,annual,7,,2010-2011 2014 2021
WV,Sand Fork,municipality,annual,7,,2025
WV,Shinnston,municipality,annual,7,,2001-2002 2006 2011-2012 2018-2020
WV,Sistersville,municipality,annual,7,,2000 2011 2014
WV,Sophia,municipality,annual,7,,2008
WV,South Charleston,municipality,annual,7,,2010 2020-2022 2025
WV,Spencer,municipality,annual,7,,1999 2010-2014 2022-2024
WV,St. Albans,municipality,annual,7,,2020-2021
WV,St. Marys,municipality,annual,7,,2009-2014
WV,Stonewood,municipality,annual,7,,2010 2015 2025
WV,Summersville,municipality,annual,7,,1998 2004-2005 2010-2012 2015 2022-2023
WV,Taylor County,county,annual,7,,2008 2014
WV,Terra Alta,municipality,annual,7,,2000-2001 2010-2011 2025
WV,Thomas,municipality,annual,7,,1999-2001 2005-2007
WV,Triadelphia,municipality,annual,7,,2024-2025
WV,Tunnelton,municipality,annual,7,,2003 2009-2010 2013 2017 2024
WV,Union,municipality,annual,7,,2018 2024
WV,Upshur County,county,annual,7,,2010
WV,Vienna,municipality,annual,7,,2014 2021
WV,War,municipality,annual,7,,2009-2014
WV,Wardensville,municipality,annual,7,,2010-2011 2025
WV,Wayne,municipality,annual,7,,2005-2006 2013-2014
WV,Wayne County,county,annual,7,,2011
WV,Webster County,county,annual,7,,2009 2017
WV,Weirton,municipality,annual,7,,1999-2012 2014-2015 2017-2025
WV,Weirton City,municipality,annual,7,,1998
WV,Welch,municipality,annual,7,,1998-2000 2002-2012 2015-2021
WV,Wellsburg,municipality,annual,7,,1998 2013 2021-2022
WV,West Hamlin,municipality,annual,7,,2008
WV,West Liberty,municipality,annual,7,,2007
WV,West Union,municipality,annual,7,,2010 2025
WV,Weston,municipality,annual,7,,1998 2001-2002
WV,Westover,municipality,annual,7,,2025
WV,Wheeling,municipality,annual,7,,1998-2012 2015-2023
WV,White Sulphur Springs,municipality,annual,7,,1999 2001 2007 2009-2013 2017 2020
WV,Whitesville,municipality,annual,7,,2003
WV,Williamstown,municipality,annual,7,,2011
WV,Winfield,municipality,annual,7,,2010-2012
WV,Wood County,county,annual,7,,2008-2009 2012 2015
WV,Worthington,municipality,annual,7,,2004 2014
WV,Wyoming County,county,annual,7,,2003
WI,Abbotsford,municipality,annual,1,,2010-2012 2015 2018 2022-2023
WI,Adams,municipality,annual,1,,2000-2001 2003 2005-2007 2012 2024
WI,Adams County,county,annual,1,,1998-2016 2018-2024
WI,Algoma,municipality,annual,1,,1999-2001 2009 2022
WI,Allouez,municipality,annual,1,,2015
WI,Alma Center,municipality,annual,1,,2002
WI,Altoona,municipality,annual,1,,2014
WI,Amery,municipality,annual,1,,2021
WI,Amherst,municipality,annual,1,,2010
WI,Antigo,municipality,annual,1,,1998-2000 2006 2009 2020-2021 2024-2025
WI,Appleton,municipality,annual,1,,1998-2024
WI,Arcadia,municipality,annual,1,,2003 2008-2009 2021-2022 2025
WI,Arena,municipality,annual,1,,2000
WI,Arpin,municipality,annual,1,,2010
WI,Ashland,municipality,annual,1,,1998-2001 2003 2006-2013 2016-2017 2021-2024
WI,Ashland County,county,annual,1,,1998-2012 2014-2025
WI,Athens,municipality,annual,1,,2010
WI,Augusta,municipality,annual,1,,2001 2006 2011-2012 2023
WI,Avoca,municipality,annual,1,,2011 2014
WI,Bagley,municipality,annual,1,,1998
WI,Baldwin,municipality,annual,1,,2021 2023
WI,Bangor,municipality,annual,1,,2021
WI,Baraboo,municipality,annual,1,,1998 2000-2002 2004 2006-2013 2017-2024
WI,Baraboo City,municipality,annual,1,,1999
WI,Barneveld,municipality,annual,1,,2000
WI,Barron,municipality,annual,1,,2021 2024
WI,Barron County,county,annual,1,,1998-2016 2018-2021 2023-2024
WI,Bay City,municipality,annual,1,,2017-2018
WI,Bayfield,municipality,annual,1,,2007 2009 2012 2014-2015 2017 2021-2022
WI,Bayfield County,county,annual,1,,1998-2024
WI,Beaver Dam,municipality,annual,1,,1998-2004 2006 2008-2016 2019-2020 2022-2024
WI,Belgium,municipality,annual,1,,2013
WI,Belleville,municipality,annual,1,,2020 2022-2024
WI,Belmont,municipality,annual,1,,2003 2013
WI,Beloit,municipality,annual,1,,1998-2016 2018-2025
WI,Benton,municipality,annual,1,,1998 2003
WI,Berlin,municipality,annual,1,,2001 2004-2005 2011-2012 2021 2023
WI,Birchwood,municipality,annual,1,,2013-2015
WI,Birnamwood,municipality,annual,1,,2014-2015
WI,Biron,municipality,annual,1,,2014-2015
WI,Black River Falls,municipality,annual,1,,1998 2000 2003 2010-2012 2022-2025
WI,Blair,municipality,annual,1,,2002 2008 2023
WI,Blanchardville,municipality,annual,1,,2000 2020 2023-2024
WI,Bloomer,municipality,annual,1,,2022-2024
WI,Blooming Grove,municipality,annual,1,,2011
WI,Bloomingt0n,municipality,annual,1,,1998
WI,Bloomington,municipality,annual,1,,2019
WI,Blue River,municipality,annual,1,,2015
WI,Bonduel,municipality,annual,1,,1999-2001
WI,Boscobel,municipality,annual,1,,1998 2022
WI,Bowler,municipality,annual,1,,2004
WI,Boyceville,municipality,annual,1,,2022
WI,Boyd,municipality,annual,1,,2000-2001 2003 2005-2006
WI,Brandon,municipality,annual,1,,2002-2003
WI,Brillion,municipality,annual,1,,2015
WI,Brokaw,municipality,annual,1,,2002 2011
WI,Brookfield,municipality,annual,1,,1999-2001 2010 2020 2022-2024
WI,Brookfield City,municipality,annual,1,,1998
WI,Brown County,county,annual,1,,1998-2024
WI,Brown Deer,municipality,annual,1,,1999 2002 2020 2023
WI,Bruce,municipality,annual,1,,2011 2021 2023
WI,Brule,municipality,annual,1,,1999
WI,Buffalo County,county,annual,1,,1998-2024
WI,Burlington,municipality,annual,1,,2003 2012-2013 2022
WI,Burnett County,county,annual,1,,1998-2015 2018-2024
WI,Butternut,municipality,annual,1,,2009-2010
WI,Cadott,municipality,annual,1,,2011-2013
WI,Caledonia,municipality,annual,1,,2012-2013 2017-2021
WI,Calumet County,county,annual,1,,1998-2024
WI,Cambria,municipality,annual,1,,2005 2010
WI,Cambridge Water Utility,municipality,annual,1,,2001-2002
WI,Cameron,municipality,annual,1,,2014
WI,Campbell,municipality,annual,1,,2001
WI,Campbellsport,municipality,annual,1,,2011-2012 2025
WI,Casco,municipality,annual,1,,1998
WI,Cashton,municipality,annual,1,,2004-2006 2016
WI,Cassville,municipality,annual,1,,2002 2020 2023
WI,Cecil,municipality,annual,1,,2006-2007
WI,Cedarburg,municipality,annual,1,,1998 2022
WI,Chaseburg,municipality,annual,1,,2008
WI,Chetek,municipality,annual,1,,2010 2022-2024
WI,Chicago,municipality,annual,1,,2025
WI,Chippewa County,county,annual,1,,1998-2016 2018-2024
WI,Chippewa Falls,municipality,annual,1,,1999-2003 2006-2007 2009-2010 2016 2018-2019 2022 2024
WI,Clark County,county,annual,1,,1998-2016 2018-2021 2023-2024
WI,Clayton,municipality,annual,1,,2016
WI,Clear Lake,municipality,annual,1,,2002-2003 2019 2021
WI,Clinton,municipality,annual,1,,2000-2001
WI,Clintonville,municipality,annual,1,,1998-2001 2008 2011 2017-2019 2022
WI,Clyman,municipality,annual,1,,2010 2012
WI,Cobb,municipality,annual,1,,2022
WI,Cochrane,municipality,annual,1,,2000 2011
WI,Colby,municipality,annual,1,,2002-2003 2009 2015
WI,Coleman,municipality,annual,1,,1999
WI,Coloma,municipality,annual,1,,2012
WI,Columbia County,county,annual,1,,1998-2024
WI,Columbus,municipality,annual,1,,1998 2011-2012
WI,Coon Valley,municipality,annual,1,,2022
WI,Cornell,municipality,annual,1,,2000-2001 2012 2021
WI,Cottage Grove,municipality,annual,1,,2014
WI,Crandon,municipality,annual,1,,2002
WI,Crawford County,county,annual,1,,1998-2024
WI,Crivitz,municipality,annual,1,,2003 2008
WI,Cross Plains,municipality,annual,1,,2015
WI,Cuba City,municipality,annual,1,,2000
WI,Cudahy,municipality,annual,1,,1999 2008-2013 2020 2022-2024
WI,Cumberland,municipality,annual,1,,2014-2016 2020-2024
WI,Curtiss,municipality,annual,1,,2011
WI,Curtiss Water And Sewer Utility,municipality,annual,1,,2000
WI,Dallas,municipality,annual,1,,2014
WI,Dane,municipality,annual,1,,1999
WI,Dane County,county,annual,1,,1998-2024
WI,Darien,municipality,annual,1,,1999 2014
WI,Darlington,municipality,annual,1,,1998-2001 2005 2019 2023-2024
WI,De Pere,municipality,annual,1,,2023
WI,Deer Park,municipality,annual,1,,1998
WI,Deforest,municipality,annual,1,,2000
WI,Delavan,municipality,annual,1,,2009
WI,Denmark,municipality,annual,1,,2008-2009 2011 2019 2024
WI,Depere,municipality,annual,1,,2022
WI,Dewey,municipality,annual,1,,2001
WI,Dickeyville,municipality,annual,1,,2022-2023
WI,Dickeyville,municipality,other,,46,2002
WI,Dodge County,county,annual,1,,1998-2020 2022-2024
WI,Dodgeville,municipality,annual,1,,2020 2025
WI,Door County,county,annual,1,,1998-2000 2003-2024
WI,Dorchester,municipality,annual,1,,2012 2022
WI,Douglas County,county,annual,1,,1998-2021 2023-2025
WI,Dousman,municipality,annual,1,,2009-2010
WI,Dresser,municipality,annual,1,,2000 2024
WI,Dunn,municipality,annual,1,,2001 2005 2009
WI,Dunn County,county,annual,1,,1998-2019 2021-2025
WI,Durand,municipality,annual,1,,2010 2012
WI,Eagle,municipality,annual,1,,2004
WI,Eagle River,municipality,annual,1,,1999 2004-2005 2007-2008 2012 2016 2018 2021-2022
WI,Eastman,municipality,annual,1,,2000 2012 2018
WI,Eau Claire,municipality,annual,1,,1998-2021 2024
WI,Eau Claire County,county,annual,1,,1998-1999 2001-2016 2018-2024
WI,Edgar,municipality,annual,1,,2005 2023-2025
WI,Edgerton,municipality,annual,1,,1998 2001 2015 2017 2020 2024
WI,Egg Harbor,municipality,annual,1,,2024
WI,Eleva,municipality,annual,1,,2012-2013 2023-2024
WI,Elkhorn,municipality,annual,1,,2005 2016-2017
WI,Ellsworth,municipality,annual,1,,2011
WI,Elm Grove,municipality,annual,1,,2002 2004
WI,Elmwood,municipality,annual,1,,2014-2015 2021
WI,Elroy,municipality,annual,1,,2001 2012 2014 2021
WI,Ephraim,municipality,annual,1,,2008
WI,Ettrick,municipality,annual,1,,2016
WI,Evansville,municipality,annual,1,,2007 2009-2010
WI,Fairchild,municipality,annual,1,,1998 2003 2012-2013
WI,Fall Creek,municipality,annual,1,,2000 2008 2020 2025
WI,Fall River,municipality,annual,1,,2011-2012
WI,Fennimore,municipality,annual,1,,2017-2019
WI,Fillmore County,county,annual,1,,2005
WI,Fitchburg,municipality,annual,1,,2009
WI,Florence,municipality,annual,1,,2016
WI,Florence County,county,annual,1,,1998-2024
WI,Fond Du Lac,municipality,annual,1,,1998-2025
WI,Fond Du Lac County,county,annual,1,,1999-2024
WI,Fontana On Geneva Lake,municipality,annual,1,,1999
WI,Fontana-On-Geneva Lake,municipality,annual,1,,2009-2010
WI,Footville,municipality,annual,1,,2012
WI,Forest County,county,annual,1,,1998-2016 2018-2025
WI,Forestville,municipality,annual,1,,2011-2012
WI,Fort Atkinson,municipality,annual,1,,2004 2022
WI,Fountain City,municipality,annual,1,,2014 2016-2017
WI,Fox Crossing,municipality,annual,1,,2022
WI,Fox Lake,municipality,annual,1,,2001 2009-2010 2017
WI,Fox Point,municipality,annual,1,,2023
WI,Franklin,municipality,annual,1,,1998-2000 2020 2023
WI,Frederic,municipality,annual,1,,2021
WI,Fredonia,municipality,annual,1,,2015
WI,Fremont,municipality,annual,1,,2025
WI,Friendship,municipality,annual,1,,2009-2010
WI,Fulton,municipality,annual,1,,2003
WI,Galesville,municipality,annual,1,,1998 2001
WI,Gays Mills,municipality,annual,1,,2007-2013
WI,Genoa City,municipality,annual,1,,2000
WI,Germantown,municipality,annual,1,,1998 2009
WI,Gillett,municipality,annual,1,,2020 2023
WI,Gilman,municipality,annual,1,,2000 2009 2011
WI,Glenbeulah,municipality,annual,1,,2023
WI,Glendale,municipality,annual,1,,2012
WI,Glenwood City,municipality,annual,1,,1998 2021
WI,Grant County,county,annual,1,,1998-2024
WI,Granton,municipality,annual,1,,2002 2024
WI,Grantsburg,municipality,annual,1,,2000 2014 2024
WI,Gratiot,municipality,annual,1,,2001 2022
WI,Green Bay,municipality,annual,1,,1998-2025
WI,Green County,county,annual,1,,1998-2024
WI,Green Lake County,county,annual,1,,1998-2024
WI,Greendale,municipality,annual,1,,2014
WI,Greenfield,municipality,annual,1,,2020 2022-2024
WI,Greenwood,municipality,annual,1,,1998 2013 2023
WI,Gresham,municipality,annual,1,,2010 2016 2020 2022
WI,Hales Corners,municipality,annual,1,,2023
WI,Hammond,municipality,annual,1,,2025
WI,Hancock,municipality,annual,1,,2014
WI,Hartford,municipality,annual,1,,1998 2000-2014 2019 2021-2025
WI,Hatley,municipality,biennial,,,2002
WI,Hayward,municipality,annual,1,,2020 2024
WI,Hazel Green,municipality,annual,1,,2010 2021
WI,Hilbert,municipality,annual,1,,2015-2016
WI,Hillsboro,municipality,annual,1,,2000 2013-2014
WI,Hixton,municipality,annual,1,,2002 2007
WI,Hobart,municipality,annual,1,,2011
WI,Hollandale,municipality,annual,1,,2002-2003
WI,Holmen,municipality,annual,1,,2006 2008
WI,Horicon,municipality,annual,1,,2012
WI,Howard,municipality,annual,1,,2022
WI,Hurley,municipality,annual,1,,2000 2002 2005-2011 2024
WI,Independence,municipality,annual,1,,1998 2002 2009-2010 2014
WI,Iola,municipality,annual,1,,2002-2003
WI,Iowa County,county,annual,1,,1998-2023
WI,Iron County,county,annual,1,,1998-2024
WI,Jackson County,county,annual,1,,1998-2024
WI,Janesville,municipality,annual,1,,1998-2016 2018-2024
WI,Jefferson,municipality,annual,1,,2004 2010-2011 2013 2021 2023
WI,Jefferson County,county,annual,1,,1998-2024
WI,Junction City,municipality,annual,1,,2013
WI,Juneau,municipality,annual,1,,1999 2023-2024
WI,Juneau County,county,annual,1,,1998-2024
WI,Kaukauna,municipality,annual,1,,2024
WI,Kendall,municipality,annual,1,,2014 2018 2023
WI,Kenosha,municipality,annual,1,,1998-2024
WI,Kenosha County,county,annual,1,,1998-2021 2023
WI,Kewaunee,municipality,annual,1,,1999 2002-2003 2010-2011
WI,Kewaunee County,county,annual,1,,1998-2024
WI,Kiel,municipality,annual,1,,2022
WI,Knight,municipality,annual,1,,2004
WI,Kronewetter,municipality,annual,1,,1999
WI,La Crosse,municipality,annual,1,,1999-2024
WI,La Crosse City,municipality,annual,1,,1998
WI,La Crosse County,county,annual,1,,1998-2025
WI,La Farage,municipality,annual,1,,2003
WI,La Farge,municipality,annual,1,,2009-2010 2012-2013 2021 2023-2025
WI,La Valle,municipality,annual,1,,2021-2022 2024
WI,Ladysmith,municipality,annual,1,,1998 2000-2005 2008 2010-2011 2013 2021 2023-2024
WI,Lafayette County,county,annual,1,,1998-1999 2001-2024
WI,Lafollette,municipality,annual,1,,2001
WI,Lake Delton,municipality,annual,1,,2008-2010 2012 2014
WI,Lake Hallie,municipality,annual,1,,2015
WI,Lake Mills,municipality,annual,1,,2024
WI,Lancaster,municipality,annual,1,,2008-2009 2023 2025
WI,Land O' Lakes,municipality,annual,1,,2021
WI,Langlade County,county,annual,1,,1998-2025
WI,Lena,municipality,annual,1,,1998 2014-2015
WI,Lincoln County,county,annual,1,,1998-2022 2024
WI,Linden,municipality,annual,1,,2010-2011
WI,Little Chute,municipality,annual,1,,2023
WI,Little Falls,municipality,other,,27,2000
WI,Lomira,municipality,annual,1,,2010
WI,Lowell,municipality,annual,1,,2011-2012 2020
WI,Loyal,municipality,annual,1,,1999 2009
WI,Luck,municipality,annual,1,,2001 2016-2017 2023
WI,Luxemburg,municipality,annual,1,,2003
WI,Lyndon Station,municipality,annual,1,,1999 2024
WI,Lyons,municipality,annual,1,,2013
WI,Madison,municipality,annual,1,,1998-2023 2025
WI,Manitowoc,municipality,annual,1,,1998-2017 2019-2024
WI,Manitowoc County,county,annual,1,,1998-2024
WI,Marathon City,municipality,annual,1,,2002
WI,Marathon County,county,annual,1,,1998-2024
WI,Maribel,municipality,annual,1,,2000
WI,Marinette,municipality,annual,1,,1998-1999 2001-2005 2009-2011 2014-2016 2021 2024-2025
WI,Marinette County,county,annual,1,,1998-2025
WI,Marion,municipality,annual,1,,2001-2004 2023
WI,Markesan,municipality,annual,1,,2003 2009 2022
WI,Marquette County,county,annual,1,,1998-2024
WI,Marshall,municipality,annual,1,,2013
WI,Marshfield,municipality,annual,1,,1998-2002 2011 2014 2020 2022 2024
WI,Mattoon,municipality,annual,1,,1998 2023
WI,Mauston,municipality,annual,1,,1998 2008-2012 2022 2025
WI,Mazomanie,municipality,annual,1,,2000 2008
WI,Mchenry County,county,annual,12,,2024
WI,Mcmillan,municipality,annual,1,,2002
WI,Medford,municipality,annual,1,,2020 2025
WI,Mellen,municipality,annual,1,,2023
WI,Melrose,municipality,annual,1,,2009
WI,Melvina,municipality,annual,1,,2006
WI,Menahsa,municipality,annual,1,,2011 2022
WI,Menasha,municipality,annual,1,,1999 2001 2005-2010 2012-2013 2024
WI,Menominee County,county,annual,1,,1998-2002 2004-2017 2020-2024
WI,Menomonee Falls,municipality,annual,1,,1999-2001 2003 2022 2024
WI,Menomonie,municipality,annual,1,,1999-2003 2006-2007 2010-2011 2017 2023-2024
WI,Mercer,municipality,annual,1,,2012
WI,Mercer,municipality,other,,51,2008
WI,Merrill,municipality,annual,1,,1999 2001 2013 2020-2022
WI,Merrill City,municipality,annual,1,,1998
WI,Merrillan,municipality,annual,1,,2004 2012
WI,Merrimac,municipality,annual,1,,2002
WI,Middleton,municipality,annual,1,,2022-2024
WI,Milladore,municipality,annual,1,,1999
WI,Milltown,municipality,annual,1,,2001
WI,Milwaukee,municipality,annual,1,,1998-2016 2018-2024
WI,Milwaukee County,county,annual,1,,1998-2024
WI,Mineral Point,municipality,annual,1,,2002-2003 2011
WI,Minong,municipality,annual,1,,2011 2013
WI,Mondovi,municipality,annual,1,,1999 2020-2024
WI,Monroe,municipality,annual,1,,1999 2013 2022 2024
WI,Monroe County,county,annual,1,,1998-2015 2017-2025
WI,Montfort,municipality,annual,1,,2000
WI,Montreal,municipality,annual,1,,2001 2007 2014-2015 2024
WI,Mosinee,municipality,annual,1,,2011-2012 2015
WI,Mount Hope,municipality,annual,1,,2014
WI,Mount Pleasant,municipality,annual,1,,2003 2024
WI,Mount Pleasant Town,municipality,annual,1,,1998
WI,Mukwonago,municipality,annual,1,,1999-2002
WI,Muscoda,municipality,annual,1,,1998 2010 2020 2024
WI,Nashville,municipality,annual,1,,2011
WI,Necedah,municipality,annual,1,,2008 2010 2012
WI,Neenah,municipality,annual,1,,1999 2001 2003 2005-2010 2022
WI,Neillsville,municipality,annual,1,,1999
WI,Nekoosa,municipality,annual,1,,2004 2008 2010-2011
WI,Neshkoro Sewer Utility,municipality,annual,1,,1998
WI,New Berlin,municipality,annual,1,,2001 2018 2020 2022 2024
WI,New Glarus,municipality,annual,1,,2024
WI,New Lisbon,municipality,annual,1,,1999 2012
WI,New London,municipality,annual,1,,2004 2022 2025
WI,New Richmond,municipality,annual,1,,2004-2005 2022-2023
WI,Niagara,municipality,annual,1,,1998 2000 2009 2016-2017
WI,North Fond Du Lac,municipality,annual,1,,2002-2003
WI,North Freedom,municipality,annual,1,,2000
WI,Norwalk,municipality,annual,1,,2000 2023
WI,Oak Creek,municipality,annual,1,,2000 2010 2012-2014 2017 2020 2022-2023
WI,Oakdale,municipality,annual,1,,1999
WI,Oakfield,municipality,annual,1,,2003 2019
WI,Oconomowoc,municipality,annual,1,,2012
WI,Oconomowoc Town,municipality,annual,1,,2003
WI,Oconto,municipality,annual,1,,2007 2011 2014
WI,Oconto County,county,annual,1,,1998-2025
WI,Oconto Falls,municipality,annual,1,,2003-2004 2010 2012-2014 2022-2024
WI,Omro,municipality,annual,1,,2022-2023
WI,Onalaska,municipality,annual,1,,2000 2003-2004 2010 2022 2024
WI,Oneida County,county,annual,1,,1998-2023
WI,Ontario,municipality,annual,1,,2023
WI,Oregon,municipality,annual,1,,2000 2023
WI,Orfordville,municipality,annual,1,,2015 2018-2019
WI,Osceola,municipality,annual,1,,2003 2006
WI,Oshkosh,municipality,annual,1,,1998-2025
WI,Osseo,municipality,annual,1,,2021 2023-2025
WI,Outagamie County,county,annual,1,,1998-2024
WI,Owen,municipality,annual,1,,2000-2001 2013 2020 2022
WI,Ozaukee County,county,annual,1,,1998-2025
WI,Paddock Lake,municipality,annual,1,,2011-2012 2020
WI,Pardeeville,municipality,annual,1,,2011
WI,Park Falls,municipality,annual,1,,2000-2001 2006 2008-2009 2012 2016 2021 2024
WI,Pepin,municipality,annual,1,,1998 2010 2013-2014 2020
WI,Pepin County,county,annual,1,,1998-2024
WI,Peshtigo,municipality,annual,1,,1999 2002 2007 2013 2023-2024
WI,Phelps,municipality,annual,1,,2025
WI,Phillips,municipality,annual,1,,1999 2021
WI,Pierce County,county,annual,1,,1998-2025
WI,Pittsville,municipality,annual,1,,2000-2001 2007-2008 2013 2022
WI,Plain,municipality,annual,1,,2011
WI,Plainfield,municipality,annual,1,,2005-2007
WI,Platteville,municipality,annual,1,,1998-2003 2006-2015 2020 2022-2024
WI,Pleasant Prairie,municipality,annual,1,,2006 2011 2021-2022
WI,Plover,municipality,annual,1,,2001 2020
WI,Plum City,municipality,annual,1,,2019
WI,Plymouth,municipality,annual,1,,2010 2012
WI,Polk County,county,annual,1,,1998-2016 2018-2024
WI,Poplar,municipality,annual,1,,1998
WI,Portage,municipality,annual,1,,2010 2013 2020
WI,Portage County,county,annual,1,,1998-2024
WI,Potosi,municipality,annual,1,,2000 2007-2008
WI,Poynette,municipality,annual,1,,2010
WI,Prairie Du Chien,municipality,annual,1,,1998-2003 2006-2008 2010-2014 2018 2021
WI,Prairie Du Sac,municipality,annual,1,,2012 2021
WI,Prentice,municipality,annual,1,,2023-2024
WI,Prescott,municipality,annual,1,,2005 2024
WI,Price County,county,annual,1,,1998-2024
WI,Princeton,municipality,annual,1,,2003-2007
WI,Pulaski,municipality,annual,1,,1999 2023
WI,Racine,municipality,annual,1,,1998-2022 2025
WI,Racine County,county,annual,1,,1998-2018 2020-2024
WI,Radisson,municipality,annual,1,,2008
WI,Randolph,municipality,annual,1,,2012-2013
WI,Readstown,municipality,annual,1,,1998 2002-2003
WI,Reedsburg,municipality,annual,1,,2008 2010-2013 2021-2024
WI,Reedsville,municipality,annual,1,,2008 2011 2020 2022
WI,Reeseville,municipality,annual,1,,2014
WI,Rhinelander,municipality,annual,1,,1998-2003 2005-2016 2019-2021 2023-2024
WI,Rib Lake,municipality,annual,1,,2010
WI,Rib Mountain,municipality,annual,1,,2024-2025
WI,Rice Lake,municipality,annual,1,,2000 2003-2004 2016 2021-2022
WI,Richfield,municipality,annual,1,,2024
WI,Richland Center,municipality,annual,1,,1998-2001 2009 2011-2012 2018
WI,Richland County,county,annual,1,,1998-2024
WI,Ridgeway,municipality,annual,1,,2018-2019
WI,Ringgold County,county,annual,7,,2012
WI,Rio,municipality,annual,1,,1999 2013
WI,Ripon,municipality,annual,1,,2002 2004 2022
WI,River Falls,municipality,annual,1,,2017 2024
WI,Rock County,county,annual,1,,1998-2024
WI,Rock Springs,municipality,annual,1,,2010 2012 2021
WI,Rome Water Utility,municipality,annual,1,,2008
WI,Rothschild,municipality,annual,1,,2024-2025
WI,Rudolph Sanitary Sewer Utility,municipality,annual,1,,2012
WI,Rusk County,county,annual,1,,1998-2016 2018-2021 2023-2024
WI,Sauk City,municipality,annual,1,,2019
WI,Sauk County,county,annual,1,,1998-2019
WI,Sawyer County,county,annual,1,,1998-2024
WI,Scott County,county,annual,7,,2025
WI,Seymour,municipality,annual,1,,2012
WI,Shawano,municipality,annual,1,,2002-2004 2010-2011 2013 2021-2025
WI,Shawano County,county,annual,1,,1998-2025
WI,Sheboygan,municipality,annual,1,,1998-2025
WI,Sheboygan County,county,annual,1,,1998-2024
WI,Sheboygan Falls,municipality,annual,1,,2003 2020-2024
WI,Sheldon,municipality,annual,1,,2000
WI,Shell Lake,municipality,annual,1,,2002-2003 2014
WI,Sherwood,municipality,annual,1,,2010
WI,Shullsburg,municipality,annual,1,,1998 2003 2013 2017 2021
WI,Siren,municipality,annual,1,,2001-2003 2008-2009 2015
WI,Sister Bay,municipality,annual,1,,2019-2021
WI,Slinger,municipality,annual,1,,2011
WI,Soldiers Grove,municipality,annual,1,,2021
WI,Solon Springs,municipality,annual,1,,2011-2012
WI,South Milwaukee,municipality,annual,1,,2002 2008 2010 2020-2024
WI,South Wayne,municipality,annual,1,,2014 2022
WI,Sparta,municipality,annual,1,,2007-2008
WI,Spencer,municipality,annual,1,,1999 2014 2021-2022
WI,Spooner,municipality,annual,1,,1998 2022
WI,Spring Green,municipality,annual,1,,2009-2012
WI,Spring Valley,municipality,annual,1,,1999 2002-2003 2010-2011 2021
WI,St Croix County,county,annual,1,,1998-2000 2014 2016-2017 2022
WI,St Nazianz,municipality,annual,1,,2000
WI,St. Croix County,county,annual,1,,2001-2008 2010-2013 2015 2019-2021 2023-2024
WI,St. Croix Falls,municipality,annual,1,,2002 2013-2015
WI,St. Nazianz,municipality,annual,1,,2012
WI,Stanley,municipality,annual,1,,1998 2001-2003 2009-2010 2013-2014 2016-2017 2021
WI,Star Prairie,municipality,annual,1,,2002-2003
WI,Stetsonville,municipality,annual,1,,2000 2010-2011
WI,Stevens Point,municipality,annual,1,,1998-1999 2001-2003 2005-2025
WI,Stoddard,municipality,annual,1,,2001
WI,Stoughton,municipality,annual,1,,2022
WI,Strum,municipality,annual,1,,2012-2014
WI,Sturgeon Bay,municipality,annual,1,,1998 2001 2010
WI,Sturtevant,municipality,annual,1,,2006
WI,Sugar Creek,municipality,annual,1,,2010
WI,Sullivan,municipality,annual,1,,2021-2023
WI,Summit,municipality,annual,1,,2011
WI,Sun Prairie,municipality,annual,1,,1999-2002 2006 2020 2022
WI,Superior,municipality,annual,1,,1998-2024
WI,Suring,municipality,annual,1,,2006 2010 2022
WI,Taylor County,county,annual,1,,1998-2024
WI,Tennyson,municipality,annual,1,,2020 2022
WI,Thiensville,municipality,annual,1,,2009 2012
WI,Thorp,municipality,annual,1,,2005 2023-2024
WI,Three Lakes,municipality,annual,1,,2006
WI,Tigerton,municipality,annual,1,,2020 2023
WI,Tomah,municipality,annual,1,,1998-2000 2003 2007
WI,Tomahawk,municipality,annual,1,,2015 2024
WI,Trempealeau,municipality,annual,1,,2009
WI,Trempealeau County,county,annual,1,,1998-2022 2024
WI,Turtle Lake,municipality,annual,1,,2001 2003-2004 2010 2014 2024
WI,Two Rivers,municipality,annual,1,,1998-1999 2004-2006 2010 2014 2025
WI,Underhill,municipality,annual,1,,2022
WI,Union Grove,municipality,annual,1,,2010
WI,Vernon County,county,annual,1,,1998-2024
WI,Vilas County,county,annual,1,,1998-2016 2018-2024
WI,Viola,municipality,annual,1,,2001 2008 2011 2016 2022 2024
WI,Viroqua,municipality,annual,1,,1998-1999 2010-2017 2019-2022 2024
WI,Waldo,municipality,annual,1,,2011
WI,Walworth,municipality,annual,1,,2010
WI,Walworth County,county,annual,1,,1998-2021 2023-2025
WI,Washburn,municipality,annual,1,,1998 2003 2005-2006 2024
WI,Washburn County,county,annual,1,,1998-2016 2018-2019 2021-2024
WI,Washington,municipality,annual,1,,2009
WI,Washington County,county,annual,1,,1998 2000-2025
WI,Waterford,municipality,annual,1,,2012
WI,Waterloo,municipality,annual,1,,2022-2023
WI,Watertown,municipality,annual,1,,2004 2010-2011 2017-2018 2020 2022
WI,Waukesha,municipality,annual,1,,1998-2025
WI,Waukesha County,county,annual,1,,1998-2024
WI,Waumandee,municipality,annual,1,,2000
WI,Waupaca,municipality,annual,1,,1999 2025
WI,Waupaca City,municipality,annual,1,,1998
WI,Waupaca County,county,annual,1,,1998-2024
WI,Waupun,municipality,annual,1,,1998 2001 2019-2024
WI,Wausau,municipality,annual,1,,1998-2024
WI,Wausaukee,municipality,annual,1,,2001 2021-2022
WI,Waushara County,county,annual,1,,1998-2024
WI,Wautoma,municipality,annual,1,,1998 2013 2020 2023 2025
WI,Wauwatosa,municipality,annual,1,,1998-2024
WI,Wauzeka,municipality,annual,1,,1999
WI,Webster,municipality,annual,1,,2013
WI,West Allis,municipality,annual,1,,1998-2025
WI,West Baraboo,municipality,annual,1,,2010 2023-2024
WI,West Bend,municipality,annual,1,,2001-2012 2020 2024
WI,West Salem,municipality,annual,1,,2009
WI,Westby,municipality,annual,1,,2000 2021-2022
WI,Westfield,municipality,annual,1,,2001 2010
WI,Weston,municipality,annual,1,,2001 2011 2024-2025
WI,Weyerhaeuser,municipality,annual,1,,2010 2019
WI,Wheeler,municipality,annual,1,,2004
WI,White Lake,municipality,annual,1,,2023
WI,Whitefish Bay,municipality,annual,1,,2013-2014
WI,Whitehall,municipality,annual,1,,1998 2003 2009-2010 2015 2022
WI,Whitewater,municipality,annual,1,,1998 2001 2009-2011 2022
WI,Whiting,municipality,annual,1,,2019
WI,Wild Rose,municipality,annual,1,,2010
WI,Williams Bay,municipality,annual,1,,1999
WI,Winnebago County,county,annual,1,,1998-2024
WI,Winneconne,municipality,annual,1,,2010-2011
WI,Winter,municipality,annual,1,,2003 2022
WI,Wisconsin Dells,municipality,annual,1,,2011 2016
WI,Wisconsin Rapids,municipality,annual,1,,2002-2006 2008-2014 2018-2020 2022 2024
WI,Withee,municipality,annual,1,,2010
WI,Wonewoc,municipality,annual,1,,1998 2022-2024
WI,Wood County,county,annual,1,,1998-2022 2025
WI,Woodville,municipality,annual,1,,1998-1999 2021
WI,Wrightstown,municipality,annual,1,,2004 2008 2015-2016
WI,Yuba,municipality,annual,1,,2001
WY,Afton,municipality,annual,7,,2006-2008 2010-2011 2025
WY,Albany County,county,annual,7,,1998 2001-2025
WY,Alpine,municipality,annual,7,,2011 2024
WY,Baggs,municipality,annual,7,,2011 2014
WY,Big Horn County,county,annual,7,,1999-2003 2005-2014 2016-2017 2019-2025
WY,Campbell County,county,annual,7,,1998-2024
WY,Carbon County,county,annual,7,,2003-2016 2020-2025
WY,Casper,municipality,annual,7,,1998-1999 2001-2025
WY,Cheyenne,municipality,annual,7,,1999-2025
WY,Cheyenne City,municipality,annual,7,,1998
WY,Cody,municipality,annual,7,,2011 2017 2020-2021 2024-2025
WY,Converse County,county,annual,7,,2001-2003 2005-2015 2018 2021 2024
WY,Crook County,county,annual,7,,1998 2005-2006 2009-2015 2020-2025
WY,Dayton,municipality,annual,7,,2022-2025
WY,Deaver,municipality,annual,7,,2010
WY,Douglas,municipality,annual,7,,1999 2002 2008 2021 2025
WY,Dubois,municipality,annual,7,,1998-1999 2001 2004 2007-2008 2010 2012-2017 2024
WY,Encampment,municipality,annual,7,,2010-2011 2024
WY,Evanston,municipality,annual,7,,1999-2001 2003 2005-2007 2009-2011 2021
WY,Evansville,municipality,annual,7,,2007 2012 2022 2024-2025
WY,Frannie,municipality,annual,4,,2003
WY,Frannie,municipality,annual,7,,2005
WY,Fremont County,county,annual,7,,1998-2016 2018-2024
WY,Gillette,municipality,annual,7,,1999 2001-2008 2010-2025
WY,Glenrock,municipality,annual,7,,2021
WY,Goshen County,county,annual,7,,2003 2009-2011 2021-2024
WY,Green River,municipality,annual,7,,2009-2011 2019 2023-2024
WY,Greybull,municipality,annual,7,,2010 2015 2018 2021 2024
WY,Guernsey,municipality,annual,7,,2025
WY,Hanna,municipality,annual,7,,2012 2024
WY,Hartville,municipality,annual,7,,2009
WY,Hot Springs County,county,annual,7,,2005 2009-2016 2021-2025
WY,Hulett,municipality,annual,5,,2001-2005 2007
WY,Hulett,municipality,annual,7,,2021 2025
WY,Jackson,municipality,annual,7,,2007-2020 2022-2025
WY,Jackson,municipality,annual,8,,2024
WY,Jackson_ein Noted,municipality,annual,7,,2021
WY,Johnson County,county,annual,7,,2003 2005-2016 2020-2023 2025
WY,Kemmerer,municipality,annual,7,,2001 2003 2006 2011 2023
WY,Labarge,municipality,annual,7,,2010-2011
WY,Lander,municipality,annual,7,,2000 2003-2018 2021-2025
WY,Laramie,municipality,annual,7,,1998-2006 2008-2025
WY,Laramie County,county,annual,7,,1998-2025
WY,Lincoln County,county,annual,7,,2003 2005-2008 2010-2025
WY,Lovell,municipality,annual,7,,2006-2007 2009-2013
WY,Lusk,municipality,annual,4,,1999-2005
WY,Lusk,municipality,annual,7,,2013 2021-2025
WY,Manville,municipality,annual,7,,2025
WY,Medicine Bow,municipality,annual,7,,2004 2015
WY,Meeteetse,municipality,annual,7,,2001 2011
WY,Mills,municipality,annual,7,,2021
WY,Moorcroft,municipality,annual,7,,2012 2019 2021-2022 2025
WY,Moyie Springs,municipality,annual,10,,2024-2025
WY,Natrona County,county,annual,7,,1998-1999 2001-2025
WY,Newcastle,municipality,annual,7,,2024-2025
WY,Park County,county,annual,7,,2000-2017 2020-2025
WY,Pine Bluffs,municipality,annual,7,,1998 2000 2010 2013-2014
WY,Pine Haven,municipality,annual,7,,2007 2010-2011 2025
WY,Pinedale,municipality,annual,7,,2003 2008-2012 2020-2023 2025
WY,Platte County,county,annual,7,,2005-2007 2009 2011 2016 2021 2023
WY,Powell,municipality,annual,7,,1999-2001 2006 2010-2012 2014 2021 2025
WY,Ranchester,municipality,annual,7,,2010 2025
WY,Rawlins,municipality,annual,7,,1998-2007 2009-2010 2021-2023
WY,Riverton,municipality,annual,7,,1998-2009 2011-2012 2014-2019 2021-2025
WY,Rock Springs,municipality,annual,7,,1999-2025
WY,Saratoga,municipality,annual,7,,1998-2001 2004-2005 2010 2018 2022-2023 2025
WY,Sheridan,municipality,annual,7,,1998 2000-2005 2008-2025
WY,Sheridan County,county,annual,7,,1998-2025
WY,Sinclair,municipality,annual,7,,2008
WY,Star Valley Ranch,municipality,annual,7,,2010-2011 2013 2025
WY,Sublette County,county,annual,7,,2001 2008-2015 2018 2020-2023
WY,Sundance,municipality,annual,7,,2010-2011 2022 2025
WY,Sweetwater County,county,annual,7,,1998-2021 2023-2025
WY,Ten Sleep,municipality,annual,7,,2010 2025
WY,Teton County,county,annual,7,,1998 2001-2025
WY,Thayne,municipality,annual,7,,2020
WY,Thermopolis,municipality,annual,7,,2003 2005-2006
WY,Torrington,municipality,annual,7,,1999-2002 2004-2007 2010-2012 2014 2016 2018 2020-2021 2024-2025
WY,Torrington Town,municipality,annual,7,,1998
WY,Uinta County,county,annual,7,,1998-2014 2019-2025
WY,Upton,municipality,annual,7,,2011 2024-2025
WY,Washakie County,county,annual,7,,2002-2014 2020-2025
WY,Weston County,county,annual,7,,1998 2000-2016 2020-2025
WY,Wheatland,municipality,annual,7,,2009 2019-2021 2025
WY,Worland,municipality,annual,7,,1999 2005-2009 2012-2013 2021 2025
WY,Wright,municipality,annual,7,,2013
WY,Yoder,municipality,annual,7,,2022
MD,Aberdeen,municipality,annual,7,,2001 2010-2012 2022-2025
MD,Accident,municipality,annual,7,,2009 2013 2020
MD,Allegany County,county,annual,7,,1998-2025
MD,Annapolis,municipality,annual,7,,1998-2019 2021-2025
MD,Anne Arundel County,county,annual,7,,1998-2025
MD,Baltimore,municipality,annual,7,,1998-2022 2024-2025
MD,Baltimore County,county,annual,7,,1998-2025
MD,Baltimore Development Corporation,municipality,annual,7,,2002-2005 2007-2010 2012-2015
MD,Berlin,municipality,annual,7,,1998-2004 2010-2014 2017 2023-2025
MD,Betterton,municipality,annual,7,,2018 2020
MD,Bowie,municipality,annual,7,,2003 2010-2012 2021
MD,Brunswick,municipality,annual,7,,2007
MD,Cambride,municipality,annual,7,,2001-2002
MD,Cambridge,municipality,annual,7,,1998 2003-2004 2007 2011-2013 2022-2025
MD,Capitol Heights,municipality,annual,7,,2002
MD,Cecil County,county,annual,7,,1998-2001 2003-2025
MD,Cecilton,municipality,annual,7,,2009
MD,Centreville,municipality,annual,7,,2003-2004 2010-2011
MD,Chesapeake Beach,municipality,annual,7,,2008-2009 2011 2014-2018 2022-2025
MD,Chesapeake City,municipality,annual,7,,2023
MD,Chestertown,municipality,annual,7,,2000 2003 2006-2007 2011
MD,College Park,municipality,annual,7,,2011 2021-2025
MD,Colmar Manor,municipality,annual,7,,2009-2010
MD,Crisfield,municipality,annual,7,,2007 2012-2014 2017 2024-2025
MD,Cumberland,municipality,annual,7,,1998-2025
MD,Delmar,municipality,annual,7,,1998
MD,Delmar Delaware -,municipality,annual,7,,2001
MD,Delmar Delaware-,municipality,annual,7,,1999-2000
MD,Denton,municipality,annual,7,,1999-2003 2005 2007 2009-2012
MD,Denton Town,municipality,annual,7,,1998
MD,Dorchester County,county,annual,7,,1999-2023
MD,East New Market,municipality,annual,7,,2005-2022
MD,Easton,municipality,annual,7,,1998-2000 2002 2005-2006 2008 2019 2021-2025
MD,Elkton,municipality,annual,7,,2002 2008-2009 2014 2020 2022-2025
MD,Emmitsburg,municipality,annual,7,,2006 2012-2013 2015
MD,Essex County,county,annual,7,,2025
MD,Federalsburg,municipality,annual,7,,1998
MD,Frederick,municipality,annual,7,,1998-2002 2004-2025
MD,Frederick County,county,annual,7,,1998-2025
MD,Frostburg,municipality,annual,7,,1998-2002 2006-2008 2010-2012 2014 2017 2022-2025
MD,Fruitland,municipality,annual,7,,2002-2003 2006 2012 2022
MD,Gaithersburg,municipality,annual,7,,1999 2002-2003 2005 2007-2015 2021-2024
MD,Galena,municipality,annual,7,,2017
MD,Grantsville,municipality,annual,7,,2024
MD,Greenbelt,municipality,annual,7,,2000-2025
MD,Greenbelt/green Ridge House,municipality,annual,7,,1998
MD,Greensboro,municipality,annual,7,,2011 2013 2016-2018
MD,Hagerstown,municipality,annual,7,,1998-2001 2004-2025
MD,Hampstead,municipality,annual,7,,2023
MD,Hancock,municipality,annual,7,,1998-1999
MD,Harford County,county,annual,7,,2005-2023 2025
MD,Havre De Grace,municipality,annual,7,,2008-2012 2022-2025
MD,Howard County,county,annual,7,,1998-2012 2015-2016 2018 2021-2023
MD,Hyattsville,municipality,annual,7,,2001 2010
MD,La Plata,municipality,annual,7,,2009-2012
MD,Laurel,municipality,annual,7,,2010 2021-2025
MD,Leonardtown,municipality,annual,7,,2015 2023
MD,Loch Lynn Heights,municipality,annual,7,,2009
MD,Lonaconing,municipality,annual,7,,1999-2001 2006-2007 2009-2017
MD,Manchester,municipality,annual,7,,2023-2025
MD,Millington,municipality,annual,7,,2006
MD,Montgomery County,county,annual,7,,1998-2025
MD,Mount Rainier,municipality,annual,7,,2012
MD,Mountain Lake Park,municipality,annual,7,,2006 2010
MD,Myersville,municipality,annual,7,,2022
MD,New Carrollton,municipality,annual,7,,2023-2025
MD,Newark,municipality,annual,1,,2023
MD,North East,municipality,annual,7,,2009-2010 2014
MD,Oakland,municipality,annual,7,,2000-2001 2010-2011 2013 2017-2018 2023-2024
MD,Oakland Town,municipality,annual,7,,1998
MD,Ocean City,municipality,annual,7,,1998-2022 2024-2025
MD,Oxford,municipality,annual,7,,2018-2020 2024
MD,Perryville,municipality,annual,7,,2008-2011 2025
MD,Pittsville,municipality,annual,7,,2025
MD,Pocomoke City,municipality,annual,7,,1998-2000 2002-2005 2010 2012 2019 2022-2024
MD,Poolesville,municipality,annual,7,,2004 2007
MD,Prince George's County,county,annual,7,,2000-2022 2024-2025
MD,Prince Georges County,county,annual,7,,1998-1999
MD,Princess Anne,municipality,annual,7,,1998-2001 2016
MD,Queen Anne's County,county,annual,7,,2002-2005 2007-2011 2013-2025
MD,Queen Annes County,county,annual,7,,1998-2001 2006 2012
MD,Queenstown,municipality,annual,7,,2016-2017
MD,Ridgely,municipality,annual,7,,2001-2002 2010 2018
MD,Rising Sun,municipality,annual,7,,2015-2019 2024
MD,Rock Hall,municipality,annual,7,,1998-1999 2024
MD,Rockville,municipality,annual,7,,1999-2014 2018 2020-2023 2025
MD,Rockville City,municipality,annual,7,,1998
MD,Salisbury,municipality,annual,7,,1999 2005-2025
MD,Seat Pleasant,municipality,annual,7,,2023
MD,Secretary,municipality,annual,7,,2023-2024
MD,Snow Hill,municipality,annual,7,,2004 2006 2012-2013 2025
MD,Somerset County,county,annual,7,,1998-1999 2001-2025
MD,St Mary's County,county,annual,7,,2007-2010
MD,St. Mary's County,county,annual,7,,2001-2006 2011-2017 2023 2025
MD,St. Marys County,county,annual,7,,1999-2000
MD,Sudlersville,municipality,annual,7,,2011 2014-2016
MD,Takoma Park,municipality,annual,7,,2010 2019-2020 2022-2025
MD,Talbot County,county,annual,7,,1998-2025
MD,Taneytown,municipality,annual,7,,1998-2000 2002 2009-2010 2012
MD,Thurmont,municipality,annual,7,,2024-2025
MD,Union Bridge,municipality,annual,7,,2002-2024
MD,University Park,municipality,annual,7,,2012
MD,Vienna,municipality,annual,7,,1998-1999
MD,Westernport,municipality,annual,7,,1998-1999 2009 2011 2014 2017-2018 2023
MD,Westminster,municipality,annual,7,,1998-2025
MD,Wicomico County,county,annual,7,,1999-2013 2015-2017 2019-2022
MD,Willards,municipality,annual,7,,2005 2008-2009 2014
MD,Williamsport,municipality,annual,7,,2010-2012
MD,Worcester County,county,annual,7,,1998-2007 2009-2015 2017-2024
PR,A?asco,municipality,annual,7,,2008-2009 2012-2020
PR,Adjuntas,municipality,annual,7,,1998-2000 2002-2024
PR,Aguada,municipality,annual,7,,1998-2011 2013 2015-2017 2024-2025
PR,Aguada- Jardines De Aguada 63-20-690660096,municipality,annual,7,,2010
PR,Aguada-Jardines De Aguada,municipality,annual,7,,2021-2022
PR,Aguada-Jardines De Aguada 60-7162654012,municipality,annual,7,,2016
PR,Aguada-Jardines De Aguada 63-20-690660096,municipality,annual,7,,2011
PR,Aguadilla,municipality,annual,7,,1999-2012 2014-2017 2022-2025
PR,Aguas Buenas,municipality,annual,1,,2006
PR,Aguas Buenas,municipality,annual,7,,2000-2005 2007-2025
PR,Aibonito,municipality,annual,7,,1998-2002 2004-2007 2009-2017 2020-2021 2023-2025
PR,Anasco,municipality,annual,7,,2000 2006-2007
PR,Añasco,municipality,annual,7,,2021-2024
PR,Arecibo,municipality,annual,7,,1998 2001-2013 2015-2025
PR,Arroyo,municipality,annual,7,,1998-2012 2014-2025
PR,Barceloneta,municipality,annual,7,,1999-2011 2013-2016 2018-2024
PR,Barceloneta,municipality,biennial,,,1998
PR,Barranquitas,municipality,annual,7,,2003-2021 2023-2025
PR,Bayamon,municipality,annual,7,,1998-2025
PR,Bayamon Ryan White Hiv / Aids Program Part C,municipality,annual,1,,2010-2011
PR,Bayamon Ryan White Hiv/aids Program Part C,municipality,annual,1,,2009 2012-2016
PR,Bayamon-Ryan White Iii Program,municipality,annual,1,,2006-2008
PR,Berceloneta,municipality,annual,7,,2012
PR,Cabo Rojo,municipality,annual,7,,1998-2009 2012-2025
PR,Caguas,municipality,annual,7,,1998 2002-2008
PR,Camuy,municipality,annual,7,,2000-2003 2005-2008 2019-2022
PR,Canovanas,municipality,annual,7,,1999 2001-2003 2005-2025
PR,Carolina,municipality,annual,7,,1998-2000 2002-2025
PR,Cata?o,municipality,annual,7,,2013 2019
PR,Catano,municipality,annual,7,,1998-2008 2010-2012 2014-2018 2020-2025
PR,Cayey,municipality,annual,7,,1998-2025
PR,Ceiba,municipality,annual,7,,1998-2023
PR,Ciales,municipality,annual,7,,1998-1999 2001-2023
PR,Cidra,municipality,annual,7,,1998-2019 2021-2024
PR,Coamo,municipality,annual,7,,2001-2022 2024
PR,Comerio,municipality,annual,7,,1998-2000 2002 2004-2024
PR,Corozal,municipality,annual,7,,2002 2004-2005 2007-2016 2020-2024
PR,Corozal,municipality,annual,8,,2017
PR,Culebra,municipality,annual,7,,1999 2001-2013 2015-2016 2022-2025
PR,Culebra-Ein Noted,municipality,annual,7,,2021
PR,Dorado,municipality,annual,7,,1999-2005 2007-2023
PR,Fajardo,municipality,annual,7,,2000-2025
PR,Florida,municipality,annual,7,,1998-2007 2009-2025
PR,Guanica,municipality,annual,7,,1998-2002 2005-2022
PR,Guayama,municipality,annual,7,,1998-2009 2011-2025
PR,Guayanilla,municipality,annual,7,,2000-2008 2010-2022
PR,Guaynabo,municipality,annual,7,,1998-2017 2019-2025
PR,Gurabo,municipality,annual,7,,1999-2015 2017-2024
PR,Hatillo,municipality,annual,7,,1999-2002 2005-2025
PR,Hatillo P.R,municipality,annual,7,,2003
PR,Hormigueros,municipality,annual,7,,1998-2025
PR,Humacao,municipality,annual,7,,2002 2004-2012
PR,Isabela,municipality,annual,7,,2003-2007 2009-2018 2020 2023-2025
PR,Jayuya,municipality,annual,7,,1998-2025
PR,Juana Diaz,municipality,annual,7,,2001-2009 2011-2025
PR,Juncos,municipality,annual,7,,1999-2015 2017-2019 2023-2025
PR,Lajas,municipality,annual,7,,1998-2000 2002-2024
PR,Lares,municipality,annual,7,,1998-1999 2001-2016 2018-2019 2021-2025
PR,Las Marias,municipality,annual,7,,1998-2004 2006-2007 2009-2011 2013-2022
PR,Las Piedras,municipality,annual,7,,1998-2024
PR,Loiza,municipality,annual,7,,2001-2002 2004-2012 2016 2022-2024
PR,Luquillo,municipality,annual,7,,2000-2002 2004-2025
PR,Manati,municipality,annual,7,,1998-1999 2001-2014 2016
PR,Mannati,municipality,annual,7,,2015
PR,Maricao,municipality,annual,7,,2000-2001 2004 2006-2010 2012 2014-2016 2018-2025
PR,Maunabo,municipality,annual,7,,2001-2007 2009-2025
PR,Mayaguez,municipality,annual,7,,1998-1999 2001-2012 2023-2025
PR,Moca,municipality,annual,7,,1999-2016 2018-2025
PR,Morovis,municipality,annual,7,,1998-2000 2002 2005-2017 2019-2024
PR,Naguabo,municipality,annual,7,,2001-2023
PR,Naguabo-Los Hucares I,municipality,annual,7,,2021-2022
PR,Naranjito,municipality,annual,7,,1998-1999 2001-2002 2006-2010 2014 2018-2025
PR,Orocovis,municipality,annual,7,,1998-2025
PR,Patillas,municipality,annual,7,,2001-2025
PR,Pe?uelas,municipality,annual,7,,2010-2014 2020
PR,Penuelas,municipality,annual,7,,1999 2001-2009 2015-2019 2021-2023
PR,Peñuelas,municipality,annual,7,,2024-2025
PR,Ponce,municipality,annual,7,,2000 2002-2004 2007-2008 2013 2015-2016 2018
PR,Ponce Commonwealth Of,municipality,annual,7,,2005-2006
PR,Quebradilas,municipality,annual,7,,1998-1999
PR,Quebradillas,municipality,annual,1,,2001 2004
PR,Quebradillas,municipality,annual,7,,2000 2002 2005-2025
PR,Rincon,municipality,annual,7,,1998-2017 2023-2025
PR,Rio Grande,municipality,annual,7,,2002 2004-2005 2007-2018 2020-2025
PR,Sabana Grande,municipality,annual,7,,1998-2003 2008-2017 2024-2025
PR,Salinas,municipality,annual,7,,1998-2025
PR,San German,municipality,annual,7,,1998-2014 2016-2025
PR,San Juan,municipality,annual,7,,1998-2012 2014-2025
PR,San Lorenzo,municipality,annual,7,,1998-2000 2002-2006 2008-2025
PR,San Sebastian,municipality,annual,7,,2000-2017 2019-2025
PR,San Sebastian Villa Soigal Project #63-19-69066,municipality,annual,7,,2002
PR,San Sebastian/villa Soigal Project 63-19-690660096,municipality,annual,7,,2000
PR,Santa Isabel,municipality,annual,7,,1999 2001-2003 2005-2024
PR,Toa Alta,municipality,annual,7,,1999 2001-2025
PR,Toa Baja,municipality,annual,7,,1998-2024
PR,Trujillo Alto,municipality,annual,7,,2002-2012 2014-2025
PR,Utuado,municipality,annual,7,,1998-2024
PR,Vega Alta,municipality,annual,7,,2002-2010 2012-2025
PR,Vega Baja,municipality,annual,7,,1999-2005 2007-2025
PR,Vieques,municipality,annual,7,,1998-2004 2006-2024
PR,Villalba,municipality,annual,7,,1998 2000-2004 2008-2010 2013-2021
PR,Yabucoa,municipality,annual,7,,1998-1999 2002 2005-2007 2009-2023 2025
PR,Yauco,municipality,annual,7,,1998-2000 2003-2004 2006-2007 2009-2024
CA,Adelanto,municipality,annual,7,,2019 2021 2023
CA,Agoura Hills,municipality,annual,7,,1999-2001 2005 2007 2009-2011 2021-2022 2024
CA,Alameda,municipality,annual,7,,1998-2025
CA,Albany,municipality,annual,7,,2000-2003 2009 2013 2015 2023-2025
CA,Alhambra,municipality,annual,7,,1999-2007 2009-2021 2023-2025
CA,Aliso Viejo,municipality,annual,7,,2009 2012 2020-2023
CA,Alturas,municipality,annual,7,,2000 2008 2012-2013 2017
CA,Amador City Amador City Bridge Replacement Program,municipality,annual,7,,2014
CA,American Canyon,municipality,annual,7,,2002-2003 2006 2008 2010 2015 2018-2019 2024-2025
CA,Anaheim,municipality,annual,7,,1998-2025
CA,Anderson,municipality,annual,7,,1998 2001-2004 2006-2012 2016
CA,Angels,municipality,annual,7,,2002-2003 2005-2007 2010-2011 2018 2022-2023
CA,Antioch,municipality,annual,7,,1998-2022 2025
CA,Apple Valley,municipality,annual,7,,1998-2022
CA,Arcadia,municipality,annual,7,,1998-2000 2004-2016 2020-2025
CA,Arcata,municipality,annual,7,,1998-2003 2005-2025
CA,Arroyo Grande,municipality,annual,7,,2000 2005 2011 2020-2024
CA,Artesia,municipality,annual,7,,1998 2000-2006 2013-2015
CA,Arvin,municipality,annual,7,,1998 2000-2001 2006 2008 2010-2015 2017 2020-2024
CA,Atascadero,municipality,annual,7,,1998-2000 2002-2015 2017-2018 2020-2025
CA,Atherton,municipality,annual,7,,2010
CA,Atwater,municipality,annual,7,,2000 2002-2012 2015 2017 2021-2024
CA,Auburn,municipality,annual,7,,2000 2002-2004 2007-2008 2010-2025
CA,Avalon,municipality,annual,7,,2000 2002 2016 2020 2022
CA,Avenal,municipality,annual,7,,2002-2005 2007-2012 2014 2016-2017 2019
CA,Azusa,municipality,annual,7,,1998-2022 2024
CA,Bakersfield,municipality,annual,7,,1998-2018 2020-2024
CA,Baldwin Park,municipality,annual,7,,1998 2000-2025
CA,Banning,municipality,annual,7,,1998-1999 2001-2002 2004-2005 2007 2009-2012 2014 2021-2024
CA,Barstow,municipality,annual,7,,1998-2004 2007-2025
CA,Beaumont,municipality,annual,7,,2000-2001 2003 2010 2018-2021 2024
CA,Bell,municipality,annual,7,,1999-2017 2021-2024
CA,Bell City,municipality,annual,7,,1998
CA,Bell Gardens,municipality,annual,7,,1998-2000 2003-2006 2008-2017 2019 2021-2025
CA,Bellflower,municipality,annual,7,,1998-2002 2004-2008 2010-2019 2021-2025
CA,Bellfower,municipality,annual,7,,2009 2020
CA,Belmont,municipality,annual,7,,1999-2001 2004 2010-2012 2022
CA,Belvedere,municipality,annual,7,,2001
CA,Benicia,municipality,annual,7,,1999-2008 2010-2012 2015 2021-2022 2024
CA,Benicia City,municipality,annual,7,,1998
CA,Berkeley,municipality,annual,7,,1998-2022 2024
CA,Beverly Hills,municipality,annual,7,,1998-2002 2007 2009-2016 2018-2019 2021-2022 2024-2025
CA,Big Bear Lake,municipality,annual,7,,2001-2002 2006 2008 2010-2015 2017-2020 2022
CA,Biggs,municipality,annual,7,,2001 2007 2009 2014-2015 2017 2021
CA,Bishop,municipality,annual,7,,2007-2008
CA,Blue Lake,municipality,annual,7,,2009
CA,Blythe,municipality,annual,7,,1999-2001 2004-2007 2012 2014-2015 2025
CA,Brawley,municipality,annual,7,,1999-2018 2022-2024
CA,Brawley City,municipality,annual,7,,1998
CA,Brea,municipality,annual,7,,1998-2021 2023-2024
CA,Brentwood,municipality,annual,7,,1998-1999 2003-2005 2008 2010 2013 2020-2021
CA,Brisbane,municipality,annual,7,,2006-2008 2011-2012
CA,Buellton,municipality,annual,7,,2024
CA,Buena Park,municipality,annual,7,,1998-2025
CA,Burbank,municipality,annual,7,,1998-2004 2006-2025
CA,Burlingame,municipality,annual,7,,2001-2002 2010 2012 2018 2021-2022 2025
CA,Calabasas,municipality,annual,7,,1998-2000 2002-2008 2010 2013 2022
CA,Calexico,municipality,annual,7,,1998-2017 2019 2021-2025
CA,California City,municipality,annual,7,,2000 2003-2005 2008 2010-2013 2015-2016 2022 2024
CA,Calipatria,municipality,annual,7,,2005 2009-2012 2015 2018
CA,Calistoga,municipality,annual,7,,2005 2008-2010 2013-2014 2018-2020
CA,Camarillo,municipality,annual,7,,1998-2003 2005-2020 2022-2025
CA,Campbell,municipality,annual,7,,1998-2005 2010-2013 2015-2017 2020-2021 2023-2024
CA,Canyon Lake,municipality,annual,7,,2024
CA,Capitola,municipality,annual,7,,1998-2000 2010-2012 2022 2024
CA,Carlsbad,municipality,annual,7,,1998-2015 2017-2025
CA,Carmel-By-The-Sea,municipality,annual,7,,1999
CA,Carpinteria,municipality,annual,7,,1998 2001 2011 2022 2025
CA,Carson,municipality,annual,7,,1998-2025
CA,Cathedral City,municipality,annual,7,,1998-2000 2002-2006 2008-2025
CA,Ceres,municipality,annual,7,,1998 2001-2002 2004-2005 2007-2020 2022-2024
CA,Cerritos,municipality,annual,7,,2000 2002-2003 2007 2010-2011 2013 2015 2021-2022
CA,Chico,municipality,annual,7,,1999-2025
CA,Chico City,municipality,annual,7,,1998
CA,Chino,municipality,annual,7,,1998-2015 2017 2019-2022 2024
CA,Chino Hills,municipality,annual,7,,2006-2007 2010 2012-2013 2015-2019 2021-2025
CA,Chowchilla,municipality,annual,7,,1998 2000-2001 2004 2006-2013 2020 2022-2024
CA,Chula Vista,municipality,annual,7,,2000-2002 2004-2025
CA,Chula Vista City,municipality,annual,7,,1998-1999
CA,Citrus Heights,municipality,annual,7,,1999-2025
CA,Claremont,municipality,annual,7,,1998-2001 2003 2006-2015 2021-2022
CA,Clayton,municipality,annual,7,,2003 2022
CA,Clearlake,municipality,annual,7,,1998-2004 2007-2008 2010 2014 2022-2024
CA,Cloverdale,municipality,annual,7,,2004 2010-2011 2014-2015 2020
CA,Cloverdale City,municipality,annual,7,,2003
CA,Clovis,municipality,annual,7,,1998-2022 2025
CA,Coachella,municipality,annual,7,,1998 2001 2003-2004 2006-2020 2023-2025
CA,Coalinga,municipality,annual,7,,1998 2000-2001 2007 2011 2015-2018 2020-2024
CA,Colfax,municipality,annual,7,,2001-2003 2010-2013 2020 2024-2025
CA,Colma,municipality,annual,7,,2021
CA,Colton,municipality,annual,7,,1998-2025
CA,Colusa,municipality,annual,7,,1999 2001 2006 2008 2011-2025
CA,Colusa City,municipality,annual,7,,1998
CA,Commerce,municipality,annual,7,,1998-2000 2002-2004 2009-2015 2019 2021-2022 2024-2025
CA,Commerce,municipality,biennial,,,2007
CA,Comption,municipality,annual,7,,2012
CA,Compton,municipality,annual,7,,1998 2000-2001 2003 2005-2011 2013 2018-2021 2023-2024
CA,Concord,municipality,annual,7,,1998-2025
CA,Corcoran,municipality,annual,7,,1998-2004 2006-2012 2014-2015 2020-2024
CA,Corning,municipality,annual,7,,1998-2002 2005-2007 2010 2016-2017
CA,Corona,municipality,annual,7,,1998 2000-2025
CA,Coronado,municipality,annual,7,,2003-2011 2021-2023
CA,Corte Madera,municipality,annual,7,,2022
CA,Costa Mesa,municipality,annual,7,,1998-2025
CA,Cotati,municipality,annual,7,,2002 2008 2010 2014 2016 2022 2024
CA,Covina,municipality,annual,7,,2000-2016 2018-2019 2021-2025
CA,Covina City,municipality,annual,7,,1998-1999
CA,Crescent City,municipality,annual,7,,1998 2000-2006 2009-2022 2025
CA,Cudahy,municipality,annual,7,,1998-2000 2003-2004 2007-2009 2011 2016 2020 2022-2023
CA,Culver City,municipality,annual,7,,1998-2024
CA,Cupertino,municipality,annual,7,,1999-2007 2009-2013 2015 2021-2025
CA,Cypress,municipality,annual,7,,2001 2003-2008 2010-2013 2017 2020-2022 2025
CA,Daly City,municipality,annual,7,,1998-2025
CA,Dana Point,municipality,annual,7,,2000 2002-2004 2007 2010 2012-2013 2021-2022
CA,Dana Point City,municipality,annual,7,,1999
CA,Danville,municipality,annual,7,,2001 2003 2007-2012 2017 2022-2025
CA,Davis,municipality,annual,7,,1999-2023
CA,Del Mar,municipality,annual,7,,2001 2008-2009 2011-2014 2024-2025
CA,Del Rey Oaks,municipality,annual,7,,2001
CA,Delano,municipality,annual,1,,2008
CA,Delano,municipality,annual,7,,1998-2007 2009-2025
CA,Desert Hot Springs,municipality,annual,7,,1998-1999 2001-2002 2005-2006 2008-2013 2022 2024
CA,Diamond Bar,municipality,annual,7,,1998-2000 2002-2004 2006-2013 2015-2016 2021-2025
CA,Dinuba,municipality,annual,7,,2000-2001 2003-2022 2024
CA,Dinuba City,municipality,annual,7,,1999
CA,Dixon,municipality,annual,7,,1999-2003 2005-2007 2010-2017 2019-2025
CA,Dorris,municipality,annual,7,,2018 2022
CA,Dos Palos,municipality,annual,7,,2022
CA,Downey,municipality,annual,7,,1998-2025
CA,Duarte,municipality,annual,7,,1998-1999 2001 2003 2007 2011 2022-2023
CA,Dublin,municipality,annual,7,,2002-2003 2005 2010 2012-2013 2022
CA,Dunsmuir,municipality,annual,7,,2006-2009 2012-2014 2016 2021-2023
CA,East Palo Alto,municipality,annual,7,,1999-2004 2006 2008-2015 2017-2019 2021-2024
CA,East Palo Alto City,municipality,annual,7,,1998
CA,Eastvale,municipality,annual,7,,2021-2022
CA,El Cajon,municipality,annual,7,,1999-2019 2021-2025
CA,El Cajon City,municipality,annual,7,,1998
CA,El Centro,municipality,annual,7,,1998-2002 2004-2023
CA,El Cerrito,municipality,annual,7,,2004-2005 2010-2014 2018-2019 2021-2022 2025
CA,El Monte,municipality,annual,7,,1998-2012 2014-2024
CA,El Paso De Robles,municipality,annual,7,,1998-2000 2002-2009 2011-2015 2017 2019-2025
CA,El Segundo,municipality,annual,7,,1998 2022-2023
CA,El Segundo,municipality,annual,10,,1999-2015 2019-2020
CA,Elk Grove,municipality,annual,7,,2003-2025
CA,Elmonte,municipality,annual,7,,2013
CA,Emeryville,municipality,annual,7,,1998-2001 2003-2005 2008-2013 2016 2022
CA,Encinitas,municipality,annual,7,,1998-1999 2001-2012 2014-2025
CA,Escalon,municipality,annual,7,,2000-2001 2008
CA,Escondido,municipality,annual,7,,1998-2024
CA,Etna,municipality,annual,7,,2007-2008
CA,Eureka,municipality,annual,7,,1998-2018 2020-2021 2023-2025
CA,Exeter,municipality,annual,7,,2001-2002 2004-2005 2007-2010 2014 2016 2018-2019 2021
CA,Fairfax,municipality,annual,7,,2011 2018
CA,Fairfield,municipality,annual,7,,1998-2025
CA,Farmersville,municipality,annual,7,,1999-2003 2005-2006 2008-2013 2015-2022
CA,Farmersville City,municipality,annual,7,,1998
CA,Ferndale,municipality,annual,7,,2001 2003 2011-2012
CA,Fillmore,municipality,annual,7,,1998-2001 2006-2007 2009
CA,Firebaugh,municipality,annual,7,,1998-2001 2007-2011 2014-2015 2018 2021-2023 2025
CA,Folsom,municipality,annual,7,,1998 2000-2001 2003-2005 2008-2022 2024
CA,Fontana,municipality,annual,7,,1998-2025
CA,Fort Bragg,municipality,annual,7,,1998-2002 2005-2006 2008-2011 2013-2023 2025
CA,Fortuna,municipality,annual,7,,2004-2005 2007-2008 2011 2017 2020 2023
CA,Foster City,municipality,annual,7,,2013 2022
CA,Fountain Valley,municipality,annual,7,,2000-2004 2008-2013 2015 2017 2020-2023
CA,Fowler,municipality,annual,7,,1999-2002 2004 2020 2022
CA,Fremont,municipality,annual,7,,1999-2025
CA,Fresno,municipality,annual,7,,1998-2025
CA,Fullerton,municipality,annual,7,,1999-2025
CA,Galt,municipality,annual,7,,2002 2004-2013 2015-2016 2018-2019 2025
CA,Garden Grove,municipality,annual,7,,1998-2025
CA,Gardena,municipality,annual,7,,1998 2001-2025
CA,Gilroy,municipality,annual,7,,1998 2000-2016 2018-2024
CA,Glendale,municipality,annual,7,,1998-2025
CA,Glendora,municipality,annual,7,,2000-2019 2021-2022 2024
CA,Glendora City,municipality,annual,7,,1998
CA,Goleta,municipality,annual,7,,2005-2006 2008-2016 2021 2023-2025
CA,Gonzales,municipality,annual,7,,2006-2007 2009 2015 2022-2023
CA,Grand Terrace,municipality,annual,7,,2023
CA,Grass Valley,municipality,annual,7,,1998-2005 2007-2024
CA,Greenfield,municipality,annual,7,,2004-2006 2009-2010 2017
CA,Gridley,municipality,annual,7,,1998-2005 2007-2012 2014-2025
CA,Grover Beach,municipality,annual,7,,2002 2004-2005 2007 2010 2013 2017 2019-2020 2022-2025
CA,Guadalupe,municipality,annual,7,,2006-2011 2020-2021
CA,Gustine,municipality,annual,7,,1999-2000 2012 2021
CA,Half Moon Bay,municipality,annual,7,,2013 2024-2025
CA,Hanford,municipality,annual,7,,2003-2025
CA,Hanford City,municipality,annual,7,,1998
CA,Hawaiian Gardens,municipality,annual,7,,1998-2025
CA,Hawthorne,municipality,annual,7,,1998-2017 2019-2025
CA,Hayward,municipality,annual,7,,1998-2024
CA,Healdsburg,municipality,annual,7,,2009-2011 2013-2016 2022 2024
CA,Heladsburg,municipality,annual,7,,2012
CA,Hemet,municipality,annual,7,,1998-2024
CA,Hercules,municipality,annual,7,,2002 2008 2010 2014-2018 2023
CA,Hermosa Beach,municipality,annual,7,,2002 2004 2009-2011 2022 2025
CA,Hesperia,municipality,annual,7,,2001-2017 2020-2023 2025
CA,Highland,municipality,annual,7,,1998-2025
CA,Hillsborough,municipality,annual,7,,2012
CA,Hollister,municipality,annual,7,,1998-2002 2005-2006 2011-2022
CA,Holtville,municipality,annual,7,,1998 2000-2002 2004-2005 2008 2010-2018 2021-2024
CA,Hughson,municipality,annual,7,,1998-2003 2006 2010-2013 2023
CA,Huntington Beach,municipality,annual,7,,2018-2025
CA,Huntington Beach,municipality,annual,10,,1998-2017
CA,Huntington Park,municipality,annual,7,,1998-2025
CA,Huron,municipality,annual,7,,2001-2003 2006-2009 2015-2016 2019-2021
CA,Huron City,municipality,annual,7,,1998-2000
CA,Imperial,municipality,annual,7,,2004 2007-2008 2011-2012 2014 2016 2018-2019
CA,Imperial Beach,municipality,annual,7,,2002-2003 2014 2021-2022
CA,Indian Wells,municipality,annual,7,,2003-2005 2022
CA,Indio,municipality,annual,7,,1998 2005 2010-2025
CA,Inglewood,municipality,annual,10,,1998-2025
CA,Ione,municipality,annual,7,,2008 2010
CA,Irvine,municipality,annual,7,,1998-2025
CA,Irwindale,municipality,annual,7,,2010 2012 2015 2025
CA,Isleton,municipality,annual,7,,2005
CA,Jackson,municipality,annual,7,,1998 2001-2002 2005-2008 2010-2025
CA,Jurupa Valley,municipality,annual,7,,2020-2022
CA,Kerman,municipality,annual,7,,1998-1999 2001-2004 2006-2007 2010-2011 2013-2014 2018 2021 2023 2025
CA,King,municipality,annual,7,,2000 2002
CA,King City,municipality,annual,7,,1998 2004 2008-2012 2022-2024
CA,Kingsburg,municipality,annual,7,,2000 2006 2011-2017 2022-2024
CA,La Canada Flintridge,municipality,annual,7,,2009-2012
CA,La Cañada Flintridge,municipality,annual,7,,2023
CA,La Habra,municipality,annual,7,,1998 2000 2002-2024
CA,La Habra Heights,municipality,annual,7,,2008 2010
CA,La Mesa,municipality,annual,7,,2001-2023 2025
CA,La Mesa City,municipality,annual,7,,1998-2000
CA,La Mirada,municipality,annual,7,,1998 2000-2001 2005-2008 2010-2012 2014-2015 2021-2024
CA,La Palma,municipality,annual,7,,2017 2021-2022 2025
CA,La Puente,municipality,annual,7,,1998 2000-2013 2016 2018 2021-2024
CA,La Quinta,municipality,annual,7,,2005 2008-2021 2023-2025
CA,La Quinta City,municipality,annual,7,,1998
CA,La Verne,municipality,annual,7,,1998-2003 2005 2007-2018 2020-2022 2024
CA,Lafayette,municipality,annual,7,,2000-2001 2003-2004 2006 2009-2010 2012-2013 2015 2022
CA,Laguna Beach,municipality,annual,7,,1998-2001 2003-2004 2006-2009 2011 2022-2023
CA,Laguna Hills,municipality,annual,7,,2001-2002 2004 2009-2013 2022-2023
CA,Laguna Niguel,municipality,annual,7,,1999-2005 2007-2008 2010-2011 2013 2015-2016 2018 2021-2025
CA,Laguna Woods,municipality,annual,7,,2005 2010 2013 2022
CA,Lake Elsinore,municipality,annual,7,,1998-1999 2001-2003 2008 2010 2012-2014 2017 2020-2025
CA,Lake Forest,municipality,annual,7,,1998 2000-2003 2006-2013 2015 2017 2020-2025
CA,Lakeport,municipality,annual,7,,2011 2017-2020 2022 2025
CA,Lakewood,municipality,annual,7,,1998-2018 2021-2024
CA,Lancaster,municipality,annual,7,,1999-2025
CA,Lancaster City,municipality,annual,7,,1998
CA,Larkspur,municipality,annual,7,,2003 2010-2015 2018-2022 2024
CA,Lathrop,municipality,annual,7,,2001 2010-2013 2015 2021-2022
CA,Lawndale,municipality,annual,7,,1998-2012 2014-2015 2018
CA,Lemon Grove,municipality,annual,7,,2004-2005 2021
CA,Lemoore,municipality,annual,7,,2000-2004 2006-2007 2010-2014 2018 2022-2023
CA,Lincoln,municipality,annual,7,,2001 2003 2005-2025
CA,Lindsay,municipality,annual,7,,1998-2013 2024
CA,Live Oak,municipality,annual,7,,1999-2005 2008-2025
CA,Livermore,municipality,annual,7,,1999-2024
CA,Livingston,municipality,annual,7,,1998 2002-2005 2009-2011 2016-2017 2019-2020 2022-2025
CA,Lodi,municipality,annual,7,,1998-2022
CA,Loma Linda,municipality,annual,7,,2002-2003 2006 2008-2012 2015 2021-2022
CA,Lomita,municipality,annual,7,,2000-2012 2021-2022 2025
CA,Lompoc,municipality,annual,7,,1998 2001-2025
CA,Long Beach,municipality,annual,10,,2000-2015 2017-2025
CA,Loomis,municipality,annual,7,,2004 2021
CA,Los Alamitos,municipality,annual,7,,2001 2003 2005-2006 2022
CA,Los Altos,municipality,annual,7,,2002 2008 2010 2014 2016-2017 2022
CA,Los Altos Hills,municipality,annual,7,,2013
CA,Los Angeles,municipality,annual,7,,1998-2025
CA,Los Angeles Harbor Deptartment,municipality,annual,7,,1998
CA,Los Banos,municipality,annual,7,,1998 2003-2014 2022 2024
CA,Los Gatos,municipality,annual,7,,1998-2003 2008 2010-2013 2015 2021-2025
CA,Losaltos,municipality,annual,7,,2005
CA,Loyalton,municipality,annual,7,,2005-2006 2010-2011 2015
CA,Lynwood,municipality,annual,7,,1998-2015 2017-2025
CA,Madera,municipality,annual,7,,1998-2011 2013-2025
CA,Malibu,municipality,annual,7,,1998-2000 2003 2005-2008 2010 2015 2017 2020-2021 2023 2025
CA,Mammoth Lakes,municipality,annual,7,,1999-2002 2005-2025
CA,Manhattan Beach,municipality,annual,7,,2010 2012-2013 2015 2017 2019 2021-2023 2025
CA,Mante,municipality,annual,7,,1998-1999 2001-2025
CA,Maricopa,municipality,annual,7,,2017
CA,Marina,municipality,annual,7,,1998 2002 2004 2008-2015 2017-2020 2022-2023
CA,Martinez,municipality,annual,7,,1998-1999 2001 2006 2009-2011 2025
CA,Marysville,municipality,annual,7,,1999-2003 2006-2007 2010 2012-2013 2015 2019 2021-2023
CA,Marysville City,municipality,annual,7,,1998
CA,Maywood,municipality,annual,7,,1998-2005 2007 2010 2013-2014 2019
CA,Mcfarland,municipality,annual,7,,2011-2012 2014-2025
CA,Mendota,municipality,annual,7,,1998-2000 2002 2004 2006 2011-2014 2021-2023 2025
CA,Menifee,municipality,annual,7,,2017 2019-2022 2024-2025
CA,Menlo Park,municipality,annual,7,,1998-2006 2008 2010 2012-2013 2015 2017 2021-2022 2024-2025
CA,Merced,municipality,annual,7,,1998-2024
CA,Mill Valley,municipality,annual,7,,2011 2015
CA,Millbrae,municipality,annual,7,,2002 2010-2011 2013 2021-2022
CA,Milpitas,municipality,annual,7,,1998-2016 2019-2025
CA,Mission Viejo,municipality,annual,7,,1998-2015 2017-2018 2020-2025
CA,Modesto,municipality,annual,7,,1998-2025
CA,Monrovia,municipality,annual,7,,1999-2025
CA,Montague,municipality,annual,7,,2001-2003 2006-2007 2014-2015
CA,Montclair,municipality,annual,7,,1998-2008 2010-2016 2021-2024
CA,Montebello,municipality,annual,7,,2000-2024
CA,Montebello City,municipality,annual,7,,1998-1999
CA,Monterey,municipality,annual,7,,1998-2004 2006-2025
CA,Monterey Park,municipality,annual,7,,1998-2025
CA,Moorpark,municipality,annual,7,,2000 2002 2004 2006-2008 2011 2017-2018 2020-2022 2024
CA,Moraga,municipality,annual,7,,2002-2003 2009 2014 2017-2022
CA,Moraga,municipality,biennial,,,1999
CA,Moraga Town,municipality,annual,7,,1998
CA,Moreno Valley,municipality,annual,7,,1998-2025
CA,Morgan Hill,municipality,annual,7,,2006-2014 2017-2019 2021-2023
CA,Morgan Hill City,municipality,annual,7,,1998
CA,Morro Bay,municipality,annual,7,,1998 2000 2003 2007-2008 2011-2013 2015 2020-2024
CA,Mount Shasta,municipality,annual,7,,2017 2020 2022
CA,Mountain View,municipality,annual,7,,2000-2023 2025
CA,Mountain View City,municipality,annual,7,,1998-1999
CA,Mt Shasta,municipality,annual,7,,2023-2024
CA,Mt. Shasta,municipality,annual,7,,2002-2003 2006
CA,Murrieta,municipality,annual,7,,1999 2001-2002 2004-2012 2014-2025
CA,Murrieta City,municipality,annual,7,,1998
CA,Napa,municipality,annual,7,,1998-2025
CA,National City,municipality,annual,7,,1998-2009 2011-2017 2019-2024
CA,Needles,municipality,annual,7,,1998 2000 2018 2023
CA,Nevada City,municipality,annual,7,,1998 2006-2008 2011-2012 2014-2015 2024
CA,Newark,municipality,annual,7,,1999 2001-2004 2011 2013-2014 2022-2025
CA,Newman,municipality,annual,7,,1998 2000-2003 2006 2011 2022 2024
CA,Newport Beach,municipality,annual,7,,1998 2000-2025
CA,Norco,municipality,annual,7,,1998-2003 2005 2008-2010 2012 2022-2023 2025
CA,Norwalk,municipality,annual,7,,1998-2025
CA,Novato,municipality,annual,7,,2001 2004 2006-2007 2011-2015 2017 2019-2025
CA,Oakdale,municipality,annual,7,,2000 2003-2016 2018-2019 2021-2022 2024
CA,Oakland,municipality,annual,7,,1998-2025
CA,Oakley,municipality,annual,7,,2001-2003 2010 2016 2018 2021 2024-2025
CA,Oceanside,municipality,annual,7,,1998 2000-2025
CA,Ojai,municipality,annual,7,,2005-2007 2010 2012-2014 2021-2023
CA,Ontario,municipality,annual,7,,1999-2022 2024-2025
CA,Ontario City,municipality,annual,7,,1998
CA,Orange,municipality,annual,7,,1998-2025
CA,Orange Cove,municipality,annual,7,,1998 2000-2001 2004 2006 2010-2011 2014-2017 2022-2023
CA,Orinda,municipality,annual,7,,1998-1999 2002-2003 2008 2013-2014 2017 2020 2024
CA,Orland,municipality,annual,7,,1998-2000 2008 2010-2011 2014 2023-2024
CA,Oroville,municipality,annual,7,,1998-2024
CA,Oxnard,municipality,annual,7,,1998-2025
CA,Pacifi,municipality,annual,7,,1998-2003 2007-2011 2013-2015 2018-2019 2021-2024
CA,Pacific Grove,municipality,annual,7,,2002 2010 2022-2023 2025
CA,Pacifica,municipality,annual,7,,2012
CA,Palm Desert,municipality,annual,7,,1998 2001-2003 2005 2007 2009-2015 2021-2022 2024-2025
CA,Palm Springs,municipality,annual,7,,1999-2023 2025
CA,Palm Springs City,municipality,annual,7,,1998
CA,Palmdale,municipality,annual,7,,1998-2018 2020-2024
CA,Palo Alto,municipality,annual,7,,1998-2025
CA,Palos Verdes Estates,municipality,annual,7,,2002 2010
CA,Paradise,municipality,annual,7,,2000-2001 2003 2006-2016 2018-2024
CA,Paramount,municipality,annual,7,,1998-2016 2018-2025
CA,Parlier,municipality,annual,7,,1999 2009-2016 2018-2023
CA,Pasadena,municipality,annual,7,,1998-2025
CA,Paso Robles,municipality,annual,7,,2010
CA,Patterson,municipality,annual,7,,1998-2004 2011 2014 2016-2025
CA,Perris,municipality,annual,7,,1998-2004 2008-2025
CA,Petaluma,municipality,annual,7,,1998-2022 2024
CA,Pico Rivera,municipality,annual,7,,1999-2025
CA,Piedmont,municipality,annual,7,,1998
CA,Pinole,municipality,annual,7,,2001 2004 2010 2012 2015 2017 2022-2023
CA,Pismo Beach,municipality,annual,7,,1999 2003-2004 2006-2007 2011 2019-2022 2024
CA,Pittsburg,municipality,annual,7,,1998-2024
CA,Placenita,municipality,annual,7,,2010 2022
CA,Placentia,municipality,annual,7,,1998 2000-2004 2006 2008-2009 2011-2012 2015 2018 2021 2023-2024
CA,Placerville,municipality,annual,7,,2006 2008-2025
CA,Pleasant Hill,municipality,annual,7,,1998 2002-2003 2007 2009-2010 2012-2018 2020 2022-2025
CA,Pleasanton,municipality,annual,7,,1998-2018 2021-2025
CA,Plymouth,municipality,annual,7,,2000 2010-2011 2016-2019
CA,Point Arena,municipality,annual,7,,2007
CA,Pomona,municipality,annual,7,,1998-2022 2024
CA,Porterville,municipality,annual,7,,1998-2003 2005-2024
CA,Portola,municipality,annual,7,,2003
CA,Portola Valley,municipality,annual,7,,1999-2000
CA,Poway,municipality,annual,7,,1998 2000-2006 2008 2010-2011 2021-2022
CA,Ranch Santa Margarita,municipality,annual,7,,2020
CA,Rancho Cordova,municipality,annual,7,,2007-2025
CA,Rancho Cucamonga,municipality,annual,7,,2000-2025
CA,Rancho Cucamonga City,municipality,annual,7,,1998-1999
CA,Rancho Mirage,municipality,annual,7,,2011 2013 2015 2018 2021-2023
CA,Rancho Palos Verdes,municipality,annual,7,,1998 2001 2005 2008 2010 2014 2018 2022-2023
CA,Rancho Santa Margarita,municipality,annual,7,,2005 2007 2009-2011 2013 2015 2021-2024
CA,Red Bluff,municipality,annual,7,,1998-2004 2007-2009 2011 2017 2022 2025
CA,Redding,municipality,annual,7,,1998-2006 2008-2025
CA,Redlands,municipality,annual,7,,1998-2019 2021-2025
CA,Redondo Beach,municipality,annual,7,,1999-2024
CA,Redondo Beach City,municipality,annual,7,,1998
CA,Redwood City,municipality,annual,7,,1998-2025
CA,Reedley,municipality,annual,7,,2003 2011-2019 2021-2024
CA,Rialto,municipality,annual,7,,1998-2025
CA,Richmond,municipality,annual,7,,1998-2001 2004-2021 2023 2025
CA,Ridgecrest,municipality,annual,7,,1998-1999 2001-2004 2007-2017 2020-2021 2023-2024
CA,Rio Dell,municipality,annual,7,,1998 2006-2014
CA,Rio Vista,municipality,annual,7,,1998-1999 2001 2003 2010 2015 2022-2024
CA,Ripon,municipality,annual,7,,2001 2007-2008 2011 2013 2015 2018-2020 2022
CA,Riverbank,municipality,annual,7,,1998 2000-2002 2004-2005 2007 2011-2014 2024-2025
CA,Riverside,municipality,annual,7,,2000-2025
CA,Riverside City,municipality,annual,7,,1998-1999
CA,Rocklin,municipality,annual,7,,2001-2003 2006-2011 2013-2016 2020-2025
CA,Rohnert Park,municipality,annual,7,,2003-2004 2008-2010 2013 2016 2021-2023
CA,Rolling Hills,municipality,annual,7,,2025
CA,Rolling Hills Estates,municipality,annual,7,,2014
CA,Rosemead,municipality,annual,7,,1998-2025
CA,Roseville,municipality,annual,7,,1998-2012 2014-2025
CA,Ross,municipality,annual,7,,2011
CA,Sacramento,municipality,annual,7,,1998-2025
CA,Saint Helena,municipality,annual,7,,2025
CA,Salinas,municipality,annual,7,,1998-2025
CA,San Anselmo,municipality,annual,7,,2002 2004 2007-2010 2013 2017 2022
CA,San Bernardino,municipality,annual,7,,1998-2024
CA,San Bruno,municipality,annual,7,,1999-2008 2010-2013 2019 2021-2022 2024
CA,San Bruno City,municipality,annual,7,,1998
CA,San Buenaventura,municipality,annual,7,,1998-2025
CA,San Carlos,municipality,annual,7,,2003-2004 2014-2016 2021
CA,San Clemente,municipality,annual,7,,1999-2001 2004 2006-2012 2014 2016-2017 2021-2022 2025
CA,San Clemente City,municipality,annual,7,,1998
CA,San Diego,municipality,annual,7,,1998-2025
CA,San Dimas,municipality,annual,7,,1998-2004 2006-2008 2010-2011 2015-2016 2022
CA,San Fernando,municipality,annual,7,,1998-2014 2017-2018 2021-2025
CA,San Francisco,municipality,annual,7,,2000-2025
CA,San Gabriel,municipality,annual,7,,1999-2013 2015 2018 2021-2023 2025
CA,San Gabriel City,municipality,annual,7,,1998
CA,San Jacinto,municipality,annual,7,,1998 2001-2005 2008-2010 2021-2022 2024-2025
CA,San Joaquin,municipality,annual,7,,1998-2001 2004 2008 2011-2012 2022-2023
CA,San Jose,municipality,annual,7,,1998-2025
CA,San Juan Bautista,municipality,annual,7,,2024-2025
CA,San Juan Capistrano,municipality,annual,7,,1998 2000 2003-2004 2009 2011-2014 2022
CA,San Leandro,municipality,annual,7,,1998-2025
CA,San Luis Obispo,municipality,annual,7,,1998-2022 2024-2025
CA,San Marcos,municipality,annual,7,,2000-2006 2008-2025
CA,San Marino,municipality,annual,7,,2004 2011 2013-2014 2024
CA,San Mateo,municipality,annual,7,,1998-2018 2020-2025
CA,San Pablo,municipality,annual,7,,1999-2004 2007 2010-2013 2015 2018-2019 2021-2023
CA,San Pablo City,municipality,annual,7,,1998
CA,San Rafael,municipality,annual,7,,1998 2001 2003 2005-2006 2008-2019 2022-2023
CA,San Ramon,municipality,annual,7,,1998 2001 2003 2009-2010 2015 2021 2024
CA,Sanger,municipality,annual,7,,1998-2001 2003-2007 2009-2011 2013 2015-2024
CA,Sanger,municipality,biennial,,,2002
CA,Santa Ana,municipality,annual,7,,1998-2025
CA,Santa Barbara,municipality,annual,7,,1998-2025
CA,Santa Clara,municipality,annual,7,,1998-2025
CA,Santa Clarita,municipality,annual,7,,2000-2025
CA,Santa Clarita City,municipality,annual,7,,1998-1999
CA,Santa Cruz,municipality,annual,7,,1998 2000-2015 2019-2025
CA,Santa Cruz City,municipality,annual,7,,1999
CA,Santa Fe Springs,municipality,annual,7,,1999-2016 2019 2021 2023-2024
CA,Santa Maria,municipality,annual,7,,1998-2020 2022-2024
CA,Santa Moni,municipality,annual,7,,2003-2012 2014-2025
CA,Santa Monica,municipality,annual,7,,1998-2002 2013
CA,Santa Paula,municipality,annual,7,,1998-2004 2006 2008 2010-2014 2017-2018 2021-2022
CA,Santa Rosa,municipality,annual,7,,1999-2025
CA,Santa Rosa City,municipality,annual,7,,1998
CA,Santee,municipality,annual,7,,1999 2001-2015 2017 2019-2023
CA,Santee City,municipality,annual,7,,1998
CA,Saratoga,municipality,annual,7,,1998-2000 2010-2015 2017-2019 2025
CA,Sausalito,municipality,annual,7,,1998 2003 2022
CA,Scotts Valley,municipality,annual,7,,1998-1999 2004 2024
CA,Seal Beach,municipality,annual,7,,2001 2004-2007 2012 2021-2022 2025
CA,Seaside,municipality,annual,7,,2000 2002-2019 2021-2025
CA,Seaside,municipality,annual,10,,2001
CA,Sebastopol,municipality,annual,7,,2006 2008 2010
CA,Selma,municipality,annual,7,,1999-2007 2010-2014 2020-2022 2024
CA,Shafter,municipality,annual,7,,2000-2004 2006-2008 2010 2013-2015 2019-2024
CA,Shasta Lake,municipality,annual,7,,1999-2001 2003-2011 2013-2025
CA,Sierra Madre,municipality,annual,7,,2004 2007-2009
CA,Signal Hill,municipality,annual,7,,2000 2002-2004 2007 2010 2012-2013 2015-2016 2022-2023
CA,Simi Valey,municipality,annual,7,,2012 2020-2021
CA,Simi Valley,municipality,annual,7,,1999-2011 2013-2019 2022-2025
CA,Simi Valley City,municipality,annual,7,,1998
CA,Solana Beach,municipality,annual,7,,2003-2005 2007-2008 2022-2023
CA,Soledad,municipality,annual,7,,2005 2008-2010 2017 2022-2025
CA,Solvang,municipality,annual,7,,2017 2022
CA,Sonoma,municipality,annual,7,,2006-2012
CA,Sonora,municipality,annual,7,,1998-2001 2004 2007 2016 2024
CA,South El Monte,municipality,annual,7,,1998-2003 2005-2006 2008 2010-2013 2020-2025
CA,South Gate,municipality,annual,7,,1998-2025
CA,South Lake Tahoe,municipality,annual,10,,1998-2003 2005-2025
CA,South Pasadena,municipality,annual,7,,2001-2008 2010-2012 2017
CA,South San Francisco,municipality,annual,7,,1998-2012 2014-2018 2020-2025
CA,South San Franscisco,municipality,annual,7,,2013 2019
CA,St Helena,municipality,annual,7,,2006
CA,St. Helena,municipality,annual,7,,2007 2009 2021-2024
CA,Stanton,municipality,annual,7,,2007-2011 2021-2025
CA,Stockton,municipality,annual,7,,1999-2024
CA,Stockton City,municipality,annual,7,,1998
CA,Suisun,municipality,annual,7,,2024
CA,Suisun City,municipality,annual,7,,1999-2021 2025
CA,Suisun City City,municipality,annual,7,,1998
CA,Sunnyvale,municipality,annual,7,,1998-2025
CA,Susanville,municipality,annual,7,,2000 2002-2004 2006-2009 2011 2015 2019-2020 2022-2023
CA,Sutter Creek,municipality,annual,7,,2012 2017-2019
CA,Taft,municipality,annual,7,,1998-2002 2005-2006 2010-2011 2013 2015-2018
CA,Tehachapi,municipality,annual,7,,1999 2003-2005 2007-2025
CA,Tehama,municipality,annual,7,,2003-2007
CA,Tehama City,municipality,annual,7,,1998
CA,Temecula,municipality,annual,7,,1998-2003 2005-2006 2008-2015 2017-2025
CA,Temple City,municipality,annual,7,,1998-1999 2001-2004 2009-2010 2013-2015 2018 2021 2023-2025
CA,Thousand Oaks,municipality,annual,7,,1998-2015 2017-2023 2025
CA,Torrance,municipality,annual,7,,1998-2019 2021-2025
CA,Torrance,municipality,annual,8,,2020
CA,Tracy,municipality,annual,7,,1999 2001-2002 2004-2025
CA,Truckee,municipality,annual,7,,1998 2005 2007-2015 2017-2025
CA,Tulare,municipality,annual,7,,1998-2024
CA,Tulelake,municipality,annual,7,,2018
CA,Turlock,municipality,annual,7,,1998-2025
CA,Tustin,municipality,annual,7,,1998-2012 2014-2016 2018-2025
CA,Twentynine Palms,municipality,annual,7,,1999 2002-2003 2008 2010-2011 2020-2023 2025
CA,Ukiah,municipality,annual,7,,2002-2007 2010-2012 2015 2020-2022 2024-2025
CA,Union City,municipality,annual,7,,1998-2018 2020-2023
CA,Upland,municipality,annual,7,,1998-2003 2005-2016 2019-2025
CA,Vacaville,municipality,annual,7,,1998-2025
CA,Vallejo,municipality,annual,7,,2000-2025
CA,Vernon,municipality,annual,7,,1999 2003 2009-2013 2016-2017 2022 2024
CA,Victorville,municipality,annual,7,,1998-2003 2005-2024
CA,Villa Park,municipality,annual,7,,2011
CA,Visalia,municipality,annual,7,,2000-2025
CA,Vista,municipality,annual,7,,1999-2025
CA,Walnut,municipality,annual,7,,1999 2001 2010-2011 2015 2022-2024
CA,Walnut Creek,municipality,annual,7,,2004 2007 2009-2014 2016-2018 2020-2025
CA,Walnut Creek,municipality,biennial,,,1998
CA,Walnut Creek,municipality,biennial,,,2000
CA,Walnut Creek,municipality,biennial,,,2002
CA,Walnut Creek,municipality,biennial,,,2006
CA,Wasco,municipality,annual,7,,2002 2004-2019 2021-2022 2024
CA,Waterford,municipality,annual,7,,2001-2004 2007-2013 2024
CA,Watsonville,municipality,annual,7,,1998-2015 2017-2019 2021-2023 2025
CA,Weed,municipality,annual,7,,1998-2001 2011 2016-2017 2021-2022 2024
CA,West Covina,municipality,annual,7,,2001-2003 2005-2017 2019 2021-2025
CA,West Hollywood,municipality,annual,7,,1999-2012 2014-2015 2017 2021-2025
CA,West Hollywood City,municipality,annual,7,,1998
CA,West Sacramento,municipality,annual,7,,1998-2011 2013-2025
CA,West Saramento,municipality,annual,7,,2012
CA,Westlake Village,municipality,annual,7,,2010
CA,Westminster,municipality,annual,7,,1998-2025
CA,Wheatland,municipality,annual,7,,2001-2003
CA,Whittier,municipality,annual,7,,1999-2025
CA,Whittier City,municipality,annual,7,,1998
CA,Wildomar,municipality,annual,7,,2018-2019 2021
CA,Williams,municipality,annual,7,,1998 2000 2008-2012 2014-2016 2025
CA,Willits,municipality,annual,7,,2008-2013 2015
CA,Willows,municipality,annual,7,,2000 2002-2003 2005-2006 2011 2014-2016 2019-2025
CA,Windsor,municipality,annual,7,,2002 2007 2010 2015 2018 2022-2023
CA,Winters,municipality,annual,7,,1998-1999 2005 2007 2010 2012-2016 2020 2022-2024
CA,Woodlake,municipality,annual,7,,1999-2015 2017-2019 2022-2024
CA,Woodlake City,municipality,annual,7,,1998
CA,Woodland,municipality,annual,7,,1998-1999 2001-2023 2025
CA,Woodside,municipality,annual,7,,2001 2022
CA,Yorba Linda,municipality,annual,7,,1998-2000 2002 2007 2009-2010 2012 2020-2022
CA,Yountville,municipality,annual,7,,2004-2005 2011
CA,Yreka,municipality,annual,7,,2003 2008-2009 2011-2015 2018-2019 2022-2025
CA,Yuba City,municipality,annual,7,,1998-2004 2006-2022 2024-2025
CA,Yucaipa,municipality,annual,7,,1999-2000 2004-2006 2009-2011 2014-2016 2018-2022
CA,Yucca Valley,municipality,annual,7,,2000 2002-2004 2012-2015 2021-2022
