entity,kind,audit_year,fy_start_date,fy_end_date,audit_period_covered
Abilene,municipality,2016,2015-10-01,2016-09-30,annual
Abilene,municipality,2017,2016-09-30,2017-09-30,annual
Abilene,municipality,2018,2017-09-30,2018-09-30,annual
Abilene,municipality,2019,2018-09-30,2019-09-30,annual
Abilene,municipality,2020,2019-10-01,2020-09-30,annual
Abilene,municipality,2021,2020-09-30,2021-09-30,annual
Abilene,municipality,2022,2021-09-30,2022-09-30,annual
Abilene,municipality,2023,2022-10-01,2023-09-30,annual
Abilene,municipality,2024,2023-10-01,2024-09-30,annual
Abilene,municipality,2025,2024-10-01,2025-09-30,annual
Addison,municipality,2020,2019-10-01,2020-09-30,annual
Addison,municipality,2021,2020-09-30,2021-09-30,annual
Addison,municipality,2022,2021-09-30,2022-09-30,annual
Alamo,municipality,2020,2019-10-01,2020-09-30,annual
Alamo,municipality,2021,2020-09-30,2021-09-30,annual
Alamo,municipality,2022,2021-09-30,2022-09-30,annual
Alamo,municipality,2023,2022-10-01,2023-09-30,annual
Alamo,municipality,2024,2023-10-01,2024-09-30,annual
Alamo,municipality,2025,2024-10-01,2025-09-30,annual
Alamo Heights,municipality,2025,2024-10-01,2025-09-30,annual
Alice,municipality,2020,2019-10-01,2020-09-30,annual
Alice,municipality,2021,2020-09-30,2021-09-30,annual
Alice,municipality,2022,2021-09-30,2022-09-30,annual
Alice,municipality,2023,2022-10-01,2023-09-30,annual
Alice,municipality,2024,2023-10-01,2024-09-30,annual
Alice,municipality,2025,2024-10-01,2025-09-30,annual
Allen,municipality,2017,2016-09-30,2017-09-30,annual
Allen,municipality,2018,2017-09-30,2018-09-30,annual
Allen,municipality,2020,2019-10-01,2020-09-30,annual
Allen,municipality,2021,2020-09-30,2021-09-30,annual
Allen,municipality,2022,2021-09-30,2022-09-30,annual
Allen,municipality,2023,2022-10-01,2023-09-30,annual
Allen,municipality,2024,2023-10-01,2024-09-30,annual
Allen,municipality,2025,2024-10-01,2025-09-30,annual
Alpine,municipality,2019,2018-09-30,2019-09-30,annual
Alto,municipality,2024,2023-10-01,2024-09-30,annual
Alton,municipality,2016,2015-10-01,2016-09-30,annual
Alton,municipality,2020,2019-10-01,2020-09-30,annual
Alton,municipality,2021,2020-09-30,2021-09-30,annual
Alton,municipality,2022,2021-09-30,2022-09-30,annual
Alton,municipality,2023,2022-10-01,2023-09-30,annual
Alton,municipality,2024,2023-10-01,2024-09-30,annual
Alton,municipality,2025,2024-10-01,2025-09-30,annual
Alvin,municipality,2020,2019-10-01,2020-09-30,annual
Alvin,municipality,2022,2021-09-30,2022-09-30,annual
Alvin,municipality,2023,2022-10-01,2023-09-30,annual
Alvin,municipality,2024,2023-10-01,2024-09-30,annual
Amarillo,municipality,2016,2015-10-01,2016-09-30,annual
Amarillo,municipality,2017,2016-09-30,2017-09-30,annual
Amarillo,municipality,2018,2017-09-30,2018-09-30,annual
Amarillo,municipality,2019,2018-09-30,2019-09-30,annual
Amarillo,municipality,2020,2019-10-01,2020-09-30,annual
Amarillo,municipality,2021,2020-09-30,2021-09-30,annual
Amarillo,municipality,2022,2021-09-30,2022-09-30,annual
Amarillo,municipality,2023,2022-10-01,2023-09-30,annual
Amarillo,municipality,2024,2023-10-01,2024-09-30,annual
Anderson County,county,2017,2016-12-31,2017-12-31,annual
Anderson County,county,2020,2020-01-01,2020-12-31,annual
Anderson County,county,2022,2021-12-31,2022-12-31,annual
Anderson County,county,2023,2023-01-01,2023-12-31,annual
Anderson County,county,2024,2024-01-01,2024-12-31,annual
Andrews,municipality,2022,2021-09-30,2022-09-30,annual
Andrews,municipality,2023,2022-10-01,2023-09-30,annual
Angelina County,county,2016,2016-01-01,2016-12-31,annual
Angelina County,county,2018,2017-12-31,2018-12-31,annual
Angelina County,county,2020,2020-01-01,2020-12-31,annual
Angelina County,county,2021,2020-12-31,2021-12-31,annual
Angelina County,county,2022,2021-12-31,2022-12-31,annual
Angelina County,county,2023,2023-01-01,2023-12-31,annual
Angelina County,county,2024,2024-01-01,2024-12-31,annual
Angleton,municipality,2020,2019-10-01,2020-09-30,annual
Angleton,municipality,2022,2021-09-30,2022-09-30,annual
Angleton,municipality,2023,2022-10-01,2023-09-30,annual
Anna,municipality,2023,2022-10-01,2023-09-30,annual
Anna,municipality,2024,2023-10-01,2024-09-30,annual
Anthony,municipality,2016,2015-10-01,2016-09-30,annual
Anthony,municipality,2020,2019-10-01,2020-09-30,annual
Anthony,municipality,2021,2020-09-30,2021-09-30,annual
Anthony,municipality,2022,2021-10-01,2022-09-30,annual
Anthony,municipality,2025,2024-10-01,2025-09-30,annual
Aransas County,county,2016,2016-01-01,2016-12-31,annual
Aransas County,county,2017,2016-12-31,2017-12-31,annual
Aransas County,county,2018,2017-12-31,2018-12-31,annual
Aransas County,county,2019,2018-12-31,2019-12-31,annual
Aransas County,county,2020,2020-01-01,2020-12-31,annual
Aransas County,county,2021,2020-12-31,2021-12-31,annual
Aransas County,county,2022,2021-12-31,2022-12-31,annual
Aransas County,county,2023,2023-01-01,2023-12-31,annual
Aransas County,county,2024,2024-01-01,2024-12-31,annual
Aransas County,county,2025,2025-01-01,2025-12-31,annual
Aransas Pass,municipality,2018,2017-09-30,2018-09-30,annual
Aransas Pass,municipality,2019,2018-09-30,2019-09-30,annual
Aransas Pass,municipality,2020,2019-10-01,2020-09-30,annual
Aransas Pass,municipality,2021,2020-10-01,2021-09-30,annual
Aransas Pass,municipality,2022,2021-10-01,2022-09-30,annual
Aransas Pass,municipality,2023,2022-10-01,2023-09-30,annual
Aransas Pass,municipality,2024,2023-10-01,2024-09-30,annual
Archer City,municipality,2018,2017-09-30,2018-09-30,annual
Archer City,municipality,2019,2018-09-30,2019-09-30,annual
Archer County,county,2023,2022-10-01,2023-09-30,annual
Arcola,municipality,2020,2019-10-01,2020-09-30,annual
Arcola,municipality,2021,2020-09-30,2021-09-30,annual
Arcola,municipality,2022,2021-09-30,2022-09-30,annual
Arlington,municipality,2016,2015-10-01,2016-09-30,annual
Arlington,municipality,2017,2016-09-30,2017-09-30,annual
Arlington,municipality,2018,2017-09-30,2018-09-30,annual
Arlington,municipality,2019,2018-09-30,2019-09-30,annual
Arlington,municipality,2020,2019-10-01,2020-09-30,annual
Arlington,municipality,2021,2020-09-30,2021-09-30,annual
Arlington,municipality,2022,2021-09-30,2022-09-30,annual
Arlington,municipality,2023,2022-10-01,2023-09-30,annual
Arlington,municipality,2024,2023-10-01,2024-09-30,annual
Arlington,municipality,2025,2024-10-01,2025-09-30,annual
Arp,municipality,2025,2024-10-01,2025-09-30,annual
Atascosa County,county,2021,2020-12-31,2021-12-31,annual
Athens,municipality,2020,2019-10-01,2020-09-30,annual
Athens,municipality,2021,2020-09-30,2021-09-30,annual
Athens,municipality,2024,2023-10-01,2024-09-30,annual
Athens,municipality,2025,2024-10-01,2025-09-30,annual
Atlanta,municipality,2016,2015-10-01,2016-09-30,annual
Atlanta,municipality,2017,2016-09-30,2017-09-30,annual
Atlanta,municipality,2018,2017-09-30,2018-09-30,annual
Atlanta,municipality,2019,2018-09-30,2019-09-30,annual
Atlanta,municipality,2023,2022-10-01,2023-09-30,annual
Atlanta,municipality,2025,2024-10-01,2025-09-30,annual
Aubrey,municipality,2024,2023-10-01,2024-09-30,annual
Austin,municipality,2016,2015-10-01,2016-09-30,annual
Austin,municipality,2017,2016-09-30,2017-09-30,annual
Austin,municipality,2018,2017-09-30,2018-09-30,annual
Austin,municipality,2019,2018-09-30,2019-09-30,annual
Austin,municipality,2020,2019-10-01,2020-09-30,annual
Austin,municipality,2021,2020-09-30,2021-09-30,annual
Austin,municipality,2022,2021-09-30,2022-09-30,annual
Austin,municipality,2023,2022-10-01,2023-09-30,annual
Austin,municipality,2024,2023-10-01,2024-09-30,annual
Austin,municipality,2025,2024-10-01,2025-09-30,annual
Austin County,county,2020,2019-10-01,2020-09-30,annual
Austin County,county,2021,2020-09-30,2021-09-30,annual
Austin County,county,2022,2021-10-01,2022-09-30,annual
Azle,municipality,2023,2022-10-01,2023-09-30,annual
Azle,municipality,2024,2023-10-01,2024-09-30,annual
Baird,municipality,2018,2017-09-30,2018-09-30,annual
Balch Springs,municipality,2018,2017-09-30,2018-09-30,annual
Balch Springs,municipality,2019,2018-09-30,2019-09-30,annual
Balch Springs,municipality,2020,2019-10-01,2020-09-30,annual
Balch Springs,municipality,2021,2020-09-30,2021-09-30,annual
Balch Springs,municipality,2022,2021-09-30,2022-09-30,annual
Balch Springs,municipality,2023,2022-10-01,2023-09-30,annual
Balch Springs,municipality,2024,2023-10-01,2024-09-30,annual
Balch Springs,municipality,2025,2024-10-01,2025-09-30,annual
Balmorhea,municipality,2021,2020-09-30,2021-09-30,annual
Bandera,municipality,2022,2021-10-01,2022-09-30,annual
Bandera,municipality,2023,2022-10-01,2023-09-30,annual
Bandera County,county,2020,2019-10-01,2020-09-30,annual
Bandera County,county,2022,2021-09-30,2022-09-30,annual
Bandera County,county,2023,2022-10-01,2023-09-30,annual
Bandera County,county,2024,2023-10-01,2024-09-30,annual
Bangs,municipality,2024,2023-10-01,2024-09-30,annual
Bastrop,municipality,2018,2017-09-30,2018-09-30,annual
Bastrop,municipality,2020,2019-10-01,2020-09-30,annual
Bastrop,municipality,2023,2022-10-01,2023-09-30,annual
Bastrop,municipality,2025,2024-10-01,2025-09-30,annual
Bastrop County,county,2016,2015-10-01,2016-09-30,annual
Bastrop County,county,2017,2016-09-30,2017-09-30,annual
Bastrop County,county,2018,2017-09-30,2018-09-30,annual
Bastrop County,county,2019,2018-09-30,2019-09-30,annual
Bastrop County,county,2020,2019-10-01,2020-09-30,annual
Bastrop County,county,2021,2020-09-30,2021-09-30,annual
Bastrop County,county,2022,2021-09-30,2022-09-30,annual
Bastrop County,county,2023,2022-10-01,2023-09-30,annual
Bastrop County,county,2024,2023-10-01,2024-09-30,annual
Bastrop County,county,2025,2024-10-01,2025-09-30,annual
Bay City,municipality,2016,2015-10-01,2016-09-30,annual
Bay City,municipality,2017,2016-09-30,2017-09-30,annual
Bay City,municipality,2019,2018-09-30,2019-09-30,annual
Bay City,municipality,2020,2019-10-01,2020-09-30,annual
Bay City,municipality,2021,2020-09-30,2021-09-30,annual
Bay City,municipality,2023,2022-10-01,2023-09-30,annual
Bay City,municipality,2024,2023-10-01,2024-09-30,annual
Bay City,municipality,2025,2024-10-01,2025-09-30,annual
Bayside,municipality,2021,2020-09-30,2021-09-30,annual
Baytown,municipality,2016,2015-10-01,2016-09-30,annual
Baytown,municipality,2017,2016-09-30,2017-09-30,annual
Baytown,municipality,2018,2017-09-30,2018-09-30,annual
Baytown,municipality,2019,2018-09-30,2019-09-30,annual
Baytown,municipality,2020,2019-10-01,2020-09-30,annual
Baytown,municipality,2021,2020-09-30,2021-09-30,annual
Baytown,municipality,2022,2021-10-01,2022-09-30,annual
Baytown,municipality,2023,2022-10-01,2023-09-30,annual
Baytown,municipality,2024,2023-10-01,2024-09-30,annual
Baytown,municipality,2025,2024-10-01,2025-09-30,annual
Beaumont,municipality,2016,2015-10-01,2016-09-30,annual
Beaumont,municipality,2017,2016-09-30,2017-09-30,annual
Beaumont,municipality,2018,2017-09-30,2018-09-30,annual
Beaumont,municipality,2019,2018-09-30,2019-09-30,annual
Beaumont,municipality,2020,2019-10-01,2020-09-30,annual
Beaumont,municipality,2021,2020-09-30,2021-09-30,annual
Beaumont,municipality,2022,2021-09-30,2022-09-30,annual
Beaumont,municipality,2023,2022-10-01,2023-09-30,annual
Beaumont,municipality,2024,2023-10-01,2024-09-30,annual
Beaumont,municipality,2025,2024-10-01,2025-09-30,annual
Bedford,municipality,2020,2019-10-01,2020-09-30,annual
Bedford,municipality,2021,2020-09-30,2021-09-30,annual
Bedford,municipality,2022,2021-09-30,2022-09-30,annual
Bedford,municipality,2023,2022-10-01,2023-09-30,annual
Bedford,municipality,2024,2023-10-01,2024-09-30,annual
Bedford,municipality,2025,2024-10-01,2025-09-30,annual
Bedias,municipality,2025,2024-10-01,2025-09-30,annual
Bee Cave,municipality,2024,2023-10-01,2024-09-30,annual
Bee County,county,2021,2020-09-30,2021-09-30,annual
Bee County,county,2022,2021-09-30,2022-09-30,annual
Bee County,county,2023,2022-10-01,2023-09-30,annual
Bee County,county,2024,2023-10-01,2024-09-30,annual
Bee County,county,2025,2024-10-01,2025-09-30,annual
Beeville,municipality,2023,2022-10-01,2023-09-30,annual
Beeville,municipality,2024,2023-10-01,2024-09-30,annual
Bell County,county,2016,2015-10-01,2016-09-30,annual
Bell County,county,2017,2016-09-30,2017-09-30,annual
Bell County,county,2018,2017-09-30,2018-09-30,annual
Bell County,county,2019,2018-09-30,2019-09-30,annual
Bell County,county,2020,2019-10-01,2020-09-30,annual
Bell County,county,2021,2020-09-30,2021-09-30,annual
Bell County,county,2022,2021-09-30,2022-09-30,annual
Bell County,county,2023,2022-10-01,2023-09-30,annual
Bell County,county,2024,2023-10-01,2024-09-30,annual
Bell County,county,2025,2024-10-01,2025-09-30,annual
Bellaire,municipality,2020,2019-10-01,2020-09-30,annual
Bellaire,municipality,2022,2021-09-30,2022-09-30,annual
Bellaire,municipality,2023,2022-10-01,2023-09-30,annual
Bellmead,municipality,2018,2017-09-30,2018-09-30,annual
Bellmead,municipality,2020,2019-10-01,2020-09-30,annual
Bellmead,municipality,2023,2022-10-01,2023-09-30,annual
Bellmead,municipality,2024,2023-10-01,2024-09-30,annual
Bellmead,municipality,2025,2024-10-01,2025-09-30,annual
Belton,municipality,2016,2015-10-01,2016-09-30,annual
Belton,municipality,2019,2018-09-30,2019-09-30,annual
Belton,municipality,2020,2019-10-01,2020-09-30,annual
Belton,municipality,2021,2020-09-30,2021-09-30,annual
Belton,municipality,2022,2021-09-30,2022-09-30,annual
Belton,municipality,2023,2022-10-01,2023-09-30,annual
Belton,municipality,2024,2023-10-01,2024-09-30,annual
Belton,municipality,2025,2024-10-01,2025-09-30,annual
Benbrook,municipality,2020,2019-10-01,2020-09-30,annual
Benbrook,municipality,2021,2020-09-30,2021-09-30,annual
Benbrook,municipality,2022,2021-09-30,2022-09-30,annual
Benbrook,municipality,2023,2022-10-01,2023-09-30,annual
Benbrook,municipality,2024,2023-10-01,2024-09-30,annual
Benbrook,municipality,2025,2024-10-01,2025-09-30,annual
Bevil Oaks,municipality,2020,2019-10-01,2020-09-30,annual
Bevil Oaks,municipality,2021,2020-09-30,2021-09-30,annual
Bevil Oaks,municipality,2022,2021-09-30,2022-09-30,annual
Bevil Oaks,municipality,2023,2022-10-01,2023-09-30,annual
Bexar County,county,2016,2015-10-01,2016-09-30,annual
Bexar County,county,2017,2016-09-30,2017-09-30,annual
Bexar County,county,2018,2017-09-30,2018-09-30,annual
Bexar County,county,2019,2018-09-30,2019-09-30,annual
Bexar County,county,2020,2019-10-01,2020-09-30,annual
Bexar County,county,2021,2020-09-30,2021-09-30,annual
Bexar County,county,2022,2021-09-30,2022-09-30,annual
Bexar County,county,2023,2022-10-01,2023-09-30,annual
Bexar County,county,2024,2023-10-01,2024-09-30,annual
Big Spring,municipality,2025,2024-10-01,2025-09-30,annual
Blanco,municipality,2018,2017-09-30,2018-09-30,annual
Blanco,municipality,2019,2018-09-30,2019-09-30,annual
Blanco,municipality,2021,2020-09-30,2021-09-30,annual
Blanco,municipality,2022,2021-09-30,2022-09-30,annual
Blanco,municipality,2023,2022-10-01,2023-09-30,annual
Blanco County,county,2023,2022-10-01,2023-09-30,annual
Boerne,municipality,2018,2017-09-30,2018-09-30,annual
Boerne,municipality,2020,2019-10-01,2020-09-30,annual
Boerne,municipality,2022,2021-09-30,2022-09-30,annual
Bonham,municipality,2016,2015-10-01,2016-09-30,annual
Bonham,municipality,2020,2019-10-01,2020-09-30,annual
Bonham,municipality,2022,2021-10-01,2022-09-30,annual
Bonham,municipality,2023,2022-10-01,2023-09-30,annual
Bonham,municipality,2024,2023-10-01,2024-09-30,annual
Bonham,municipality,2025,2024-10-01,2025-09-30,annual
Borger,municipality,2022,2021-09-30,2022-09-30,annual
Bowie County,county,2016,2015-10-01,2016-09-30,annual
Bowie County,county,2017,2016-09-30,2017-09-30,annual
Bowie County,county,2019,2018-09-30,2019-09-30,annual
Bowie County,county,2020,2019-10-01,2020-09-30,annual
Bowie County,county,2021,2020-09-30,2021-09-30,annual
Bowie County,county,2022,2021-09-30,2022-09-30,annual
Bowie County,county,2023,2022-10-01,2023-09-30,annual
Bowie County,county,2024,2023-10-01,2024-09-30,annual
Bowie County,county,2025,2024-10-01,2025-09-30,annual
Brady,municipality,2016,2015-10-01,2016-09-30,annual
Brady,municipality,2017,2016-09-30,2017-09-30,annual
Brady,municipality,2018,2017-09-30,2018-09-30,annual
Brady,municipality,2019,2018-09-30,2019-09-30,annual
Brady,municipality,2020,2019-10-01,2020-09-30,annual
Brady,municipality,2021,2020-09-30,2021-09-30,annual
Brady,municipality,2022,2021-09-30,2022-09-30,annual
Brady,municipality,2023,2022-10-01,2023-09-30,annual
Brady,municipality,2024,2023-10-01,2024-09-30,annual
Brazoria,municipality,2025,2024-10-01,2025-09-30,annual
Brazoria County,county,2016,2015-10-01,2016-09-30,annual
Brazoria County,county,2017,2016-09-30,2017-09-30,annual
Brazoria County,county,2018,2017-09-30,2018-09-30,annual
Brazoria County,county,2019,2018-09-30,2019-09-30,annual
Brazoria County,county,2020,2019-10-01,2020-09-30,annual
Brazoria County,county,2021,2020-09-30,2021-09-30,annual
Brazoria County,county,2022,2021-09-30,2022-09-30,annual
Brazoria County,county,2023,2022-10-01,2023-09-30,annual
Brazoria County,county,2024,2023-10-01,2024-09-30,annual
Brazoria County,county,2025,2024-10-01,2025-09-30,annual
Brazos County,county,2017,2016-09-30,2017-09-30,annual
Brazos County,county,2018,2017-09-30,2018-09-30,annual
Brazos County,county,2019,2018-09-30,2019-09-30,annual
Brazos County,county,2020,2019-10-01,2020-09-30,annual
Brazos County,county,2021,2020-09-30,2021-09-30,annual
Brazos County,county,2022,2021-09-30,2022-09-30,annual
Brazos County,county,2023,2022-10-01,2023-09-30,annual
Brazos County,county,2024,2023-10-01,2024-09-30,annual
Brazos County,county,2025,2024-10-01,2025-09-30,annual
Breckenridge,municipality,2016,2015-10-01,2016-09-30,annual
Breckenridge,municipality,2017,2016-09-30,2017-09-30,annual
Breckenridge,municipality,2018,2017-09-30,2018-09-30,annual
Breckenridge,municipality,2019,2018-09-30,2019-09-30,annual
Breckenridge,municipality,2020,2019-10-01,2020-09-30,annual
Breckenridge,municipality,2021,2020-09-30,2021-09-30,annual
Breckenridge,municipality,2022,2021-09-30,2022-09-30,annual
Bremond,municipality,2021,2020-09-30,2021-09-30,annual
Brenham,municipality,2019,2018-09-30,2019-09-30,annual
Brenham,municipality,2020,2019-10-01,2020-09-30,annual
Brenham,municipality,2021,2020-09-30,2021-09-30,annual
Brenham,municipality,2022,2021-09-30,2022-09-30,annual
Brenham,municipality,2023,2022-10-01,2023-09-30,annual
Brenham,municipality,2024,2023-10-01,2024-09-30,annual
Brenham,municipality,2025,2024-10-01,2025-09-30,annual
Brewster County,county,2016,2016-01-01,2016-12-31,annual
Brewster County,county,2017,2016-12-31,2017-12-31,annual
Brewster County,county,2019,2018-09-30,2019-09-30,annual
Brewster County,county,2020,2019-10-01,2020-09-30,annual
Brewster County,county,2021,2020-10-01,2021-09-30,annual
Brewster County,county,2023,2022-10-01,2023-09-30,annual
Brewster County,county,2024,2023-10-01,2024-09-30,annual
Brewster County,county,2025,2024-10-01,2025-09-30,annual
Bridge City,municipality,2016,2015-10-01,2016-09-30,annual
Bridge City,municipality,2021,2020-09-30,2021-09-30,annual
Bridge City,municipality,2023,2022-10-01,2023-09-30,annual
Bridge City,municipality,2024,2023-10-01,2024-09-30,annual
Bridgeport,municipality,2021,2020-09-30,2021-09-30,annual
Bridgeport,municipality,2024,2023-10-01,2024-09-30,annual
Brooks County,county,2016,2015-10-01,2016-09-30,annual
Brooks County,county,2022,2021-10-01,2022-09-30,annual
Brownsville,municipality,2016,2015-10-01,2016-09-30,annual
Brownsville,municipality,2017,2016-09-30,2017-09-30,annual
Brownsville,municipality,2018,2017-09-30,2018-09-30,annual
Brownsville,municipality,2019,2018-09-30,2019-09-30,annual
Brownsville,municipality,2020,2019-10-01,2020-09-30,annual
Brownsville,municipality,2021,2020-09-30,2021-09-30,annual
Brownsville,municipality,2022,2021-09-30,2022-09-30,annual
Brownsville,municipality,2023,2022-10-01,2023-09-30,annual
Brownsville,municipality,2024,2023-10-01,2024-09-30,annual
Brownsville,municipality,2025,2024-10-01,2025-09-30,annual
Brownwood,municipality,2016,2015-10-01,2016-09-30,annual
Brownwood,municipality,2017,2016-09-30,2017-09-30,annual
Brownwood,municipality,2018,2017-09-30,2018-09-30,annual
Brownwood,municipality,2019,2018-09-30,2019-09-30,annual
Brownwood,municipality,2020,2019-10-01,2020-09-30,annual
Brownwood,municipality,2021,2020-09-30,2021-09-30,annual
Brownwood,municipality,2022,2021-09-30,2022-09-30,annual
Brownwood,municipality,2023,2022-10-01,2023-09-30,annual
Brownwood,municipality,2024,2023-10-01,2024-09-30,annual
Brownwood,municipality,2025,2024-10-01,2025-09-30,annual
Bruceville-Eddy,municipality,2025,2024-10-01,2025-09-30,annual
Bryan,municipality,2016,2015-10-01,2016-09-30,annual
Bryan,municipality,2017,2016-09-30,2017-09-30,annual
Bryan,municipality,2018,2017-09-30,2018-09-30,annual
Bryan,municipality,2019,2018-09-30,2019-09-30,annual
Bryan,municipality,2020,2019-10-01,2020-09-30,annual
Bryan,municipality,2021,2020-09-30,2021-09-30,annual
Bryan,municipality,2022,2021-09-30,2022-09-30,annual
Bryan,municipality,2023,2022-10-01,2023-09-30,annual
Bryan,municipality,2024,2023-10-01,2024-09-30,annual
Bryan,municipality,2025,2024-10-01,2025-09-30,annual
Buckholts,municipality,2025,2024-07-01,2025-06-30,annual
Buda,municipality,2020,2019-10-01,2020-09-30,annual
Buda,municipality,2021,2020-09-30,2021-09-30,annual
Buda,municipality,2022,2021-09-30,2022-09-30,annual
Buda,municipality,2023,2022-10-01,2023-09-30,annual
Buda,municipality,2025,2024-10-01,2025-09-30,annual
Buffalo,municipality,2020,2019-10-01,2020-09-30,annual
Buffalo,municipality,2021,2020-09-30,2021-09-30,annual
Buffalo,municipality,2022,2021-09-30,2022-09-30,annual
Buffalo,municipality,2024,2023-10-01,2024-09-30,annual
Buffalo,municipality,2025,2024-10-01,2025-09-30,annual
Buffalo Gap,municipality,2016,2015-10-01,2016-09-30,annual
Buffalo Gap,municipality,2021,2020-09-30,2021-09-30,annual
Bullard,municipality,2020,2019-10-01,2020-09-30,annual
Bullard,municipality,2023,2022-10-01,2023-09-30,annual
Burleson,municipality,2017,2016-09-30,2017-09-30,annual
Burleson,municipality,2018,2017-09-30,2018-09-30,annual
Burleson,municipality,2020,2019-10-01,2020-09-30,annual
Burleson,municipality,2021,2020-09-30,2021-09-30,annual
Burleson,municipality,2022,2021-09-30,2022-09-30,annual
Burleson,municipality,2023,2022-10-01,2023-09-30,annual
Burleson,municipality,2024,2023-10-01,2024-09-30,annual
Burleson,municipality,2025,2024-10-01,2025-09-30,annual
Burleson County,county,2022,2021-09-30,2022-09-30,annual
Burleson County,county,2023,2022-10-01,2023-09-30,annual
Burnet,municipality,2022,2021-09-30,2022-09-30,annual
Burnet,municipality,2023,2022-10-01,2023-09-30,annual
Burnet,municipality,2024,2023-10-01,2024-09-30,annual
Burnet,municipality,2025,2024-10-01,2025-09-30,annual
Burnet County,county,2020,2019-10-01,2020-09-30,annual
Burnet County,county,2021,2020-09-30,2021-09-30,annual
Burnet County,county,2022,2021-09-30,2022-09-30,annual
Burnet County,county,2023,2022-10-01,2023-09-30,annual
Burnet County,county,2024,2023-10-01,2024-09-30,annual
Caddo Mills,municipality,2018,2017-09-30,2018-09-30,annual
Caddo Mills,municipality,2019,2018-09-30,2019-09-30,annual
Caldwell,municipality,2023,2022-10-01,2023-09-30,annual
Caldwell,municipality,2025,2024-10-01,2025-09-30,annual
Caldwell County,county,2020,2019-10-01,2020-09-30,annual
Caldwell County,county,2022,2021-10-01,2022-09-30,annual
Caldwell County,county,2023,2022-10-01,2023-09-30,annual
Caldwell County,county,2024,2023-10-01,2024-09-30,annual
Caldwell County,county,2025,2024-10-01,2025-09-30,annual
Calhoun County,county,2018,2017-12-31,2018-12-31,annual
Calhoun County,county,2019,2018-12-31,2019-12-31,annual
Calhoun County,county,2020,2020-01-01,2020-12-31,annual
Calhoun County,county,2021,2020-12-31,2021-12-31,annual
Calhoun County,county,2022,2021-12-31,2022-12-31,annual
Calhoun County,county,2023,2023-01-01,2023-12-31,annual
Calhoun County,county,2024,2024-01-01,2024-12-31,annual
Callahan County,county,2017,2016-09-30,2017-09-30,annual
Callahan County,county,2018,2017-09-30,2018-09-30,annual
Callahan County,county,2023,2022-10-01,2023-09-30,annual
Cameron,municipality,2023,2022-10-01,2023-09-30,annual
Cameron,municipality,2024,2023-10-01,2024-09-30,annual
Cameron,municipality,2025,2024-10-01,2025-09-30,annual
Cameron County,county,2017,2016-09-30,2017-09-30,annual
Cameron County,county,2018,2017-09-30,2018-09-30,annual
Cameron County,county,2019,2018-09-30,2019-09-30,annual
Cameron County,county,2020,2019-10-01,2020-09-30,annual
Cameron County,county,2021,2020-09-30,2021-09-30,annual
Cameron County,county,2022,2021-09-30,2022-09-30,annual
Cameron County,county,2023,2022-10-01,2023-09-30,annual
Cameron County,county,2024,2023-10-01,2024-09-30,annual
Cameron County,county,2025,2024-10-01,2025-09-30,annual
Canton,municipality,2023,2022-10-01,2023-09-30,annual
Canyon,municipality,2025,2024-10-01,2025-09-30,annual
Carrizo Springs,municipality,2016,2015-07-01,2016-06-30,annual
Carrizo Springs,municipality,2017,2016-06-30,2017-06-30,annual
Carrizo Springs,municipality,2018,2017-09-30,2018-09-30,annual
Carrollton,municipality,2016,2015-10-01,2016-09-30,annual
Carrollton,municipality,2017,2016-09-30,2017-09-30,annual
Carrollton,municipality,2018,2017-09-30,2018-09-30,annual
Carrollton,municipality,2019,2018-09-30,2019-09-30,annual
Carrollton,municipality,2020,2019-10-01,2020-09-30,annual
Carrollton,municipality,2021,2020-09-30,2021-09-30,annual
Carrollton,municipality,2022,2021-09-30,2022-09-30,annual
Carrollton,municipality,2023,2022-10-01,2023-09-30,annual
Carrollton,municipality,2024,2023-10-01,2024-09-30,annual
Carrollton,municipality,2025,2024-10-01,2025-09-30,annual
Carthage,municipality,2023,2022-10-01,2023-09-30,annual
Cass County,county,2019,2018-09-30,2019-09-30,annual
Cass County,county,2020,2019-10-01,2020-09-30,annual
Cass County,county,2022,2021-09-30,2022-09-30,annual
Cass County,county,2023,2022-10-01,2023-09-30,annual
Cass County,county,2024,2023-10-01,2024-09-30,annual
Cass County,county,2025,2024-10-01,2025-09-30,annual
Castroville,municipality,2017,2016-09-30,2017-09-30,annual
Castroville,municipality,2018,2017-09-30,2018-09-30,annual
Castroville,municipality,2022,2021-09-30,2022-09-30,annual
Castroville,municipality,2025,2024-10-01,2025-09-30,annual
Cedar Hill,municipality,2018,2017-09-30,2018-09-30,annual
Cedar Hill,municipality,2019,2018-09-30,2019-09-30,annual
Cedar Hill,municipality,2020,2019-10-01,2020-09-30,annual
Cedar Hill,municipality,2021,2020-09-30,2021-09-30,annual
Cedar Hill,municipality,2022,2021-09-30,2022-09-30,annual
Cedar Hill,municipality,2023,2022-10-01,2023-09-30,annual
Cedar Hill,municipality,2024,2023-10-01,2024-09-30,annual
Cedar Hill,municipality,2025,2024-10-01,2025-09-30,annual
Cedar Park,municipality,2020,2019-10-01,2020-09-30,annual
Cedar Park,municipality,2022,2021-09-30,2022-09-30,annual
Cedar Park,municipality,2023,2022-10-01,2023-09-30,annual
Cedar Park,municipality,2024,2023-10-01,2024-09-30,annual
Cedar Park,municipality,2025,2024-10-01,2025-09-30,annual
Celina,municipality,2019,2018-09-30,2019-09-30,annual
Celina,municipality,2020,2019-10-01,2020-09-30,annual
Celina,municipality,2021,2020-09-30,2021-09-30,annual
Celina,municipality,2023,2022-10-01,2023-09-30,annual
Celina,municipality,2024,2023-10-01,2024-09-30,annual
Celina,municipality,2025,2024-10-01,2025-09-30,annual
Chandler,municipality,2020,2019-10-01,2020-09-30,annual
Charlotte,municipality,2017,2016-06-30,2017-06-30,annual
Charlotte,municipality,2019,2018-06-30,2019-06-30,annual
Cherokee County,county,2016,2015-10-01,2016-09-30,annual
Cherokee County,county,2023,2022-10-01,2023-09-30,annual
Cherokee County,county,2024,2023-10-01,2024-09-30,annual
Cherokee County,county,2025,2024-10-01,2025-09-30,annual
Childress,municipality,2024,2023-10-01,2024-09-30,annual
China,municipality,2024,2023-10-01,2024-09-30,annual
Cibolo,municipality,2022,2021-09-30,2022-09-30,annual
Cisco,municipality,2017,2016-09-30,2017-09-30,annual
Cisco,municipality,2018,2017-09-30,2018-09-30,annual
Cisco,municipality,2019,2018-09-30,2019-09-30,annual
Cisco,municipality,2025,2024-10-01,2025-09-30,annual
Clarendon,municipality,2023,2022-10-01,2023-09-30,annual
Clarksville,municipality,2021,2020-09-30,2021-09-30,annual
Clarksville,municipality,2022,2021-10-01,2022-09-30,annual
Clarksville,municipality,2023,2022-10-01,2023-09-30,annual
Clarksville,municipality,2024,2023-10-01,2024-09-30,annual
Clarksville,municipality,2025,2024-10-01,2025-09-30,annual
Clay County,county,2016,2015-10-01,2016-09-30,annual
Cleburne,municipality,2016,2015-10-01,2016-09-30,annual
Cleburne,municipality,2017,2016-09-30,2017-09-30,annual
Cleburne,municipality,2018,2017-09-30,2018-09-30,annual
Cleburne,municipality,2019,2018-09-30,2019-09-30,annual
Cleburne,municipality,2020,2019-10-01,2020-09-30,annual
Cleburne,municipality,2021,2020-09-30,2021-09-30,annual
Cleburne,municipality,2022,2021-09-30,2022-09-30,annual
Cleburne,municipality,2023,2022-10-01,2023-09-30,annual
Cleburne,municipality,2024,2023-10-01,2024-09-30,annual
Cleburne,municipality,2025,2024-10-01,2025-09-30,annual
Cleveland,municipality,2016,2015-10-01,2016-09-30,annual
Cleveland,municipality,2021,2020-09-30,2021-09-30,annual
Cleveland,municipality,2022,2021-10-01,2022-09-30,annual
Cleveland,municipality,2023,2022-10-01,2023-09-30,annual
Clifton,municipality,2020,2019-10-01,2020-09-30,annual
Clute,municipality,2021,2020-09-30,2021-09-30,annual
Clute,municipality,2022,2021-09-30,2022-09-30,annual
Cockrell Hill,municipality,2016,2015-10-01,2016-09-30,annual
Cockrell Hill,municipality,2017,2016-09-30,2017-09-30,annual
Cockrell Hill,municipality,2018,2017-09-30,2018-09-30,annual
Coleman,municipality,2019,2018-09-30,2019-09-30,annual
Coleman,municipality,2020,2019-10-01,2020-09-30,annual
Coleman,municipality,2021,2020-09-30,2021-09-30,annual
Coleman,municipality,2022,2021-10-01,2022-09-30,annual
Coleman,municipality,2024,2023-10-01,2024-09-30,annual
Coleman County,county,2017,2016-09-30,2017-09-30,annual
Colleyville,municipality,2020,2019-10-01,2020-09-30,annual
Colleyville,municipality,2021,2020-09-30,2021-09-30,annual
Colleyville,municipality,2022,2021-09-30,2022-09-30,annual
Colleyville,municipality,2023,2022-10-01,2023-09-30,annual
Collin County,county,2016,2015-10-01,2016-09-30,annual
Collin County,county,2017,2016-09-30,2017-09-30,annual
Collin County,county,2018,2017-09-30,2018-09-30,annual
Collin County,county,2019,2018-09-30,2019-09-30,annual
Collin County,county,2020,2019-10-01,2020-09-30,annual
Collin County,county,2021,2020-09-30,2021-09-30,annual
Collin County,county,2022,2021-09-30,2022-09-30,annual
Collin County,county,2023,2022-10-01,2023-09-30,annual
Collin County,county,2024,2023-10-01,2024-09-30,annual
Collin County,county,2025,2024-10-01,2025-09-30,annual
Colorado County,county,2016,2016-01-01,2016-12-31,annual
Colorado County,county,2018,2017-12-31,2018-12-31,annual
Colorado County,county,2020,2020-01-01,2020-12-31,annual
Colorado County,county,2021,2020-12-31,2021-12-31,annual
Colorado County,county,2024,2024-01-01,2024-12-31,annual
Colorado County,county,2025,2025-01-01,2025-12-31,annual
Columbus,municipality,2016,2015-10-01,2016-09-30,annual
Columbus,municipality,2025,2024-10-01,2025-09-30,annual
Comal County,county,2020,2020-01-01,2020-12-31,annual
Comal County,county,2022,2021-12-31,2022-12-31,annual
Comal County,county,2023,2023-12-01,2023-12-31,annual
Comal County,county,2024,2024-01-01,2024-12-31,annual
Comal County,county,2025,2024-12-31,2025-12-31,annual
Comanche County,county,2016,2015-10-01,2016-09-30,annual
Comanche County,county,2017,2016-09-30,2017-09-30,annual
Comanche County,county,2018,2017-09-30,2018-09-30,annual
Comanche County,county,2019,2018-09-30,2019-09-30,annual
Comanche County,county,2020,2019-10-01,2020-09-30,annual
Comanche County,county,2023,2022-10-01,2023-09-30,annual
Commerce,municipality,2022,2021-09-30,2022-09-30,annual
Conroe,municipality,2016,2015-10-01,2016-09-30,annual
Conroe,municipality,2017,2016-09-30,2017-09-30,annual
Conroe,municipality,2018,2017-09-30,2018-09-30,annual
Conroe,municipality,2019,2018-09-30,2019-09-30,annual
Conroe,municipality,2020,2019-10-01,2020-09-30,annual
Conroe,municipality,2021,2020-09-30,2021-09-30,annual
Conroe,municipality,2022,2021-09-30,2022-09-30,annual
Conroe,municipality,2023,2022-10-01,2023-09-30,annual
Conroe,municipality,2024,2023-10-01,2024-09-30,annual
Conroe,municipality,2025,2024-10-01,2025-09-30,annual
Converse,municipality,2020,2019-10-01,2020-09-30,annual
Converse,municipality,2021,2020-09-30,2021-09-30,annual
Converse,municipality,2022,2021-09-30,2022-09-30,annual
Converse,municipality,2023,2022-10-01,2023-09-30,annual
Converse,municipality,2024,2023-10-01,2024-09-30,annual
Cooke County,county,2016,2015-10-01,2016-09-30,annual
Cooke County,county,2017,2016-09-30,2017-09-30,annual
Cooke County,county,2018,2017-09-30,2018-09-30,annual
Cooke County,county,2020,2019-10-01,2020-09-30,annual
Cooke County,county,2022,2021-09-30,2022-09-30,annual
Cooke County,county,2023,2022-10-01,2023-09-30,annual
Cooke County,county,2024,2023-10-01,2024-09-30,annual
Cooke County,county,2025,2024-10-01,2025-09-30,annual
Cooper,municipality,2023,2022-10-01,2023-09-30,annual
Coppell,municipality,2020,2019-10-01,2020-09-30,annual
Coppell,municipality,2021,2020-09-30,2021-09-30,annual
Coppell,municipality,2022,2021-09-30,2022-09-30,annual
Coppell,municipality,2023,2022-10-01,2023-09-30,annual
Coppell,municipality,2024,2023-10-01,2024-09-30,annual
Coppell,municipality,2025,2024-10-01,2025-09-30,annual
Copperas Cove,municipality,2020,2019-10-01,2020-09-30,annual
Copperas Cove,municipality,2021,2020-09-30,2021-09-30,annual
Copperas Cove,municipality,2022,2021-09-30,2022-09-30,annual
Copperas Cove,municipality,2023,2022-10-01,2023-09-30,annual
Copperas Cove,municipality,2024,2023-10-01,2024-09-30,annual
Copperas Cove,municipality,2025,2024-10-01,2025-09-30,annual
Corinth,municipality,2020,2019-10-01,2020-09-30,annual
Corinth,municipality,2022,2021-09-30,2022-09-30,annual
Corinth,municipality,2023,2022-10-01,2023-09-30,annual
Corinth,municipality,2024,2023-10-01,2024-09-30,annual
Corinth,municipality,2025,2024-10-01,2025-09-30,annual
Corpus Christi,municipality,2016,2015-10-01,2016-09-30,annual
Corpus Christi,municipality,2017,2016-09-30,2017-09-30,annual
Corpus Christi,municipality,2018,2017-09-30,2018-09-30,annual
Corpus Christi,municipality,2019,2018-09-30,2019-09-30,annual
Corpus Christi,municipality,2020,2019-10-01,2020-09-30,annual
Corpus Christi,municipality,2021,2020-09-30,2021-09-30,annual
Corpus Christi,municipality,2022,2021-09-30,2022-09-30,annual
Corpus Christi,municipality,2023,2022-10-01,2023-09-30,annual
Corpus Christi,municipality,2024,2023-10-01,2024-09-30,annual
Corpus Christi,municipality,2025,2024-10-01,2025-09-30,annual
Corsicana,municipality,2017,2016-09-30,2017-09-30,annual
Corsicana,municipality,2018,2017-09-30,2018-09-30,annual
Corsicana,municipality,2020,2019-10-01,2020-09-30,annual
Corsicana,municipality,2021,2020-09-30,2021-09-30,annual
Corsicana,municipality,2023,2022-10-01,2023-09-30,annual
Corsicana,municipality,2024,2023-10-01,2024-09-30,annual
Corsicana,municipality,2025,2024-10-01,2025-09-30,annual
Coryell County,county,2020,2019-10-01,2020-09-30,annual
Coryell County,county,2021,2020-09-30,2021-09-30,annual
Coryell County,county,2022,2021-09-30,2022-09-30,annual
Cottonwood Shores,municipality,2019,2018-09-30,2019-09-30,annual
Cotulla,municipality,2018,2017-09-30,2018-09-30,annual
Cotulla,municipality,2019,2018-09-30,2019-09-30,annual
Cotulla,municipality,2020,2019-10-01,2020-09-30,annual
Cotulla,municipality,2021,2020-09-30,2021-09-30,annual
Crockett,municipality,2020,2019-10-01,2020-09-30,annual
Crockett,municipality,2021,2020-09-30,2021-09-30,annual
Crockett,municipality,2022,2021-09-30,2022-09-30,annual
Crosby County,county,2022,2021-09-30,2022-09-30,annual
Cross Plains,municipality,2024,2023-04-01,2024-03-31,annual
Crowley,municipality,2020,2019-10-01,2020-09-30,annual
Crowley,municipality,2021,2020-09-30,2021-09-30,annual
Crowley,municipality,2022,2021-09-30,2022-09-30,annual
Crowley,municipality,2023,2022-10-01,2023-09-30,annual
Crowley,municipality,2024,2023-10-01,2024-09-30,annual
Crystal City,municipality,2022,2021-10-01,2022-09-30,annual
Crystal City,municipality,2023,2022-10-01,2023-09-30,annual
Cuero,municipality,2022,2021-09-30,2022-09-30,annual
Cuero,municipality,2023,2022-10-01,2023-09-30,annual
Cuero,municipality,2024,2023-10-01,2024-09-30,annual
Cuero,municipality,2025,2024-10-01,2025-09-30,annual
Culberson County,county,2024,2023-10-01,2024-09-30,annual
Daingerfield,municipality,2025,2024-10-01,2025-09-30,annual
Daisetta,municipality,2024,2023-04-01,2024-03-31,annual
Daisetta,municipality,2025,2024-04-01,2025-03-31,annual
Dallas,municipality,2016,2015-10-01,2016-09-30,annual
Dallas,municipality,2017,2016-09-30,2017-09-30,annual
Dallas,municipality,2018,2017-09-30,2018-09-30,annual
Dallas,municipality,2019,2018-09-30,2019-09-30,annual
Dallas,municipality,2020,2019-10-01,2020-09-30,annual
Dallas,municipality,2021,2020-09-30,2021-09-30,annual
Dallas,municipality,2022,2021-09-30,2022-09-30,annual
Dallas,municipality,2023,2022-10-01,2023-09-30,annual
Dallas,municipality,2024,2023-10-01,2024-09-30,annual
Dallas,municipality,2025,2024-10-01,2025-09-30,annual
Dallas County,county,2016,2015-10-01,2016-09-30,annual
Dallas County,county,2017,2016-09-30,2017-09-30,annual
Dallas County,county,2018,2017-09-30,2018-09-30,annual
Dallas County,county,2019,2018-09-30,2019-09-30,annual
Dallas County,county,2020,2019-10-01,2020-09-30,annual
Dallas County,county,2021,2020-09-30,2021-09-30,annual
Dallas County,county,2022,2021-09-30,2022-09-30,annual
Dallas County,county,2023,2022-10-01,2023-09-30,annual
Dallas County,county,2024,2023-10-01,2024-09-30,annual
Dallas County,county,2025,2024-10-01,2025-09-30,annual
Dawson County,county,2022,2021-09-30,2022-09-30,annual
Dayton,municipality,2022,2021-09-30,2022-09-30,annual
Dayton,municipality,2023,2022-10-01,2023-09-30,annual
Dayton,municipality,2024,2023-10-01,2024-09-30,annual
De Kalb,municipality,2023,2022-10-01,2023-09-30,annual
Decatur,municipality,2024,2023-10-01,2024-09-30,annual
Deer Park,municipality,2020,2019-10-01,2020-09-30,annual
Deer Park,municipality,2023,2022-10-01,2023-09-30,annual
Deer Park,municipality,2024,2023-10-01,2024-09-30,annual
Deer Park,municipality,2025,2024-10-01,2025-09-30,annual
Dekalb,municipality,2024,2023-10-01,2024-09-30,annual
Dekalb,municipality,2025,2024-10-01,2025-09-30,annual
Del Rio,municipality,2016,2015-10-01,2016-09-30,annual
Del Rio,municipality,2017,2016-09-30,2017-09-30,annual
Del Rio,municipality,2018,2017-09-30,2018-09-30,annual
Del Rio,municipality,2019,2018-09-30,2019-09-30,annual
Del Rio,municipality,2021,2020-09-30,2021-09-30,annual
Del Rio,municipality,2022,2021-09-30,2022-09-30,annual
Del Rio,municipality,2023,2022-10-01,2023-09-30,annual
Del Rio,municipality,2024,2023-10-01,2024-09-30,annual
Del Rio,municipality,2025,2024-10-01,2025-09-30,annual
Denison,municipality,2017,2016-09-30,2017-09-30,annual
Denison,municipality,2020,2019-10-01,2020-09-30,annual
Dension,municipality,2022,2021-10-01,2022-09-30,annual
Dension,municipality,2023,2022-10-01,2023-09-30,annual
Dension,municipality,2024,2023-10-01,2024-09-30,annual
Dension,municipality,2025,2024-10-01,2025-09-30,annual
Denton,municipality,2016,2015-10-01,2016-09-30,annual
Denton,municipality,2017,2016-09-30,2017-09-30,annual
Denton,municipality,2018,2017-09-30,2018-09-30,annual
Denton,municipality,2019,2018-09-30,2019-09-30,annual
Denton,municipality,2020,2019-10-01,2020-09-30,annual
Denton,municipality,2021,2020-09-30,2021-09-30,annual
Denton,municipality,2022,2021-09-30,2022-09-30,annual
Denton,municipality,2023,2022-10-01,2023-09-30,annual
Denton,municipality,2024,2023-10-01,2024-09-30,annual
Denton,municipality,2025,2024-10-01,2025-09-30,annual
Denton County,county,2016,2015-10-01,2016-09-30,annual
Denton County,county,2017,2016-09-30,2017-09-30,annual
Denton County,county,2018,2017-09-30,2018-09-30,annual
Denton County,county,2019,2018-09-30,2019-09-30,annual
Denton County,county,2020,2019-10-01,2020-09-30,annual
Denton County,county,2021,2020-09-30,2021-09-30,annual
Denton County,county,2022,2021-09-30,2022-09-30,annual
Denton County,county,2023,2022-10-01,2023-09-30,annual
Denton County,county,2024,2023-10-01,2024-09-30,annual
Desoto,municipality,2017,2016-09-30,2017-09-30,annual
Desoto,municipality,2019,2018-09-30,2019-09-30,annual
Desoto,municipality,2020,2019-10-01,2020-09-30,annual
Desoto,municipality,2021,2020-09-30,2021-09-30,annual
Desoto,municipality,2022,2021-09-30,2022-09-30,annual
Desoto,municipality,2023,2022-10-01,2023-09-30,annual
Desoto,municipality,2024,2023-10-01,2024-09-30,annual
Desoto,municipality,2025,2024-10-01,2025-09-30,annual
Dickinson,municipality,2016,2015-10-01,2016-09-30,annual
Dickinson,municipality,2017,2016-09-30,2017-09-30,annual
Dickinson,municipality,2018,2017-09-30,2018-09-30,annual
Dickinson,municipality,2019,2018-09-30,2019-09-30,annual
Dickinson,municipality,2020,2019-10-01,2020-09-30,annual
Dickinson,municipality,2022,2021-10-01,2022-09-30,annual
Dickinson,municipality,2023,2022-10-01,2023-09-30,annual
Dickinson,municipality,2024,2023-10-01,2024-09-30,annual
Dickinson,municipality,2025,2024-10-01,2025-09-30,annual
Dimmit County,county,2016,2015-10-01,2016-09-30,annual
Dimmit County,county,2017,2016-09-30,2017-09-30,annual
Dimmit County,county,2018,2017-09-30,2018-09-30,annual
Dimmit County,county,2019,2018-09-30,2019-09-30,annual
Dimmit County,county,2020,2019-10-01,2020-09-30,annual
Dimmit County,county,2021,2020-09-30,2021-09-30,annual
Dimmit County,county,2022,2021-09-30,2022-09-30,annual
Dimmit County,county,2023,2022-10-01,2023-09-30,annual
Dimmit County,county,2024,2023-10-01,2024-09-30,annual
Dimmit County,county,2025,2024-10-01,2025-09-30,annual
Donna,municipality,2019,2018-09-30,2019-09-30,annual
Donna,municipality,2020,2019-10-01,2020-09-30,annual
Donna,municipality,2022,2021-09-30,2022-09-30,annual
Donna,municipality,2023,2022-10-01,2023-09-30,annual
Donna,municipality,2024,2023-10-01,2024-09-30,annual
Donna,municipality,2025,2024-10-01,2025-09-30,annual
Dumas,municipality,2022,2021-09-30,2022-09-30,annual
Duncanville,municipality,2017,2016-09-30,2017-09-30,annual
Duncanville,municipality,2020,2019-10-01,2020-09-30,annual
Duncanville,municipality,2021,2020-09-30,2021-09-30,annual
Duncanville,municipality,2022,2021-10-01,2022-09-30,annual
Duncanville,municipality,2023,2022-10-01,2023-09-30,annual
Duncanville,municipality,2024,2023-10-01,2024-09-30,annual
Duncanville,municipality,2025,2024-10-01,2025-09-30,annual
Duval County,county,2017,2016-09-30,2017-09-30,annual
Duval County,county,2018,2017-09-30,2018-09-30,annual
Duval County,county,2020,2019-10-01,2020-09-30,annual
Duval County,county,2021,2020-09-30,2021-09-30,annual
Duval County,county,2022,2021-09-30,2022-09-30,annual
Duval County,county,2023,2022-10-01,2023-09-30,annual
Duval County,county,2024,2023-10-01,2024-09-30,annual
Duval County,county,2025,2024-10-01,2025-09-30,annual
Eagle Lake,municipality,2023,2022-10-01,2023-09-30,annual
Eagle Pass,municipality,2016,2015-10-01,2016-09-30,annual
Eagle Pass,municipality,2017,2016-09-30,2017-09-30,annual
Eagle Pass,municipality,2018,2017-09-30,2018-09-30,annual
Eagle Pass,municipality,2019,2018-09-30,2019-09-30,annual
Eagle Pass,municipality,2020,2019-10-01,2020-09-30,annual
Eagle Pass,municipality,2021,2020-09-30,2021-09-30,annual
Eagle Pass,municipality,2022,2021-10-01,2022-09-30,annual
Eagle Pass,municipality,2023,2022-10-01,2023-09-30,annual
Eagle Pass,municipality,2024,2023-10-01,2024-09-30,annual
Early,municipality,2016,2015-10-01,2016-09-30,annual
Early,municipality,2017,2016-09-30,2017-09-30,annual
Early,municipality,2018,2017-09-30,2018-09-30,annual
Eastland,municipality,2018,2017-09-30,2018-09-30,annual
Eastland,municipality,2019,2018-09-30,2019-09-30,annual
Eastland,municipality,2020,2019-10-01,2020-09-30,annual
Eastland County,county,2017,2016-09-30,2017-09-30,annual
Eastland County,county,2018,2017-09-30,2018-09-30,annual
Eastland County,county,2019,2018-09-30,2019-09-30,annual
Eastland County,county,2020,2019-10-01,2020-09-30,annual
Eastland County,county,2021,2020-09-30,2021-09-30,annual
Eastland County,county,2022,2021-09-30,2022-09-30,annual
Eastland County,county,2023,2022-09-01,2023-08-31,annual
Eastland County,county,2024,2023-09-01,2024-08-31,annual
Eastland County,county,2025,2024-10-01,2025-09-30,annual
Ector County,county,2020,2019-10-01,2020-09-30,annual
Ector County,county,2021,2020-09-30,2021-09-30,annual
Ector County,county,2022,2021-09-30,2022-09-30,annual
Ector County,county,2023,2022-10-01,2023-09-30,annual
Ector County,county,2024,2023-10-01,2024-09-30,annual
Eden,municipality,2023,2022-08-01,2023-07-31,annual
Edinburg,municipality,2016,2015-10-01,2016-09-30,annual
Edinburg,municipality,2017,2016-09-30,2017-09-30,annual
Edinburg,municipality,2018,2017-09-30,2018-09-30,annual
Edinburg,municipality,2019,2018-09-30,2019-09-30,annual
Edinburg,municipality,2020,2019-10-01,2020-09-30,annual
Edinburg,municipality,2021,2020-09-30,2021-09-30,annual
Edinburg,municipality,2022,2021-10-01,2022-09-30,annual
Edinburg,municipality,2023,2022-10-01,2023-09-30,annual
Edinburg,municipality,2024,2023-10-01,2024-09-30,annual
Edinburg,municipality,2025,2024-10-01,2025-09-30,annual
Edna,municipality,2023,2022-10-01,2023-09-30,annual
Edwards County,county,2024,2023-10-01,2024-09-30,annual
El Campo,municipality,2019,2018-09-30,2019-09-30,annual
El Campo,municipality,2020,2019-10-01,2020-09-30,annual
El Campo,municipality,2022,2021-09-30,2022-09-30,annual
El Campo,municipality,2023,2022-10-01,2023-09-30,annual
El Campo,municipality,2024,2023-10-01,2024-09-30,annual
El Paso,municipality,2016,2015-09-01,2016-08-31,annual
El Paso,municipality,2017,2016-08-31,2017-08-31,annual
El Paso,municipality,2018,2017-08-31,2018-08-31,annual
El Paso,municipality,2019,2018-08-31,2019-08-31,annual
El Paso,municipality,2020,2019-09-01,2020-08-31,annual
El Paso,municipality,2021,2020-08-31,2021-08-31,annual
El Paso,municipality,2022,2021-08-31,2022-08-31,annual
El Paso,municipality,2023,2022-09-01,2023-08-31,annual
El Paso,municipality,2024,2023-09-01,2024-08-31,annual
El Paso,municipality,2025,2024-09-01,2025-08-31,annual
El Paso County,county,2016,2015-10-01,2016-09-30,annual
El Paso County,county,2017,2016-09-30,2017-09-30,annual
El Paso County,county,2018,2017-09-30,2018-09-30,annual
El Paso County,county,2019,2018-09-30,2019-09-30,annual
El Paso County,county,2020,2019-10-01,2020-09-30,annual
El Paso County,county,2021,2020-09-30,2021-09-30,annual
El Paso County,county,2022,2021-09-30,2022-09-30,annual
El Paso County,county,2023,2022-10-01,2023-09-30,annual
El Paso County,county,2024,2023-10-01,2024-09-30,annual
El Paso County,county,2025,2024-10-01,2025-09-30,annual
Eldorado,municipality,2017,2016-08-31,2017-08-31,annual
Elgin,municipality,2017,2016-09-30,2017-09-30,annual
Elgin,municipality,2022,2021-10-01,2022-09-30,annual
Elgin,municipality,2023,2022-10-01,2023-09-30,annual
Elgin,municipality,2024,2023-10-01,2024-09-30,annual
Elgin,municipality,2025,2024-10-01,2025-09-30,annual
Ellis County,county,2016,2015-10-01,2016-09-30,annual
Ellis County,county,2020,2019-10-01,2020-09-30,annual
Ellis County,county,2021,2020-09-30,2021-09-30,annual
Ellis County,county,2023,2022-10-01,2023-09-30,annual
Ellis County,county,2024,2023-10-01,2024-09-30,annual
Ellis County,county,2025,2024-10-01,2025-09-30,annual
Elmendorf,municipality,2020,2019-10-01,2020-09-30,annual
Elmendorf,municipality,2021,2020-09-30,2021-09-30,annual
Elmendorf,municipality,2022,2021-09-30,2022-09-30,annual
Ennis,municipality,2017,2016-09-30,2017-09-30,annual
Ennis,municipality,2018,2017-09-30,2018-09-30,annual
Ennis,municipality,2019,2018-09-30,2019-09-30,annual
Ennis,municipality,2020,2019-10-01,2020-09-30,annual
Ennis,municipality,2021,2020-09-30,2021-09-30,annual
Ennis,municipality,2023,2022-10-01,2023-09-30,annual
Ennis,municipality,2024,2023-10-01,2024-09-30,annual
Erath County,county,2023,2022-10-01,2023-09-30,annual
Erath County,county,2024,2023-10-01,2024-09-30,annual
Erath County,county,2025,2024-10-01,2025-09-30,annual
Euless,municipality,2016,2015-10-01,2016-09-30,annual
Euless,municipality,2017,2016-09-30,2017-09-30,annual
Euless,municipality,2018,2017-09-30,2018-09-30,annual
Euless,municipality,2019,2018-09-30,2019-09-30,annual
Euless,municipality,2020,2019-10-01,2020-09-30,annual
Euless,municipality,2021,2020-09-30,2021-09-30,annual
Euless,municipality,2022,2021-09-30,2022-09-30,annual
Euless,municipality,2023,2022-10-01,2023-09-30,annual
Euless,municipality,2024,2023-10-01,2024-09-30,annual
Euless,municipality,2025,2024-10-01,2025-09-30,annual
Everman,municipality,2021,2020-09-30,2021-09-30,annual
Everman,municipality,2022,2021-09-30,2022-09-30,annual
Everman,municipality,2023,2022-10-01,2023-09-30,annual
Fair Oaks Ranch,municipality,2022,2021-09-30,2022-09-30,annual
Fairview,municipality,2020,2019-10-01,2020-09-30,annual
Fairview,municipality,2023,2022-10-01,2023-09-30,annual
Fairview,municipality,2024,2023-10-01,2024-09-30,annual
Fairview,municipality,2025,2024-10-01,2025-09-30,annual
Falfurrias,municipality,2022,2022-01-01,2022-12-31,annual
Falfurrias,municipality,2023,2022-01-01,2023-12-31,annual
Falls County,county,2020,2019-10-01,2020-09-30,annual
Falls County,county,2021,2020-09-30,2021-09-30,annual
Falls County,county,2023,2022-10-01,2023-09-30,annual
Falls County,county,2025,2024-10-01,2025-09-30,annual
Fannin County,county,2020,2019-10-01,2020-09-30,annual
Fannin County,county,2022,2021-09-30,2022-09-30,annual
Fannin County,county,2023,2022-10-01,2023-09-30,annual
Fannin County,county,2024,2023-10-01,2024-09-30,annual
Fannin County,county,2025,2024-10-01,2025-09-30,annual
Farmers Branch,municipality,2020,2019-10-01,2020-09-30,annual
Farmers Branch,municipality,2021,2020-09-30,2021-09-30,annual
Farmers Branch,municipality,2022,2021-09-30,2022-09-30,annual
Farmers Branch,municipality,2023,2022-10-01,2023-09-30,annual
Farmers Branch,municipality,2024,2023-10-01,2024-09-30,annual
Farmers Branch,municipality,2025,2024-10-01,2025-09-30,annual
Farmersville,municipality,2018,2017-09-30,2018-09-30,annual
Farmersville,municipality,2019,2018-09-30,2019-09-30,annual
Farmersville,municipality,2020,2019-10-01,2020-09-30,annual
Fate,municipality,2023,2022-10-01,2023-09-30,annual
Fate,municipality,2024,2023-10-01,2024-09-30,annual
Fayette County,county,2020,2020-01-01,2020-12-31,annual
Fayette County,county,2021,2020-12-31,2021-12-31,annual
Fayette County,county,2022,2022-01-01,2022-12-31,annual
Fayette County,county,2023,2023-01-01,2023-12-31,annual
Fayette County,county,2024,2024-01-01,2024-12-31,annual
Florence,municipality,2021,2020-09-30,2021-09-30,annual
Floresville,municipality,2016,2015-10-01,2016-09-30,annual
Floresville,municipality,2017,2016-09-30,2017-09-30,annual
Floresville,municipality,2018,2017-09-30,2018-09-30,annual
Floresville,municipality,2019,2018-09-30,2019-09-30,annual
Flower Mound,municipality,2020,2019-10-01,2020-09-30,annual
Flower Mound,municipality,2021,2020-09-30,2021-09-30,annual
Flower Mound,municipality,2022,2021-09-30,2022-09-30,annual
Flower Mound,municipality,2023,2022-10-01,2023-09-30,annual
Flower Mound,municipality,2024,2023-10-01,2024-09-30,annual
Flower Mound,municipality,2025,2024-10-01,2025-09-30,annual
Forney,municipality,2021,2020-09-30,2021-09-30,annual
Forney,municipality,2023,2022-10-01,2023-09-30,annual
Forney,municipality,2025,2024-10-01,2025-09-30,annual
Fort Bend County,county,2016,2015-10-01,2016-09-30,annual
Fort Bend County,county,2017,2016-09-30,2017-09-30,annual
Fort Bend County,county,2018,2017-09-30,2018-09-30,annual
Fort Bend County,county,2019,2018-09-30,2019-09-30,annual
Fort Bend County,county,2020,2019-10-01,2020-09-30,annual
Fort Bend County,county,2021,2020-09-30,2021-09-30,annual
Fort Bend County,county,2022,2021-09-30,2022-09-30,annual
Fort Bend County,county,2023,2022-10-01,2023-09-30,annual
Fort Bend County,county,2024,2023-10-01,2024-09-30,annual
Fort Stockton,municipality,2016,2015-10-01,2016-09-30,annual
Fort Stockton,municipality,2021,2020-09-30,2021-09-30,annual
Fort Worth,municipality,2016,2015-10-01,2016-09-30,annual
Fort Worth,municipality,2017,2016-09-30,2017-09-30,annual
Fort Worth,municipality,2018,2017-09-30,2018-09-30,annual
Fort Worth,municipality,2019,2018-09-30,2019-09-30,annual
Fort Worth,municipality,2020,2019-10-01,2020-09-30,annual
Fort Worth,municipality,2021,2020-09-30,2021-09-30,annual
Fort Worth,municipality,2022,2021-09-30,2022-09-30,annual
Fort Worth,municipality,2023,2022-10-01,2023-09-30,annual
Fort Worth,municipality,2024,2023-10-01,2024-09-30,annual
Fort Worth,municipality,2025,2024-10-01,2025-09-30,annual
Fredericksburg,municipality,2022,2021-09-30,2022-09-30,annual
Fredericksburg,municipality,2024,2023-10-01,2024-09-30,annual
Freeport,municipality,2016,2015-10-01,2016-09-30,annual
Freeport,municipality,2021,2020-09-30,2021-09-30,annual
Freeport,municipality,2022,2021-09-30,2022-09-30,annual
Freeport,municipality,2023,2022-10-01,2023-09-30,annual
Freeport,municipality,2024,2023-10-01,2024-09-30,annual
Freeport,municipality,2025,2024-10-01,2025-09-30,annual
Freestone County,county,2020,2019-10-01,2020-09-30,annual
Freestone County,county,2024,2023-10-01,2024-09-30,annual
Friendswood,municipality,2017,2016-09-30,2017-09-30,annual
Friendswood,municipality,2018,2017-09-30,2018-09-30,annual
Friendswood,municipality,2019,2018-09-30,2019-09-30,annual
Friendswood,municipality,2020,2019-10-01,2020-09-30,annual
Friendswood,municipality,2021,2020-09-30,2021-09-30,annual
Friendswood,municipality,2022,2021-09-30,2022-09-30,annual
Friendswood,municipality,2023,2022-10-01,2023-09-30,annual
Friendswood,municipality,2025,2024-10-01,2025-09-30,annual
Frisco,municipality,2017,2016-09-30,2017-09-30,annual
Frisco,municipality,2018,2017-09-30,2018-09-30,annual
Frisco,municipality,2019,2018-09-30,2019-09-30,annual
Frisco,municipality,2020,2019-10-01,2020-09-30,annual
Frisco,municipality,2021,2020-09-30,2021-09-30,annual
Frisco,municipality,2022,2021-09-30,2022-09-30,annual
Frisco,municipality,2023,2022-10-01,2023-09-30,annual
Frisco,municipality,2024,2023-10-01,2024-09-30,annual
Frisco,municipality,2025,2024-10-01,2025-09-30,annual
Fulshear,municipality,2024,2023-10-01,2024-09-30,annual
Fulton,municipality,2019,2018-09-30,2019-09-30,annual
Fulton,municipality,2020,2019-10-01,2020-09-30,annual
Fulton,municipality,2021,2020-09-30,2021-09-30,annual
Fulton,municipality,2023,2022-10-01,2023-09-30,annual
Gaines County,county,2023,2022-10-01,2023-09-30,annual
Gainesville,municipality,2020,2019-10-01,2020-09-30,annual
Gainesville,municipality,2022,2021-09-30,2022-09-30,annual
Gainesville,municipality,2023,2022-10-01,2023-09-30,annual
Gainesville,municipality,2024,2023-10-01,2024-09-30,annual
Galveston,municipality,2016,2015-10-01,2016-09-30,annual
Galveston,municipality,2017,2016-09-30,2017-09-30,annual
Galveston,municipality,2018,2017-09-30,2018-09-30,annual
Galveston,municipality,2019,2018-09-30,2019-09-30,annual
Galveston,municipality,2020,2019-10-01,2020-09-30,annual
Galveston,municipality,2021,2020-09-30,2021-09-30,annual
Galveston,municipality,2022,2021-09-30,2022-09-30,annual
Galveston,municipality,2023,2022-10-01,2023-09-30,annual
Galveston,municipality,2024,2023-10-01,2024-09-30,annual
Galveston,municipality,2025,2024-10-01,2025-09-30,annual
Galveston County,county,2016,2015-10-01,2016-09-30,annual
Galveston County,county,2017,2016-09-30,2017-09-30,annual
Galveston County,county,2018,2017-09-30,2018-09-30,annual
Galveston County,county,2019,2018-09-30,2019-09-30,annual
Galveston County,county,2020,2019-10-01,2020-09-30,annual
Galveston County,county,2021,2020-09-30,2021-09-30,annual
Galveston County,county,2022,2021-09-30,2022-09-30,annual
Galveston County,county,2023,2022-10-01,2023-09-30,annual
Galveston County,county,2024,2023-10-01,2024-09-30,annual
Galveston County,county,2025,2024-10-01,2025-09-30,annual
Ganado,municipality,2022,2021-10-01,2022-09-30,annual
Garland,municipality,2016,2015-10-01,2016-09-30,annual
Garland,municipality,2017,2016-09-30,2017-09-30,annual
Garland,municipality,2018,2017-09-30,2018-09-30,annual
Garland,municipality,2019,2018-09-30,2019-09-30,annual
Garland,municipality,2020,2019-10-01,2020-09-30,annual
Garland,municipality,2021,2020-09-30,2021-09-30,annual
Garland,municipality,2022,2021-09-30,2022-09-30,annual
Garland,municipality,2023,2022-10-01,2023-09-30,annual
Garland,municipality,2024,2023-10-01,2024-09-30,annual
Garland,municipality,2025,2024-10-01,2025-09-30,annual
Garrison,municipality,2025,2024-04-01,2025-03-31,annual
Gatesville,municipality,2023,2022-10-01,2023-09-30,annual
Georgetown,municipality,2016,2015-10-01,2016-09-30,annual
Georgetown,municipality,2017,2016-09-30,2017-09-30,annual
Georgetown,municipality,2018,2017-09-30,2018-09-30,annual
Georgetown,municipality,2020,2019-10-01,2020-09-30,annual
Georgetown,municipality,2021,2020-09-30,2021-09-30,annual
Georgetown,municipality,2022,2021-09-30,2022-09-30,annual
Georgetown,municipality,2024,2023-10-01,2024-09-30,annual
Georgetown,municipality,2025,2024-10-01,2025-09-30,annual
Giddings,municipality,2023,2022-10-01,2023-09-30,annual
Gillespie County,county,2017,2016-09-30,2017-09-30,annual
Gillespie County,county,2021,2020-09-30,2021-09-30,annual
Gillespie County,county,2022,2021-09-30,2022-09-30,annual
Gillespie County,county,2023,2022-10-01,2023-09-30,annual
Gilmer,municipality,2024,2023-10-01,2024-09-30,annual
Glenn Heights,municipality,2024,2023-10-01,2024-09-30,annual
Goliad,municipality,2023,2022-10-01,2023-09-30,annual
Goliad,municipality,2024,2023-10-01,2024-09-30,annual
Goliad,municipality,2025,2024-10-01,2025-09-30,annual
Goliad County,county,2022,2021-09-30,2022-09-30,annual
Goliad County,county,2023,2022-10-01,2023-09-30,annual
Goliad County,county,2025,2024-10-01,2025-09-30,annual
Gonzales,municipality,2022,2021-09-30,2022-09-30,annual
Gonzales,municipality,2023,2022-10-01,2023-09-30,annual
Gonzales County,county,2022,2021-09-30,2022-09-30,annual
Gorman,municipality,2019,2018-05-31,2019-05-31,annual
Granbury,municipality,2016,2015-10-01,2016-09-30,annual
Granbury,municipality,2017,2016-09-30,2017-09-30,annual
Granbury,municipality,2018,2017-09-30,2018-09-30,annual
Granbury,municipality,2019,2018-09-30,2019-09-30,annual
Granbury,municipality,2020,2019-10-01,2020-09-30,annual
Granbury,municipality,2021,2020-09-30,2021-09-30,annual
Granbury,municipality,2022,2021-09-30,2022-09-30,annual
Granbury,municipality,2023,2022-10-01,2023-09-30,annual
Granbury,municipality,2024,2023-10-01,2024-09-30,annual
Granbury,municipality,2025,2024-10-01,2025-09-30,annual
Grand Prairie,municipality,2016,2015-10-01,2016-09-30,annual
Grand Prairie,municipality,2017,2016-09-30,2017-09-30,annual
Grand Prairie,municipality,2018,2017-09-30,2018-09-30,annual
Grand Prairie,municipality,2019,2018-09-30,2019-09-30,annual
Grand Prairie,municipality,2020,2019-10-01,2020-09-30,annual
Grand Prairie,municipality,2021,2020-09-30,2021-09-30,annual
Grand Prairie,municipality,2022,2021-09-30,2022-09-30,annual
Grand Prairie,municipality,2023,2022-10-01,2023-09-30,annual
Grand Prairie,municipality,2024,2023-10-01,2024-09-30,annual
Grand Prairie,municipality,2025,2024-10-01,2025-09-30,annual
Grapeland,municipality,2019,2018-06-30,2019-06-30,annual
Grapevine,municipality,2016,2015-10-01,2016-09-30,annual
Grapevine,municipality,2017,2016-09-30,2017-09-30,annual
Grapevine,municipality,2020,2019-10-01,2020-09-30,annual
Grapevine,municipality,2021,2020-09-30,2021-09-30,annual
Grapevine,municipality,2023,2022-10-01,2023-09-30,annual
Grapevine,municipality,2024,2023-10-01,2024-09-30,annual
Grapevine,municipality,2025,2024-10-01,2025-09-30,annual
Gray County,county,2022,2021-09-30,2022-09-30,annual
Grayson County,county,2016,2015-10-01,2016-09-30,annual
Grayson County,county,2017,2016-09-30,2017-09-30,annual
Grayson County,county,2018,2017-09-30,2018-09-30,annual
Grayson County,county,2019,2018-09-30,2019-09-30,annual
Grayson County,county,2020,2019-10-01,2020-09-30,annual
Grayson County,county,2021,2020-09-30,2021-09-30,annual
Grayson County,county,2022,2021-09-30,2022-09-30,annual
Grayson County,county,2023,2022-10-01,2023-09-30,annual
Grayson County,county,2024,2023-10-01,2024-09-30,annual
Grayson County,county,2025,2024-10-01,2025-09-30,annual
Greenville,municipality,2021,2020-09-30,2021-09-30,annual
Gregg County,county,2016,2015-10-01,2016-09-30,annual
Gregg County,county,2017,2016-09-30,2017-09-30,annual
Gregg County,county,2018,2017-09-30,2018-09-30,annual
Gregg County,county,2019,2018-09-30,2019-09-30,annual
Gregg County,county,2020,2019-10-01,2020-09-30,annual
Gregg County,county,2021,2020-09-30,2021-09-30,annual
Gregg County,county,2022,2021-09-30,2022-09-30,annual
Gregg County,county,2023,2022-10-01,2023-09-30,annual
Gregg County,county,2024,2023-10-01,2024-09-30,annual
Gregg County,county,2025,2024-10-01,2025-09-30,annual
Grimes County,county,2019,2018-09-30,2019-09-30,annual
Grimes County,county,2020,2019-10-01,2020-09-30,annual
Grimes County,county,2021,2020-09-30,2021-09-30,annual
Grimes County,county,2022,2021-09-30,2022-09-30,annual
Grimes County,county,2023,2022-10-01,2023-09-30,annual
Grimes County,county,2024,2023-10-01,2024-09-30,annual
Grimes County,county,2025,2024-10-01,2025-09-30,annual
Groves,municipality,2018,2017-09-30,2018-09-30,annual
Groves,municipality,2020,2019-10-01,2020-09-30,annual
Groves,municipality,2021,2020-09-30,2021-09-30,annual
Groves,municipality,2022,2021-09-30,2022-09-30,annual
Groves,municipality,2023,2022-10-01,2023-09-30,annual
Guadalupe County,county,2016,2015-10-01,2016-09-30,annual
Guadalupe County,county,2017,2016-09-30,2017-09-30,annual
Guadalupe County,county,2018,2017-09-30,2018-09-30,annual
Guadalupe County,county,2019,2018-09-30,2019-09-30,annual
Guadalupe County,county,2021,2020-09-30,2021-09-30,annual
Guadalupe County,county,2022,2021-10-01,2022-09-30,annual
Guadalupe County,county,2023,2022-10-01,2023-09-30,annual
Guadalupe County,county,2024,2023-10-01,2024-09-30,annual
Guadalupe County,county,2025,2024-10-01,2025-09-30,annual
Hale County,county,2023,2023-01-01,2023-12-31,annual
Hale County,county,2024,2024-01-01,2024-12-31,annual
Hale County,county,2025,2025-01-01,2025-12-31,annual
Hallettsville,municipality,2022,2021-12-31,2022-12-31,annual
Hallettsville,municipality,2023,2023-01-01,2023-12-31,annual
Hallettsville,municipality,2024,2024-01-01,2024-12-31,annual
Hallettsville,municipality,2025,2025-01-01,2025-12-31,annual
Haltom City,municipality,2020,2019-10-01,2020-09-30,annual
Haltom City,municipality,2021,2020-09-30,2021-09-30,annual
Haltom City,municipality,2023,2022-10-01,2023-09-30,annual
Hamilton,municipality,2024,2023-10-01,2024-09-30,annual
Hardeman County,county,2016,2015-10-01,2016-09-30,annual
Hardin County,county,2016,2015-10-01,2016-09-30,annual
Hardin County,county,2017,2016-09-30,2017-09-30,annual
Hardin County,county,2018,2017-09-30,2018-09-30,annual
Hardin County,county,2019,2018-09-30,2019-09-30,annual
Hardin County,county,2020,2019-10-01,2020-09-30,annual
Hardin County,county,2021,2020-09-30,2021-09-30,annual
Hardin County,county,2022,2021-09-30,2022-09-30,annual
Hardin County,county,2023,2022-10-01,2023-09-30,annual
Hardin County,county,2024,2023-10-01,2024-09-30,annual
Harker Heights,municipality,2019,2018-09-30,2019-09-30,annual
Harker Heights,municipality,2020,2019-10-01,2020-09-30,annual
Harker Heights,municipality,2022,2021-09-30,2022-09-30,annual
Harker Heights,municipality,2023,2022-10-01,2023-09-30,annual
Harker Heights,municipality,2024,2023-10-01,2024-09-30,annual
Harker Heights,municipality,2025,2024-10-01,2025-09-30,annual
Harlingen,municipality,2016,2015-10-01,2016-09-30,annual
Harlingen,municipality,2017,2016-09-30,2017-09-30,annual
Harlingen,municipality,2018,2017-09-30,2018-09-30,annual
Harlingen,municipality,2019,2018-09-30,2019-09-30,annual
Harlingen,municipality,2020,2019-10-01,2020-09-30,annual
Harlingen,municipality,2021,2020-09-30,2021-09-30,annual
Harlingen,municipality,2022,2021-09-30,2022-09-30,annual
Harlingen,municipality,2023,2022-10-01,2023-09-30,annual
Harlingen,municipality,2024,2023-10-01,2024-09-30,annual
Harlingen,municipality,2025,2024-10-01,2025-09-30,annual
Harris County,county,2016,2015-03-01,2016-02-29,annual
Harris County,county,2017,2016-02-29,2017-02-28,annual
Harris County,county,2018,2017-02-28,2018-02-28,annual
Harris County,county,2019,2018-02-28,2019-02-28,annual
Harris County,county,2020,2019-03-01,2020-02-29,annual
Harris County,county,2021,2020-02-29,2021-02-28,annual
Harris County,county,2022,2021-02-28,2022-02-28,annual
Harris County,county,2023,2022-10-01,2023-09-30,annual
Harris County,county,2024,2023-10-01,2024-09-30,annual
Harris County,county,2025,2024-10-01,2025-09-30,annual
Harrison County,county,2020,2019-10-01,2020-09-30,annual
Harrison County,county,2022,2021-09-30,2022-09-30,annual
Harrison County,county,2023,2022-10-01,2023-09-30,annual
Harrison County,county,2024,2023-10-01,2024-09-30,annual
Harrison County,county,2025,2024-10-01,2025-09-30,annual
Haslet,municipality,2020,2019-10-01,2020-09-30,annual
Hays County,county,2016,2015-10-01,2016-09-30,annual
Hays County,county,2017,2016-09-30,2017-09-30,annual
Hays County,county,2018,2017-09-30,2018-09-30,annual
Hays County,county,2019,2018-09-30,2019-09-30,annual
Hays County,county,2020,2019-10-01,2020-09-30,annual
Hays County,county,2021,2020-09-30,2021-09-30,annual
Hays County,county,2022,2021-09-30,2022-09-30,annual
Hays County,county,2023,2022-10-01,2023-09-30,annual
Hays County,county,2024,2023-10-01,2024-09-30,annual
Hays County,county,2025,2024-10-01,2025-09-30,annual
Heath,municipality,2025,2024-10-01,2025-09-30,annual
Hempstead,municipality,2017,2016-09-30,2017-09-30,annual
Hempstead,municipality,2022,2021-09-30,2022-09-30,annual
Hempstead,municipality,2024,2023-10-01,2024-09-30,annual
Hempstead,municipality,2025,2024-10-01,2025-09-30,annual
Henderson,municipality,2022,2021-09-30,2022-09-30,annual
Henderson,municipality,2023,2022-10-01,2023-09-30,annual
Henderson County,county,2020,2020-01-01,2020-12-31,annual
Henderson County,county,2022,2021-12-31,2022-12-31,annual
Henderson County,county,2023,2023-01-01,2023-12-31,annual
Henderson County,county,2024,2024-01-01,2024-12-31,annual
Hewitt,municipality,2020,2019-10-01,2020-09-30,annual
Hewitt,municipality,2024,2023-10-01,2024-09-30,annual
Hico,municipality,2016,2015-10-01,2016-09-30,annual
Hidalgo County,county,2016,2016-01-01,2016-12-31,annual
Hidalgo County,county,2017,2016-12-31,2017-12-31,annual
Hidalgo County,county,2018,2017-12-31,2018-12-31,annual
Hidalgo County,county,2019,2018-12-31,2019-12-31,annual
Hidalgo County,county,2020,2020-01-01,2020-12-31,annual
Hidalgo County,county,2021,2020-12-31,2021-12-31,annual
Hidalgo County,county,2022,2022-01-01,2022-12-31,annual
Hidalgo County,county,2023,2023-01-01,2023-12-31,annual
Hidalgo County,county,2024,2024-01-01,2024-12-31,annual
Hidalgo County,county,2025,2025-01-01,2025-12-31,annual
Highland Village,municipality,2020,2019-10-01,2020-09-30,annual
Highland Village,municipality,2022,2021-09-30,2022-09-30,annual
Highland Village,municipality,2023,2022-10-01,2023-09-30,annual
Highland Village,municipality,2024,2023-10-01,2024-09-30,annual
Hill County,county,2016,2015-10-01,2016-09-30,annual
Hill County,county,2017,2016-09-30,2017-09-30,annual
Hill County,county,2018,2017-09-30,2018-09-30,annual
Hill County,county,2020,2019-10-01,2020-09-30,annual
Hill County,county,2021,2020-09-30,2021-09-30,annual
Hill County,county,2022,2021-09-30,2022-09-30,annual
Hill County,county,2023,2022-10-01,2023-09-30,annual
Hill County,county,2024,2023-10-01,2024-09-30,annual
Hillsboro,municipality,2016,2015-10-01,2016-09-30,annual
Hillsboro,municipality,2020,2019-10-01,2020-09-30,annual
Hillsboro,municipality,2021,2020-09-30,2021-09-30,annual
Hillsboro,municipality,2022,2021-09-30,2022-09-30,annual
Hillsboro,municipality,2023,2022-10-01,2023-09-30,annual
Hillsboro,municipality,2025,2024-10-01,2025-09-30,annual
Hitchcock,municipality,2016,2015-10-01,2016-09-30,annual
Hitchcock,municipality,2021,2020-09-30,2021-09-30,annual
Hitchcock,municipality,2022,2021-09-30,2022-09-30,annual
Hitchcock,municipality,2025,2024-10-01,2025-09-30,annual
Hockley County,county,2023,2023-01-01,2023-12-31,annual
Hondo,municipality,2018,2017-09-30,2018-09-30,annual
Hondo,municipality,2019,2018-09-30,2019-09-30,annual
Hondo,municipality,2020,2019-10-01,2020-09-30,annual
Hondo,municipality,2023,2022-10-01,2023-09-30,annual
Hondo,municipality,2024,2023-10-01,2024-09-30,annual
Hondo,municipality,2025,2024-10-01,2025-09-30,annual
Honey Grove,municipality,2017,2016-09-30,2017-09-30,annual
Honey Grove,municipality,2018,2017-09-30,2018-09-30,annual
Hood County,county,2021,2020-09-30,2021-09-30,annual
Hood County,county,2022,2021-09-30,2022-09-30,annual
Hood County,county,2023,2022-10-01,2023-09-30,annual
Hood County,county,2024,2023-10-01,2024-09-30,annual
Hooks,municipality,2023,2022-10-01,2023-09-30,annual
Hopkins County,county,2016,2016-01-01,2016-12-31,annual
Hopkins County,county,2017,2016-09-30,2017-09-30,annual
Hopkins County,county,2022,2021-09-30,2022-09-30,annual
Hopkins County,county,2023,2022-10-01,2023-09-30,annual
Hopkins County,county,2024,2023-10-01,2024-09-30,annual
Horizon City,municipality,2016,2015-10-01,2016-09-30,annual
Horizon City,municipality,2017,2016-09-30,2017-09-30,annual
Horizon City,municipality,2018,2017-09-30,2018-09-30,annual
Horizon City,municipality,2023,2022-10-01,2023-09-30,annual
Horizon City,municipality,2024,2023-10-01,2024-09-30,annual
Horizon City,municipality,2025,2024-10-01,2025-09-30,annual
Houston,municipality,2016,2015-07-01,2016-06-30,annual
Houston,municipality,2017,2016-06-30,2017-06-30,annual
Houston,municipality,2019,2018-06-30,2019-06-30,annual
Houston,municipality,2020,2019-07-01,2020-06-30,annual
Houston,municipality,2021,2020-06-30,2021-06-30,annual
Houston,municipality,2022,2021-06-30,2022-06-30,annual
Houston,municipality,2023,2022-07-01,2023-06-30,annual
Houston,municipality,2024,2023-07-01,2024-06-30,annual
Houston,municipality,2025,2024-07-01,2025-06-30,annual
Houston County,county,2016,2015-10-01,2016-09-30,annual
Houston County,county,2017,2016-09-30,2017-09-30,annual
Houston County,county,2019,2018-09-30,2019-09-30,annual
Houston County,county,2020,2019-10-01,2020-09-30,annual
Houston County,county,2021,2020-09-30,2021-09-30,annual
Houston County,county,2022,2021-09-30,2022-09-30,annual
Houston County,county,2023,2022-10-01,2023-09-30,annual
Houston County,county,2024,2023-10-01,2024-09-30,annual
Howard County,county,2022,2021-09-30,2022-09-30,annual
Howard County,county,2023,2022-10-01,2023-09-30,annual
Howard County,county,2024,2023-10-01,2024-09-30,annual
Hubbard,municipality,2024,2023-10-01,2024-09-30,annual
Hudson,municipality,2020,2019-10-01,2020-09-30,annual
Humble,municipality,2020,2019-10-01,2020-09-30,annual
Humble,municipality,2021,2020-09-30,2021-09-30,annual
Humble,municipality,2023,2022-10-01,2023-09-30,annual
Humble,municipality,2024,2023-10-01,2024-09-30,annual
Hunt County,county,2020,2019-10-01,2020-09-30,annual
Hunt County,county,2021,2020-09-30,2021-09-30,annual
Hunt County,county,2022,2021-10-01,2022-09-30,annual
Hunt County,county,2023,2022-10-01,2023-09-30,annual
Hunt County,county,2024,2023-10-01,2024-09-30,annual
Huntington,municipality,2021,2020-09-30,2021-09-30,annual
Huntington,municipality,2022,2021-09-30,2022-09-30,annual
Huntsville,municipality,2016,2015-10-01,2016-09-30,annual
Huntsville,municipality,2017,2016-09-30,2017-09-30,annual
Huntsville,municipality,2018,2017-09-30,2018-09-30,annual
Huntsville,municipality,2020,2019-10-01,2020-09-30,annual
Huntsville,municipality,2021,2020-09-30,2021-09-30,annual
Huntsville,municipality,2022,2021-09-30,2022-09-30,annual
Huntsville,municipality,2023,2022-10-01,2023-09-30,annual
Hurst,municipality,2018,2017-09-30,2018-09-30,annual
Hurst,municipality,2020,2019-10-01,2020-09-30,annual
Hurst,municipality,2022,2021-09-30,2022-09-30,annual
Hutchinson County,county,2022,2021-09-30,2022-09-30,annual
Hutto,municipality,2024,2023-10-01,2024-09-30,annual
Hutto,municipality,2025,2024-10-01,2025-09-30,annual
Ingleside,municipality,2018,2017-09-30,2018-09-30,annual
Ingleside,municipality,2023,2022-10-01,2023-09-30,annual
Ingleside,municipality,2024,2023-10-01,2024-09-30,annual
Iowa Colony,municipality,2025,2024-10-01,2025-09-30,annual
Irving,municipality,2016,2015-10-01,2016-09-30,annual
Irving,municipality,2017,2016-09-30,2017-09-30,annual
Irving,municipality,2018,2017-09-30,2018-09-30,annual
Irving,municipality,2019,2018-09-30,2019-09-30,annual
Irving,municipality,2020,2019-10-01,2020-09-30,annual
Irving,municipality,2021,2020-09-30,2021-09-30,annual
Irving,municipality,2022,2021-09-30,2022-09-30,annual
Irving,municipality,2023,2022-10-01,2023-09-30,annual
Irving,municipality,2024,2023-10-01,2024-09-30,annual
Irving,municipality,2025,2024-10-01,2025-09-30,annual
Ivanhoe,municipality,2022,2021-09-30,2022-09-30,annual
Ivanhoe,municipality,2023,2022-10-01,2023-09-30,annual
Ivanhoe,municipality,2024,2023-10-01,2024-09-30,annual
Ivanhoe,municipality,2025,2024-10-01,2025-09-30,annual
Jacinto City,municipality,2017,2016-09-30,2017-09-30,annual
Jacinto City,municipality,2019,2018-09-30,2019-09-30,annual
Jacinto City,municipality,2020,2019-10-01,2020-09-30,annual
Jacinto City,municipality,2022,2021-09-30,2022-09-30,annual
Jacinto City,municipality,2023,2022-10-01,2023-09-30,annual
Jacinto City,municipality,2024,2023-10-01,2024-09-30,annual
Jacinto City,municipality,2025,2024-10-01,2025-09-30,annual
Jackson County,county,2020,2019-10-01,2020-09-30,annual
Jackson County,county,2022,2021-09-30,2022-09-30,annual
Jackson County,county,2024,2023-10-01,2024-09-30,annual
Jackson County,county,2025,2024-10-01,2025-09-30,annual
Jacksonville,municipality,2020,2019-10-01,2020-09-30,annual
Jacksonville,municipality,2022,2021-09-30,2022-09-30,annual
Jacksonville,municipality,2023,2022-10-01,2023-09-30,annual
Jacksonville,municipality,2024,2023-10-01,2024-09-30,annual
Jacksonville,municipality,2025,2024-10-01,2025-09-30,annual
Jasper,municipality,2022,2021-09-30,2022-09-30,annual
Jasper,municipality,2023,2022-10-01,2023-09-30,annual
Jasper,municipality,2024,2023-10-01,2024-09-30,annual
Jasper,municipality,2025,2024-10-01,2025-09-30,annual
Jasper County,county,2016,2016-01-01,2016-12-31,annual
Jasper County,county,2017,2016-12-31,2017-12-31,annual
Jasper County,county,2019,2018-12-31,2019-12-31,annual
Jasper County,county,2020,2020-01-01,2020-12-31,annual
Jasper County,county,2021,2020-12-31,2021-12-31,annual
Jasper County,county,2022,2021-12-31,2022-12-31,annual
Jasper County,county,2023,2023-01-01,2023-12-31,annual
Jasper County,county,2024,2024-01-01,2024-12-31,annual
Jefferson,municipality,2021,2020-09-30,2021-09-30,annual
Jefferson County,county,2016,2015-10-01,2016-09-30,annual
Jefferson County,county,2017,2016-09-30,2017-09-30,annual
Jefferson County,county,2018,2017-09-30,2018-09-30,annual
Jefferson County,county,2019,2018-09-30,2019-09-30,annual
Jefferson County,county,2020,2019-10-01,2020-09-30,annual
Jefferson County,county,2021,2020-09-30,2021-09-30,annual
Jefferson County,county,2022,2021-09-30,2022-09-30,annual
Jefferson County,county,2023,2022-10-01,2023-09-30,annual
Jefferson County,county,2024,2023-10-01,2024-09-30,annual
Jefferson County,county,2025,2024-10-01,2025-09-30,annual
Jersey Village,municipality,2020,2019-10-01,2020-09-30,annual
Jersey Village,municipality,2021,2020-09-30,2021-09-30,annual
Jersey Village,municipality,2022,2021-09-30,2022-09-30,annual
Jersey Village,municipality,2023,2022-10-01,2023-09-30,annual
Jersey Village,municipality,2024,2023-10-01,2024-09-30,annual
Jersey Village,municipality,2025,2024-10-01,2025-09-30,annual
Jim Hogg County,county,2016,2015-10-01,2016-09-30,annual
Jim Hogg County,county,2020,2019-10-01,2020-09-30,annual
Jim Hogg County,county,2021,2020-09-30,2021-09-30,annual
Jim Hogg County,county,2024,2023-10-01,2024-09-30,annual
Jim Hogg County,county,2025,2024-10-01,2025-09-30,annual
Jim Wells County,county,2016,2016-01-01,2016-12-31,annual
Jim Wells County,county,2017,2016-12-31,2017-12-31,annual
Jim Wells County,county,2021,2020-12-31,2021-12-31,annual
Jim Wells County,county,2022,2021-12-31,2022-12-31,annual
Jim Wells County,county,2023,2023-01-01,2023-12-31,annual
Jim Wells County,county,2024,2024-01-01,2024-12-31,annual
Johnson County,county,2020,2019-10-01,2020-09-30,annual
Johnson County,county,2021,2020-09-30,2021-09-30,annual
Johnson County,county,2022,2021-09-30,2022-09-30,annual
Johnson County,county,2023,2022-10-01,2023-09-30,annual
Johnson County,county,2024,2023-10-01,2024-09-30,annual
Johnson County,county,2025,2024-10-01,2025-09-30,annual
Jones County,county,2016,2016-01-01,2016-12-31,annual
Jones County,county,2017,2016-12-31,2017-12-31,annual
Jones County,county,2022,2021-12-31,2022-12-31,annual
Jones County,county,2023,2023-01-01,2023-12-31,annual
Jones County,county,2024,2024-01-01,2024-12-31,annual
Joshua,municipality,2023,2022-10-01,2023-09-30,annual
Jourdanton,municipality,2016,2015-10-01,2016-09-30,annual
Junction,municipality,2022,2021-09-30,2022-09-30,annual
Justin,municipality,2022,2021-09-30,2022-09-30,annual
Karnes County,county,2022,2021-09-30,2022-09-30,annual
Karnes County,county,2023,2022-10-01,2023-09-30,annual
Karnes County,county,2024,2023-10-01,2024-09-30,annual
Karnes County,county,2025,2024-10-01,2025-09-30,annual
Katy,municipality,2018,2017-09-30,2018-09-30,annual
Katy,municipality,2019,2018-09-30,2019-09-30,annual
Katy,municipality,2020,2019-10-01,2020-09-30,annual
Katy,municipality,2021,2020-09-30,2021-09-30,annual
Katy,municipality,2022,2021-09-30,2022-09-30,annual
Katy,municipality,2023,2022-10-01,2023-09-30,annual
Katy,municipality,2024,2023-10-01,2024-09-30,annual
Katy,municipality,2025,2024-10-01,2025-09-30,annual
Kaufman,municipality,2016,2015-10-01,2016-09-30,annual
Kaufman,municipality,2017,2016-09-30,2017-09-30,annual
Kaufman,municipality,2018,2017-09-30,2018-09-30,annual
Kaufman,municipality,2019,2018-09-30,2019-09-30,annual
Kaufman County,county,2020,2019-10-01,2020-09-30,annual
Kaufman County,county,2022,2021-09-30,2022-09-30,annual
Kaufman County,county,2023,2022-10-01,2023-09-30,annual
Kaufman County,county,2024,2023-10-01,2024-09-30,annual
Kaufman County,county,2025,2024-10-01,2025-09-30,annual
Keene,municipality,2023,2022-10-01,2023-09-30,annual
Keller,municipality,2020,2019-10-01,2020-09-30,annual
Keller,municipality,2023,2022-10-01,2023-09-30,annual
Keller,municipality,2024,2023-10-01,2024-09-30,annual
Keller,municipality,2025,2024-10-01,2025-09-30,annual
Kemp,municipality,2022,2021-10-01,2022-09-30,annual
Kemp,municipality,2023,2022-10-01,2023-09-30,annual
Kemp,municipality,2024,2023-10-01,2024-09-30,annual
Kendall County,county,2020,2019-10-01,2020-09-30,annual
Kendall County,county,2021,2020-09-30,2021-09-30,annual
Kendall County,county,2022,2021-09-30,2022-09-30,annual
Kendall County,county,2023,2022-10-01,2023-09-30,annual
Kendall County,county,2024,2023-10-01,2024-09-30,annual
Kendall County,county,2025,2024-10-01,2025-09-30,annual
Kenedy,municipality,2022,2021-09-30,2022-09-30,annual
Kenedy,municipality,2023,2022-10-01,2023-09-30,annual
Kenedy,municipality,2024,2023-10-01,2024-09-30,annual
Kenedy,municipality,2025,2024-10-01,2025-09-30,annual
Kenedy County,county,2016,2016-01-01,2016-12-31,annual
Kenedy County,county,2017,2016-12-31,2017-12-31,annual
Kenedy County,county,2022,2022-01-01,2022-12-31,annual
Kenedy County,county,2023,2023-01-01,2023-12-31,annual
Kenedy County,county,2024,2024-01-01,2024-12-31,annual
Kennedale,municipality,2024,2023-10-01,2024-09-30,annual
Kermit,municipality,2023,2022-10-01,2023-09-30,annual
Kerr County,county,2016,2015-10-01,2016-09-30,annual
Kerr County,county,2018,2017-09-30,2018-09-30,annual
Kerr County,county,2019,2018-09-30,2019-09-30,annual
Kerr County,county,2021,2020-09-30,2021-09-30,annual
Kerr County,county,2022,2021-09-30,2022-09-30,annual
Kerr County,county,2023,2022-10-01,2023-09-30,annual
Kerr County,county,2024,2023-10-01,2024-09-30,annual
Kerr County,county,2025,2024-10-01,2025-09-30,annual
Kerrville,municipality,2020,2019-10-01,2020-09-30,annual
Kerrville,municipality,2022,2021-09-30,2022-09-30,annual
Kerrville,municipality,2023,2022-10-01,2023-09-30,annual
Kerrville,municipality,2024,2023-10-01,2024-09-30,annual
Kerrville,municipality,2025,2024-10-01,2025-09-30,annual
Kilgore,municipality,2016,2015-10-01,2016-09-30,annual
Kilgore,municipality,2020,2019-10-01,2020-09-30,annual
Kilgore,municipality,2021,2020-09-30,2021-09-30,annual
Kilgore,municipality,2022,2021-09-30,2022-09-30,annual
Kilgore,municipality,2023,2022-10-01,2023-09-30,annual
Kilgore,municipality,2024,2023-10-01,2024-09-30,annual
Killeen,municipality,2016,2015-10-01,2016-09-30,annual
Killeen,municipality,2017,2016-09-30,2017-09-30,annual
Killeen,municipality,2018,2017-09-30,2018-09-30,annual
Killeen,municipality,2019,2018-09-30,2019-09-30,annual
Killeen,municipality,2020,2019-10-01,2020-09-30,annual
Killeen,municipality,2021,2020-09-30,2021-09-30,annual
Killeen,municipality,2022,2021-09-30,2022-09-30,annual
Killeen,municipality,2023,2022-10-01,2023-09-30,annual
Killeen,municipality,2024,2023-10-01,2024-09-30,annual
Killeen,municipality,2025,2024-10-01,2025-09-30,annual
Kingsville,municipality,2017,2016-09-30,2017-09-30,annual
Kingsville,municipality,2020,2019-10-01,2020-09-30,annual
Kingsville,municipality,2021,2020-09-30,2021-09-30,annual
Kingsville,municipality,2022,2021-09-30,2022-09-30,annual
Kingsville,municipality,2023,2022-10-01,2023-09-30,annual
Kingsville,municipality,2024,2023-10-01,2024-09-30,annual
Kingsville,municipality,2025,2024-10-01,2025-09-30,annual
Kinney County,county,2016,2015-10-01,2016-09-30,annual
Kinney County,county,2017,2016-09-30,2017-09-30,annual
Kinney County,county,2019,2018-09-30,2019-09-30,annual
Kinney County,county,2020,2019-10-01,2020-09-30,annual
Kinney County,county,2021,2020-09-30,2021-09-30,annual
Kinney County,county,2022,2021-09-30,2022-09-30,annual
Kinney County,county,2023,2022-10-01,2023-09-30,annual
Kinney County,county,2024,2023-10-01,2024-09-30,annual
Kirby,municipality,2018,2017-09-30,2018-09-30,annual
Kirby,municipality,2020,2019-10-01,2020-09-30,annual
Kirby,municipality,2023,2022-10-01,2023-09-30,annual
Kirbyville,municipality,2019,2018-09-30,2019-09-30,annual
Kirbyville,municipality,2020,2019-10-01,2020-09-30,annual
Kirbyville,municipality,2021,2020-10-01,2021-09-30,annual
Kleberg County,county,2016,2015-10-01,2016-09-30,annual
Kleberg County,county,2017,2016-09-30,2017-09-30,annual
Kleberg County,county,2018,2017-09-30,2018-09-30,annual
Kleberg County,county,2019,2018-09-30,2019-09-30,annual
Kleberg County,county,2020,2019-10-01,2020-09-30,annual
Kleberg County,county,2021,2020-09-30,2021-09-30,annual
Kleberg County,county,2022,2021-10-01,2022-09-30,annual
Kleberg County,county,2023,2022-10-01,2023-09-30,annual
Kleberg County,county,2024,2023-10-01,2024-09-30,annual
Kleberg County,county,2025,2024-10-01,2025-09-30,annual
Kosse,municipality,2025,2024-10-01,2025-09-30,annual
Kyle,municipality,2020,2019-10-01,2020-09-30,annual
Kyle,municipality,2021,2020-09-30,2021-09-30,annual
Kyle,municipality,2025,2024-10-01,2025-09-30,annual
La Feria,municipality,2016,2015-10-01,2016-09-30,annual
La Feria,municipality,2017,2016-09-30,2017-09-30,annual
La Feria,municipality,2018,2017-09-30,2018-09-30,annual
La Feria,municipality,2019,2018-09-30,2019-09-30,annual
La Feria,municipality,2021,2020-09-30,2021-09-30,annual
La Feria,municipality,2025,2024-10-01,2025-09-30,annual
La Joya,municipality,2021,2020-09-30,2021-09-30,annual
La Joya,municipality,2023,2022-10-01,2023-09-30,annual
La Joya,municipality,2024,2023-10-01,2024-09-30,annual
La Marque,municipality,2019,2018-09-30,2019-09-30,annual
La Marque,municipality,2020,2019-10-01,2020-09-30,annual
La Marque,municipality,2024,2023-10-01,2024-09-30,annual
La Porte,municipality,2016,2015-10-01,2016-09-30,annual
La Porte,municipality,2017,2016-09-30,2017-09-30,annual
La Porte,municipality,2018,2017-09-30,2018-09-30,annual
La Porte,municipality,2019,2018-09-30,2019-09-30,annual
La Porte,municipality,2020,2019-10-01,2020-09-30,annual
La Porte,municipality,2023,2022-10-01,2023-09-30,annual
La Porte,municipality,2024,2023-10-01,2024-09-30,annual
La Porte,municipality,2025,2024-10-01,2025-09-30,annual
La Salle County,county,2019,2018-12-31,2019-12-31,annual
La Salle County,county,2020,2019-10-01,2020-09-30,annual
La Villa,municipality,2018,2017-09-30,2018-09-30,annual
La Villa,municipality,2019,2018-09-30,2019-09-30,annual
Ladonia,municipality,2018,2017-09-30,2018-09-30,annual
Ladonia,municipality,2019,2018-09-30,2019-09-30,annual
Lago Vista,municipality,2025,2024-10-01,2025-09-30,annual
Lake Jackson,municipality,2019,2018-09-30,2019-09-30,annual
Lake Jackson,municipality,2020,2019-10-01,2020-09-30,annual
Lake Jackson,municipality,2021,2020-09-30,2021-09-30,annual
Lake Jackson,municipality,2023,2022-10-01,2023-09-30,annual
Lakeway,municipality,2020,2019-10-01,2020-09-30,annual
Lakeway,municipality,2023,2022-10-01,2023-09-30,annual
Lakeway,municipality,2024,2023-10-01,2024-09-30,annual
Lamar County,county,2017,2016-09-30,2017-09-30,annual
Lamar County,county,2021,2020-09-30,2021-09-30,annual
Lamar County,county,2022,2021-09-30,2022-09-30,annual
Lamar County,county,2023,2022-10-01,2023-09-30,annual
Lamar County,county,2024,2023-10-01,2024-09-30,annual
Lamar County,county,2025,2024-10-01,2025-09-30,annual
Lamb County,county,2018,2017-09-30,2018-09-30,annual
Lamb County,county,2022,2021-09-30,2022-09-30,annual
Lamesa,municipality,2022,2021-09-30,2022-09-30,annual
Lamesa,municipality,2023,2022-10-01,2023-09-30,annual
Lamesa,municipality,2024,2023-10-01,2024-09-30,annual
Lamesa,municipality,2025,2024-10-01,2025-09-30,annual
Lampasas,municipality,2022,2021-09-30,2022-09-30,annual
Lampasas County,county,2022,2021-09-30,2022-09-30,annual
Lampasas County,county,2023,2022-10-01,2023-09-30,annual
Lampasas County,county,2024,2023-10-01,2024-09-30,annual
Lancaster,municipality,2017,2016-09-30,2017-09-30,annual
Lancaster,municipality,2020,2019-10-01,2020-09-30,annual
Lancaster,municipality,2022,2021-09-30,2022-09-30,annual
Lancaster,municipality,2023,2022-10-01,2023-09-30,annual
Lancaster,municipality,2024,2023-10-31,2024-09-30,annual
Lancaster,municipality,2025,2024-10-01,2025-09-30,annual
Laredo,municipality,2016,2015-10-01,2016-09-30,annual
Laredo,municipality,2017,2016-09-30,2017-09-30,annual
Laredo,municipality,2018,2017-09-30,2018-09-30,annual
Laredo,municipality,2019,2018-09-30,2019-09-30,annual
Laredo,municipality,2020,2019-10-01,2020-09-30,annual
Laredo,municipality,2021,2020-09-30,2021-09-30,annual
Laredo,municipality,2022,2021-09-30,2022-09-30,annual
Laredo,municipality,2023,2022-10-01,2023-09-30,annual
Laredo,municipality,2024,2023-10-01,2024-09-30,annual
Laredo,municipality,2025,2024-10-01,2025-09-30,annual
Lavaca County,county,2020,2019-10-01,2020-09-30,annual
Lavaca County,county,2023,2022-10-01,2023-09-30,annual
Lavaca County,county,2024,2023-10-01,2024-09-30,annual
Laward,municipality,2024,2023-10-01,2024-09-30,annual
League City,municipality,2016,2015-10-01,2016-09-30,annual
League City,municipality,2017,2016-09-30,2017-09-30,annual
League City,municipality,2018,2017-09-30,2018-09-30,annual
League City,municipality,2019,2018-09-30,2019-09-30,annual
League City,municipality,2020,2019-10-01,2020-09-30,annual
League City,municipality,2021,2020-09-30,2021-09-30,annual
League City,municipality,2022,2021-09-30,2022-09-30,annual
League City,municipality,2023,2022-10-01,2023-09-30,annual
League City,municipality,2024,2023-10-01,2024-09-30,annual
League City,municipality,2025,2024-10-01,2025-09-30,annual
Leander,municipality,2020,2019-10-01,2020-09-30,annual
Leander,municipality,2024,2023-10-01,2024-09-30,annual
Leander,municipality,2025,2024-10-01,2025-09-30,annual
Leary,municipality,2024,2023-07-01,2024-09-30,other
Lee County,county,2020,2019-10-01,2020-09-30,annual
Lee County,county,2022,2021-10-01,2022-09-30,annual
Lee County,county,2023,2022-10-01,2023-09-30,annual
Leon County,county,2017,2016-09-30,2017-09-30,annual
Leon County,county,2024,2023-10-01,2024-09-30,annual
Leon Valley,municipality,2018,2017-09-30,2018-09-30,annual
Leon Valley,municipality,2020,2019-10-01,2020-09-30,annual
Leon Valley,municipality,2023,2022-10-01,2023-09-30,annual
Levelland,municipality,2021,2020-09-30,2021-09-30,annual
Levelland,municipality,2022,2021-09-30,2022-09-30,annual
Lewisville,municipality,2016,2015-10-01,2016-09-30,annual
Lewisville,municipality,2017,2016-09-30,2017-09-30,annual
Lewisville,municipality,2018,2017-09-30,2018-09-30,annual
Lewisville,municipality,2019,2018-09-30,2019-09-30,annual
Lewisville,municipality,2020,2019-10-01,2020-09-30,annual
Lewisville,municipality,2021,2020-09-30,2021-09-30,annual
Lewisville,municipality,2022,2021-09-30,2022-09-30,annual
Lewisville,municipality,2023,2022-10-01,2023-09-30,annual
Lewisville,municipality,2024,2023-10-01,2024-09-30,annual
Lewisville,municipality,2025,2024-10-01,2025-09-30,annual
Lexington,municipality,2023,2022-10-01,2023-09-30,annual
Liberty,municipality,2017,2016-09-30,2017-09-30,annual
Liberty,municipality,2018,2017-09-30,2018-09-30,annual
Liberty,municipality,2021,2020-09-30,2021-09-30,annual
Liberty,municipality,2022,2021-09-30,2022-09-30,annual
Liberty,municipality,2024,2023-10-01,2024-09-30,annual
Liberty,municipality,2025,2024-10-01,2025-09-30,annual
Liberty County,county,2016,2015-10-01,2016-09-30,annual
Liberty County,county,2017,2016-09-30,2017-09-30,annual
Liberty County,county,2018,2017-09-30,2018-09-30,annual
Liberty County,county,2019,2018-09-30,2019-09-30,annual
Liberty County,county,2020,2019-10-01,2020-09-30,annual
Liberty County,county,2021,2020-09-30,2021-09-30,annual
Liberty County,county,2022,2021-10-01,2022-09-30,annual
Liberty County,county,2023,2022-10-01,2023-09-30,annual
Liberty County,county,2024,2023-10-01,2024-09-30,annual
Liberty County,county,2025,2024-10-01,2025-09-30,annual
Liberty Hill,municipality,2024,2023-10-01,2024-09-30,annual
Limestone County,county,2022,2021-09-30,2022-09-30,annual
Limestone County,county,2023,2022-10-01,2023-09-30,annual
Lindale,municipality,2023,2022-10-01,2023-09-30,annual
Lindale,municipality,2024,2023-10-01,2024-09-30,annual
Linden,municipality,2021,2020-09-30,2021-09-30,annual
Linden,municipality,2022,2021-09-30,2022-09-30,annual
Linden,municipality,2023,2022-10-01,2023-09-30,annual
Linden,municipality,2024,2023-10-01,2024-09-30,annual
Little Elm,municipality,2016,2015-10-01,2016-09-30,annual
Little Elm,municipality,2017,2016-09-30,2017-09-30,annual
Little Elm,municipality,2018,2017-09-30,2018-09-30,annual
Little Elm,municipality,2019,2018-09-30,2019-09-30,annual
Little Elm,municipality,2020,2019-10-01,2020-09-30,annual
Little Elm,municipality,2021,2020-09-30,2021-09-30,annual
Little Elm,municipality,2022,2021-09-30,2022-09-30,annual
Little Elm,municipality,2023,2022-10-01,2023-09-30,annual
Little Elm,municipality,2024,2023-10-01,2024-09-30,annual
Little Elm,municipality,2025,2024-10-01,2025-09-30,annual
Littlefield,municipality,2022,2021-09-30,2022-09-30,annual
Live Oak,municipality,2022,2021-09-30,2022-09-30,annual
Live Oak County,county,2022,2021-01-01,2022-12-31,annual
Live Oak County,county,2023,2023-01-01,2023-12-31,annual
Live Oak County,county,2024,2024-01-01,2024-12-31,annual
Livingston,municipality,2023,2022-10-01,2023-09-30,annual
Llano County,county,2019,2018-09-30,2019-09-30,annual
Llano County,county,2021,2020-09-30,2021-09-30,annual
Llano County,county,2024,2023-10-01,2024-09-30,annual
Llano County,county,2025,2024-10-01,2025-09-30,annual
Lockhart,municipality,2023,2022-10-01,2023-09-30,annual
Longview,municipality,2016,2015-10-01,2016-09-30,annual
Longview,municipality,2017,2016-09-30,2017-09-30,annual
Longview,municipality,2018,2017-09-30,2018-09-30,annual
Longview,municipality,2019,2018-09-30,2019-09-30,annual
Longview,municipality,2020,2019-10-01,2020-09-30,annual
Longview,municipality,2021,2020-09-30,2021-09-30,annual
Longview,municipality,2022,2021-09-30,2022-09-30,annual
Longview,municipality,2023,2022-10-01,2023-09-30,annual
Longview,municipality,2024,2023-10-01,2024-09-30,annual
Longview,municipality,2025,2024-10-01,2025-09-30,annual
Lorenzo,municipality,2024,2023-04-01,2024-03-31,annual
Los Fresnos,municipality,2016,2015-10-01,2016-09-30,annual
Los Fresnos,municipality,2017,2016-09-30,2017-09-30,annual
Los Fresnos,municipality,2021,2020-09-30,2021-09-30,annual
Los Fresnos,municipality,2022,2021-09-30,2022-09-30,annual
Los Fresnos,municipality,2023,2022-10-01,2023-09-30,annual
Los Fresnos,municipality,2024,2023-10-01,2024-09-30,annual
Los Fresnos,municipality,2025,2024-10-01,2025-09-30,annual
Lubbock,municipality,2016,2015-10-01,2016-09-30,annual
Lubbock,municipality,2017,2016-09-30,2017-09-30,annual
Lubbock,municipality,2018,2017-09-30,2018-09-30,annual
Lubbock,municipality,2019,2018-09-30,2019-09-30,annual
Lubbock,municipality,2020,2019-10-01,2020-09-30,annual
Lubbock,municipality,2021,2020-09-30,2021-09-30,annual
Lubbock,municipality,2022,2021-09-30,2022-09-30,annual
Lubbock,municipality,2023,2022-10-01,2023-09-30,annual
Lubbock,municipality,2024,2023-10-01,2024-09-30,annual
Lubbock,municipality,2025,2024-10-01,2025-09-30,annual
Lubbock County,county,2017,2016-09-30,2017-09-30,annual
Lubbock County,county,2018,2017-09-30,2018-09-30,annual
Lubbock County,county,2019,2018-09-30,2019-09-30,annual
Lubbock County,county,2020,2019-10-01,2020-09-30,annual
Lubbock County,county,2021,2020-09-30,2021-09-30,annual
Lubbock County,county,2022,2021-09-30,2022-09-30,annual
Lubbock County,county,2023,2022-10-01,2023-09-30,annual
Lubbock County,county,2024,2023-10-01,2024-09-30,annual
Lubbock County,county,2025,2024-10-01,2025-09-30,annual
Lufkin,municipality,2016,2015-10-01,2016-09-30,annual
Lufkin,municipality,2020,2019-10-01,2020-09-30,annual
Lufkin,municipality,2021,2020-09-30,2021-09-30,annual
Lufkin,municipality,2022,2021-09-30,2022-09-30,annual
Luling,municipality,2020,2019-04-01,2020-03-31,annual
Luling,municipality,2021,2020-03-31,2021-03-31,annual
Luling,municipality,2022,2021-03-31,2022-03-31,annual
Luling,municipality,2024,2023-04-01,2024-03-31,annual
Lumberton,municipality,2021,2020-09-30,2021-09-30,annual
Lumberton,municipality,2023,2022-10-01,2023-09-30,annual
Lumberton,municipality,2024,2023-10-01,2024-09-30,annual
Lyford,municipality,2018,2017-09-30,2018-09-30,annual
Lyford,municipality,2019,2018-09-30,2019-09-30,annual
Lyford,municipality,2020,2019-10-01,2020-09-30,annual
Lyford,municipality,2021,2020-09-30,2021-09-30,annual
Lyford,municipality,2022,2021-09-30,2022-09-30,annual
Lyford,municipality,2023,2022-10-01,2023-09-30,annual
Lyford,municipality,2024,2023-10-01,2024-09-30,annual
Lyford,municipality,2025,2024-10-01,2025-09-30,annual
Mabank,municipality,2023,2022-10-01,2023-09-30,annual
Madison County,county,2020,2019-10-01,2020-09-30,annual
Madison County,county,2021,2020-09-30,2021-09-30,annual
Madison County,county,2022,2021-10-01,2022-09-30,annual
Madison County,county,2025,2024-10-01,2025-09-30,annual
Madisonville,municipality,2022,2021-09-30,2022-09-30,annual
Madisonville,municipality,2023,2022-10-01,2023-09-30,annual
Madisonville,municipality,2024,2023-10-01,2024-09-30,annual
Madisonville,municipality,2025,2024-10-01,2025-09-30,annual
Magnolia,municipality,2021,2020-09-30,2021-09-30,annual
Mansfield,municipality,2020,2019-10-01,2020-09-30,annual
Mansfield,municipality,2021,2020-09-30,2021-09-30,annual
Mansfield,municipality,2025,2024-10-01,2025-09-30,annual
Marble Falls,municipality,2021,2020-09-30,2021-09-30,annual
Marble Falls,municipality,2022,2021-09-30,2022-09-30,annual
Marble Falls,municipality,2023,2022-10-01,2023-09-30,annual
Marble Falls,municipality,2024,2023-10-01,2024-09-30,annual
Marion County,county,2024,2024-01-01,2024-12-31,annual
Marlin,municipality,2020,2019-10-01,2020-09-30,annual
Marshall,municipality,2020,2020-01-01,2020-12-31,annual
Marshall,municipality,2021,2020-12-31,2021-12-31,annual
Marshall,municipality,2022,2022-01-01,2022-12-31,annual
Marshall,municipality,2023,2023-01-01,2023-12-31,annual
Marshall,municipality,2024,2024-01-01,2024-12-31,annual
Marshall,municipality,2025,2025-01-01,2025-12-31,annual
Mason,municipality,2021,2020-10-31,2021-10-31,annual
Matagorda County,county,2016,2016-01-01,2016-12-31,annual
Matagorda County,county,2017,2016-12-31,2017-12-31,annual
Matagorda County,county,2018,2017-12-31,2018-12-31,annual
Matagorda County,county,2019,2018-12-31,2019-12-31,annual
Matagorda County,county,2020,2020-01-01,2020-12-31,annual
Matagorda County,county,2021,2020-12-31,2021-12-31,annual
Matagorda County,county,2022,2021-12-31,2022-12-31,annual
Matagorda County,county,2023,2023-01-01,2023-12-31,annual
Matagorda County,county,2024,2024-01-01,2024-12-31,annual
Matagorda County,county,2025,2025-01-01,2025-12-31,annual
Mathis,municipality,2022,2021-10-01,2022-09-30,annual
Mathis,municipality,2023,2022-10-01,2023-09-30,annual
Maverick County,county,2019,2018-09-30,2019-09-30,annual
Maverick County,county,2020,2019-10-01,2020-09-30,annual
Maverick County,county,2021,2020-09-30,2021-09-30,annual
Maverick County,county,2022,2021-09-30,2022-09-30,annual
Maverick County,county,2023,2022-10-01,2023-09-30,annual
Maverick County,county,2024,2023-10-01,2024-09-30,annual
Maverick County,county,2025,2024-10-01,2025-09-30,annual
Mcallen,municipality,2016,2015-10-01,2016-09-30,annual
Mcallen,municipality,2017,2016-09-30,2017-09-30,annual
Mcallen,municipality,2018,2017-09-30,2018-09-30,annual
Mcallen,municipality,2019,2018-09-30,2019-09-30,annual
Mcallen,municipality,2020,2019-10-01,2020-09-30,annual
Mcallen,municipality,2021,2020-09-30,2021-09-30,annual
Mcallen,municipality,2022,2021-09-30,2022-09-30,annual
Mcallen,municipality,2023,2022-10-01,2023-09-30,annual
Mcallen,municipality,2024,2023-10-01,2024-09-30,annual
Mcallen,municipality,2025,2024-10-01,2025-09-30,annual
Mcgregor,municipality,2024,2023-10-01,2024-09-30,annual
Mckinney,municipality,2016,2015-10-01,2016-09-30,annual
Mckinney,municipality,2017,2016-09-30,2017-09-30,annual
Mckinney,municipality,2018,2017-09-30,2018-09-30,annual
Mckinney,municipality,2019,2018-09-30,2019-09-30,annual
Mckinney,municipality,2020,2019-10-01,2020-09-30,annual
Mckinney,municipality,2021,2020-09-30,2021-09-30,annual
Mckinney,municipality,2022,2021-09-30,2022-09-30,annual
Mckinney,municipality,2023,2022-10-01,2023-09-30,annual
Mckinney,municipality,2024,2023-10-01,2024-09-30,annual
Mckinney,municipality,2025,2024-10-01,2025-09-30,annual
Mclennan County,county,2017,2016-09-30,2017-09-30,annual
Mclennan County,county,2018,2017-09-30,2018-09-30,annual
Mclennan County,county,2019,2018-09-30,2019-09-30,annual
Mclennan County,county,2020,2019-10-01,2020-09-30,annual
Mclennan County,county,2021,2020-09-30,2021-09-30,annual
Mclennan County,county,2022,2021-09-30,2022-09-30,annual
Mclennan County,county,2023,2022-10-01,2023-09-30,annual
Mclennan County,county,2024,2023-10-01,2024-09-30,annual
Mclennan County,county,2025,2024-10-01,2025-09-30,annual
Medina County,county,2016,2015-10-01,2016-09-30,annual
Medina County,county,2018,2017-09-30,2018-09-30,annual
Medina County,county,2019,2018-09-30,2019-09-30,annual
Medina County,county,2020,2019-10-01,2020-09-30,annual
Medina County,county,2021,2020-09-30,2021-09-30,annual
Medina County,county,2022,2021-09-30,2022-09-30,annual
Medina County,county,2023,2022-10-01,2023-09-30,annual
Medina County,county,2024,2023-10-01,2024-09-30,annual
Medina County,county,2025,2024-10-01,2025-09-30,annual
Melissa,municipality,2022,2021-09-30,2022-09-30,annual
Melissa,municipality,2023,2022-10-01,2023-09-30,annual
Mercedes,municipality,2016,2015-10-01,2016-09-30,annual
Mercedes,municipality,2018,2017-09-30,2018-09-30,annual
Mercedes,municipality,2020,2019-10-01,2020-09-30,annual
Mercedes,municipality,2021,2020-09-30,2021-09-30,annual
Mercedes,municipality,2023,2022-10-01,2023-09-30,annual
Mercedes,municipality,2024,2023-10-01,2024-09-30,annual
Mesquite,municipality,2016,2015-10-01,2016-09-30,annual
Mesquite,municipality,2017,2016-09-30,2017-09-30,annual
Mesquite,municipality,2018,2017-09-30,2018-09-30,annual
Mesquite,municipality,2019,2018-09-30,2019-09-30,annual
Mesquite,municipality,2020,2019-10-01,2020-09-30,annual
Mesquite,municipality,2021,2020-09-30,2021-09-30,annual
Mesquite,municipality,2022,2021-09-30,2022-09-30,annual
Mesquite,municipality,2023,2022-10-01,2023-09-30,annual
Mesquite,municipality,2024,2023-10-01,2024-09-30,annual
Mesquite,municipality,2025,2024-10-01,2025-09-30,annual
Mexia,municipality,2019,2018-09-30,2019-09-30,annual
Midland,municipality,2016,2015-10-01,2016-09-30,annual
Midland,municipality,2017,2016-09-30,2017-09-30,annual
Midland,municipality,2018,2017-09-30,2018-09-30,annual
Midland,municipality,2019,2018-09-30,2019-09-30,annual
Midland,municipality,2020,2019-10-01,2020-09-30,annual
Midland,municipality,2021,2020-09-30,2021-09-30,annual
Midland,municipality,2022,2021-09-30,2022-09-30,annual
Midland,municipality,2023,2022-10-01,2023-09-30,annual
Midland,municipality,2024,2023-10-01,2024-09-30,annual
Midland,municipality,2025,2024-10-01,2025-09-30,annual
Midland County,county,2020,2019-10-01,2020-09-30,annual
Midland County,county,2021,2020-09-30,2021-09-30,annual
Midland County,county,2022,2021-09-30,2022-09-30,annual
Midland County,county,2023,2022-09-30,2023-09-30,annual
Midland County,county,2024,2023-10-01,2024-09-30,annual
Midland County,county,2025,2024-10-01,2025-09-30,annual
Midlothian,municipality,2020,2019-10-01,2020-09-30,annual
Midlothian,municipality,2023,2022-10-01,2023-09-30,annual
Milam County,county,2017,2016-12-31,2017-12-31,annual
Milam County,county,2020,2020-01-01,2020-12-31,annual
Milam County,county,2021,2020-12-31,2021-12-31,annual
Milam County,county,2022,2021-12-31,2022-12-31,annual
Milam County,county,2023,2023-01-01,2023-12-31,annual
Milam County,county,2024,2024-01-01,2024-12-31,annual
Milano,municipality,2024,2023-10-01,2024-09-30,annual
Mineola,municipality,2025,2024-10-01,2025-09-30,annual
Mineral Wells,municipality,2020,2019-10-01,2020-09-30,annual
Mineral Wells,municipality,2023,2022-10-01,2023-09-30,annual
Mineral Wells,municipality,2024,2023-10-01,2024-09-30,annual
Mission,municipality,2016,2015-10-01,2016-09-30,annual
Mission,municipality,2017,2016-09-30,2017-09-30,annual
Mission,municipality,2018,2017-09-30,2018-09-30,annual
Mission,municipality,2019,2018-09-30,2019-09-30,annual
Mission,municipality,2020,2019-10-01,2020-09-30,annual
Mission,municipality,2021,2020-09-30,2021-09-30,annual
Mission,municipality,2022,2021-09-30,2022-09-30,annual
Mission,municipality,2023,2022-10-01,2023-09-30,annual
Mission,municipality,2024,2023-10-01,2024-09-30,annual
Mission,municipality,2025,2024-10-01,2025-09-30,annual
Missouri City,municipality,2019,2018-09-30,2019-09-30,annual
Missouri City,municipality,2020,2019-10-01,2020-09-30,annual
Missouri City,municipality,2021,2020-09-30,2021-09-30,annual
Missouri City,municipality,2022,2021-09-30,2022-09-30,annual
Missouri City,municipality,2023,2022-10-01,2023-09-30,annual
Missouri City,municipality,2024,2023-10-01,2024-09-30,annual
Missouri City,municipality,2025,2024-10-01,2025-09-30,annual
Monahans,municipality,2022,2021-09-30,2022-09-30,annual
Mont Belvieu,municipality,2025,2024-10-01,2025-09-30,annual
Mont Belviue,municipality,2023,2022-10-01,2023-09-30,annual
Mont Belviue,municipality,2024,2023-10-01,2024-09-30,annual
Montague County,county,2016,2015-10-01,2016-09-30,annual
Montague County,county,2017,2016-09-30,2017-09-30,annual
Montague County,county,2018,2017-09-30,2018-09-30,annual
Montague County,county,2019,2018-09-30,2019-09-30,annual
Montague County,county,2020,2019-10-01,2020-09-30,annual
Montague County,county,2021,2020-09-30,2021-09-30,annual
Montague County,county,2022,2021-09-30,2022-09-30,annual
Montague County,county,2023,2022-10-01,2023-09-30,annual
Montgomery,municipality,2017,2016-09-30,2017-09-30,annual
Montgomery,municipality,2018,2017-09-30,2018-09-30,annual
Montgomery County,county,2016,2015-10-01,2016-09-30,annual
Montgomery County,county,2017,2016-09-30,2017-09-30,annual
Montgomery County,county,2018,2017-09-30,2018-09-30,annual
Montgomery County,county,2019,2018-09-30,2019-09-30,annual
Montgomery County,county,2020,2019-10-01,2020-09-30,annual
Montgomery County,county,2021,2020-09-30,2021-09-30,annual
Montgomery County,county,2022,2021-09-30,2022-09-30,annual
Montgomery County,county,2023,2022-10-01,2023-09-30,annual
Montgomery County,county,2024,2023-10-01,2024-09-30,annual
Montgomery County,county,2025,2024-10-01,2025-09-30,annual
Moore County,county,2016,2015-10-01,2016-09-30,annual
Morris County,county,2021,2020-09-30,2021-09-30,annual
Mount Pleasant,municipality,2024,2023-10-01,2024-09-30,annual
Mount Pleasant,municipality,2025,2024-10-01,2025-09-30,annual
Muleshoe,municipality,2019,2018-09-30,2019-09-30,annual
Muleshoe,municipality,2023,2022-10-01,2023-09-30,annual
Muleshoe,municipality,2025,2024-10-01,2025-09-30,annual
Murphy,municipality,2024,2023-10-01,2024-09-30,annual
Nacogdoches,municipality,2016,2015-10-01,2016-09-30,annual
Nacogdoches,municipality,2019,2018-09-30,2019-09-30,annual
Nacogdoches,municipality,2020,2019-10-01,2020-09-30,annual
Nacogdoches,municipality,2021,2020-09-30,2021-09-30,annual
Nacogdoches,municipality,2022,2021-09-30,2022-09-30,annual
Nacogdoches,municipality,2023,2022-10-01,2023-09-30,annual
Nacogdoches,municipality,2024,2023-10-01,2024-09-30,annual
Nacogdoches County,county,2016,2015-10-01,2016-09-30,annual
Nacogdoches County,county,2020,2019-10-01,2020-09-30,annual
Nacogdoches County,county,2021,2020-09-30,2021-09-30,annual
Nacogdoches County,county,2024,2023-10-01,2024-09-30,annual
Nacogdoches County,county,2025,2024-10-01,2025-09-30,annual
Nash,municipality,2016,2015-10-01,2016-09-30,annual
Nash,municipality,2018,2017-09-30,2018-09-30,annual
Nash,municipality,2025,2024-10-01,2025-09-30,annual
Nassau Bay,municipality,2016,2015-10-01,2016-09-30,annual
Nassau Bay,municipality,2018,2017-09-30,2018-09-30,annual
Nassau Bay,municipality,2019,2018-09-30,2019-09-30,annual
Nassau Bay,municipality,2020,2019-10-01,2020-09-30,annual
Nassau Bay,municipality,2021,2020-09-30,2021-09-30,annual
Nassau Bay,municipality,2022,2021-09-30,2022-09-30,annual
Nassau Bay,municipality,2023,2022-10-01,2023-09-30,annual
Nassau Bay,municipality,2024,2023-10-01,2024-09-30,annual
Nassau Bay,municipality,2025,2024-10-01,2025-09-30,annual
Natalia,municipality,2020,2019-10-01,2020-09-30,annual
Natalia,municipality,2022,2021-10-01,2022-09-30,annual
Navarro County,county,2016,2015-10-01,2016-09-30,annual
Navarro County,county,2017,2016-09-30,2017-09-30,annual
Navarro County,county,2018,2017-09-30,2018-09-30,annual
Navarro County,county,2019,2018-09-30,2019-09-30,annual
Navarro County,county,2020,2019-10-01,2020-09-30,annual
Navarro County,county,2021,2020-09-30,2021-09-30,annual
Navarro County,county,2022,2021-09-30,2022-09-30,annual
Navarro County,county,2023,2022-10-01,2023-09-30,annual
Navarro County,county,2024,2023-10-01,2024-09-30,annual
Navasota,municipality,2019,2018-09-30,2019-09-30,annual
Navasota,municipality,2020,2019-10-01,2020-09-30,annual
Navasota,municipality,2021,2020-09-30,2021-09-30,annual
Nederland,municipality,2020,2019-10-01,2020-09-30,annual
Nederland,municipality,2023,2022-10-01,2023-09-30,annual
New Boston,municipality,2023,2022-10-01,2023-09-30,annual
New Braunfels,municipality,2016,2015-10-01,2016-09-30,annual
New Braunfels,municipality,2018,2017-09-30,2018-09-30,annual
New Braunfels,municipality,2020,2019-10-01,2020-09-30,annual
New Braunfels,municipality,2021,2020-09-30,2021-09-30,annual
New Braunfels,municipality,2023,2022-10-01,2023-09-30,annual
New Braunfels,municipality,2024,2023-10-01,2024-09-30,annual
New Braunfels,municipality,2025,2024-10-01,2025-09-30,annual
New Deal,municipality,2018,2017-09-30,2018-09-30,annual
New Deal,municipality,2019,2018-09-30,2019-09-30,annual
Newton,municipality,2023,2022-07-01,2023-06-30,annual
Newton,municipality,2024,2023-07-01,2024-06-30,annual
Newton County,county,2016,2016-01-01,2016-12-31,annual
Newton County,county,2017,2016-12-31,2017-12-31,annual
Newton County,county,2018,2017-12-31,2018-12-31,annual
Newton County,county,2019,2018-12-31,2019-12-31,annual
Newton County,county,2020,2020-01-01,2020-12-31,annual
Newton County,county,2021,2020-12-31,2021-12-31,annual
Newton County,county,2022,2022-01-01,2022-12-31,annual
Newton County,county,2023,2023-01-01,2023-12-31,annual
Newton County,county,2024,2024-01-01,2024-12-31,annual
Nolan County,county,2023,2022-10-01,2023-09-30,annual
Nolan County,county,2025,2024-10-01,2025-09-30,annual
Nolanville,municipality,2018,2017-09-30,2018-09-30,annual
Nolanville,municipality,2022,2021-10-01,2022-09-30,annual
Nolanville,municipality,2023,2022-10-01,2023-09-30,annual
Nolanville,municipality,2025,2024-10-01,2025-09-30,annual
Nome,municipality,2016,2015-07-01,2016-06-30,annual
North Richland Hills,municipality,2016,2015-10-01,2016-09-30,annual
North Richland Hills,municipality,2017,2016-09-30,2017-09-30,annual
North Richland Hills,municipality,2018,2017-09-30,2018-09-30,annual
North Richland Hills,municipality,2019,2018-09-30,2019-09-30,annual
North Richland Hills,municipality,2020,2019-10-01,2020-09-30,annual
North Richland Hills,municipality,2022,2021-09-30,2022-09-30,annual
North Richland Hills,municipality,2023,2022-10-01,2023-09-30,annual
North Richland Hills,municipality,2024,2023-10-01,2024-09-30,annual
North Richland Hills,municipality,2025,2024-10-01,2025-09-30,annual
Nueces County,county,2016,2015-10-01,2016-09-30,annual
Nueces County,county,2017,2016-09-30,2017-09-30,annual
Nueces County,county,2018,2017-09-30,2018-09-30,annual
Nueces County,county,2019,2018-09-30,2019-09-30,annual
Nueces County,county,2021,2020-09-30,2021-09-30,annual
Nueces County,county,2022,2021-09-30,2022-09-30,annual
Nueces County,county,2023,2022-10-01,2023-09-30,annual
Nueces County,county,2024,2023-10-01,2024-09-30,annual
Nueces County,county,2025,2024-10-01,2025-09-30,annual
Odessa,municipality,2016,2015-10-01,2016-09-30,annual
Odessa,municipality,2017,2016-09-30,2017-09-30,annual
Odessa,municipality,2018,2017-09-30,2018-09-30,annual
Odessa,municipality,2019,2018-09-30,2019-09-30,annual
Odessa,municipality,2020,2019-10-01,2020-09-30,annual
Odessa,municipality,2021,2020-09-30,2021-09-30,annual
Odessa,municipality,2022,2021-10-01,2022-09-30,annual
Odessa,municipality,2023,2022-10-01,2023-09-30,annual
Odessa,municipality,2024,2023-10-01,2024-09-30,annual
Orange,municipality,2016,2015-10-01,2016-09-30,annual
Orange,municipality,2017,2016-09-30,2017-09-30,annual
Orange,municipality,2018,2017-09-30,2018-09-30,annual
Orange,municipality,2019,2018-09-30,2019-09-30,annual
Orange,municipality,2020,2019-10-01,2020-09-30,annual
Orange,municipality,2021,2020-09-30,2021-09-30,annual
Orange,municipality,2022,2021-09-30,2022-09-30,annual
Orange,municipality,2023,2022-10-01,2023-09-30,annual
Orange,municipality,2024,2023-10-01,2024-09-30,annual
Orange,municipality,2025,2024-10-01,2025-09-30,annual
Orange County,county,2016,2015-10-01,2016-09-30,annual
Orange County,county,2017,2016-09-30,2017-09-30,annual
Orange County,county,2019,2018-09-30,2019-09-30,annual
Orange County,county,2020,2019-10-01,2020-09-30,annual
Orange County,county,2021,2020-09-30,2021-09-30,annual
Orange County,county,2022,2021-09-30,2022-09-30,annual
Orange County,county,2023,2022-10-01,2023-09-30,annual
Orange County,county,2024,2023-10-01,2024-09-30,annual
Orange County,county,2025,2024-10-01,2025-09-30,annual
Orange Grove,municipality,2020,2019-10-01,2020-09-30,annual
Palacios,municipality,2022,2021-09-30,2022-09-30,annual
Palacios,municipality,2023,2022-10-01,2023-09-30,annual
Palacios,municipality,2024,2023-10-01,2024-09-30,annual
Palacios,municipality,2025,2024-10-01,2025-09-30,annual
Palestine,municipality,2020,2019-10-01,2020-09-30,annual
Palestine,municipality,2023,2022-10-01,2023-09-30,annual
Palestine,municipality,2024,2023-10-01,2024-09-30,annual
Palmview,municipality,2021,2020-09-30,2021-09-30,annual
Palmview,municipality,2022,2021-09-30,2022-09-30,annual
Palmview,municipality,2023,2022-10-01,2023-09-30,annual
Pampa,municipality,2020,2019-10-01,2020-09-30,annual
Pampa,municipality,2023,2022-10-01,2023-09-30,annual
Pampa,municipality,2024,2023-10-01,2024-09-30,annual
Panola County,county,2020,2020-01-01,2020-12-31,annual
Panola County,county,2022,2021-12-31,2022-12-31,annual
Panola County,county,2023,2023-01-01,2023-12-31,annual
Panola County,county,2024,2024-01-01,2024-12-31,annual
Panorama Village,municipality,2023,2022-10-01,2023-09-30,annual
Paris,municipality,2016,2015-10-01,2016-09-30,annual
Paris,municipality,2019,2018-09-30,2019-09-30,annual
Paris,municipality,2020,2019-10-01,2020-09-30,annual
Paris,municipality,2022,2021-10-01,2022-09-30,annual
Paris,municipality,2023,2022-10-01,2023-09-30,annual
Paris,municipality,2024,2023-10-01,2024-09-30,annual
Parker County,county,2021,2020-09-30,2021-09-30,annual
Parker County,county,2022,2021-09-30,2022-09-30,annual
Parker County,county,2023,2022-10-01,2023-09-30,annual
Parker County,county,2024,2023-10-01,2024-09-30,annual
Parker County,county,2025,2024-10-01,2025-09-30,annual
Pasadena,municipality,2016,2015-10-01,2016-09-30,annual
Pasadena,municipality,2017,2016-09-30,2017-09-30,annual
Pasadena,municipality,2018,2017-09-30,2018-09-30,annual
Pasadena,municipality,2019,2018-09-30,2019-09-30,annual
Pasadena,municipality,2020,2019-10-01,2020-09-30,annual
Pasadena,municipality,2021,2020-09-30,2021-09-30,annual
Pasadena,municipality,2022,2021-09-30,2022-09-30,annual
Pasadena,municipality,2023,2022-10-01,2023-09-30,annual
Pasadena,municipality,2024,2023-10-01,2024-09-30,annual
Pasadena,municipality,2025,2024-10-01,2025-09-30,annual
Pearland,municipality,2016,2015-10-01,2016-09-30,annual
Pearland,municipality,2017,2016-09-30,2017-09-30,annual
Pearland,municipality,2018,2017-09-30,2018-09-30,annual
Pearland,municipality,2019,2018-09-30,2019-09-30,annual
Pearland,municipality,2020,2019-10-01,2020-09-30,annual
Pearland,municipality,2021,2020-09-30,2021-09-30,annual
Pearland,municipality,2022,2021-09-30,2022-09-30,annual
Pearland,municipality,2023,2022-10-01,2023-09-30,annual
Pearland,municipality,2024,2023-10-01,2024-09-30,annual
Pearland,municipality,2025,2024-10-01,2025-09-30,annual
Pearsall,municipality,2022,2021-09-30,2022-09-30,annual
Pecos County,county,2023,2023-01-01,2023-12-31,annual
Pecos County,county,2024,2024-01-01,2024-12-31,annual
Penitas,municipality,2025,2024-10-01,2025-09-30,annual
Pflugerville,municipality,2020,2019-10-01,2020-09-30,annual
Pflugerville,municipality,2021,2020-09-30,2021-09-30,annual
Pflugerville,municipality,2022,2021-09-30,2022-09-30,annual
Pflugerville,municipality,2023,2022-10-01,2023-09-30,annual
Pflugerville,municipality,2024,2023-10-01,2024-09-30,annual
Pflugerville,municipality,2025,2024-10-01,2025-09-30,annual
Pharr,municipality,2016,2015-10-01,2016-09-30,annual
Pharr,municipality,2017,2016-09-30,2017-09-30,annual
Pharr,municipality,2018,2017-09-30,2018-09-30,annual
Pharr,municipality,2020,2019-10-01,2020-09-30,annual
Pharr,municipality,2021,2020-09-30,2021-09-30,annual
Pharr,municipality,2022,2021-10-01,2022-09-30,annual
Pharr,municipality,2023,2022-10-01,2023-09-30,annual
Pharr,municipality,2024,2023-10-01,2024-09-30,annual
Pharr,municipality,2025,2024-10-01,2025-09-30,annual
Pilot Point,municipality,2023,2022-10-01,2023-09-30,annual
Pine Forest,municipality,2024,2023-10-01,2024-09-30,annual
Pinehurst,municipality,2021,2020-09-30,2021-09-30,annual
Pinehurst,municipality,2022,2021-09-30,2022-09-30,annual
Pineland,municipality,2024,2024-01-01,2024-12-31,annual
Pineland,municipality,2025,2025-01-01,2025-12-31,annual
Piney Point Village,municipality,2023,2023-01-01,2023-12-31,annual
Pittsburg,municipality,2022,2021-09-30,2022-09-30,annual
Pittsburg,municipality,2023,2022-10-01,2023-09-30,annual
Pittsburg,municipality,2024,2023-10-01,2024-09-30,annual
Plainview,municipality,2018,2017-09-30,2018-09-30,annual
Plainview,municipality,2020,2019-10-01,2020-09-30,annual
Plano,municipality,2016,2015-10-01,2016-09-30,annual
Plano,municipality,2017,2016-09-30,2017-09-30,annual
Plano,municipality,2018,2017-09-30,2018-09-30,annual
Plano,municipality,2019,2018-09-30,2019-09-30,annual
Plano,municipality,2020,2019-10-01,2020-09-30,annual
Plano,municipality,2021,2020-09-30,2021-09-30,annual
Plano,municipality,2022,2021-09-30,2022-09-30,annual
Plano,municipality,2023,2022-10-01,2023-09-30,annual
Plano,municipality,2024,2023-10-01,2024-09-30,annual
Plano,municipality,2025,2024-10-01,2025-09-30,annual
Pleak,municipality,2025,2024-10-01,2025-09-30,annual
Pleasanton,municipality,2020,2019-10-01,2020-09-30,annual
Pleasanton,municipality,2021,2020-09-30,2021-09-30,annual
Polk County,county,2016,2015-10-01,2016-09-30,annual
Polk County,county,2017,2016-09-30,2017-09-30,annual
Polk County,county,2018,2017-09-30,2018-09-30,annual
Polk County,county,2020,2019-10-01,2020-09-30,annual
Polk County,county,2021,2020-09-30,2021-09-30,annual
Polk County,county,2022,2021-09-30,2022-09-30,annual
Polk County,county,2023,2022-10-01,2023-09-30,annual
Polk County,county,2024,2023-10-01,2024-09-30,annual
Polk County,county,2025,2024-10-01,2025-09-30,annual
Port Aransas,municipality,2017,2016-09-30,2017-09-30,annual
Port Aransas,municipality,2018,2017-09-30,2018-09-30,annual
Port Aransas,municipality,2021,2020-10-01,2021-09-30,annual
Port Aransas,municipality,2022,2021-10-01,2022-10-30,annual
Port Aransas,municipality,2023,2022-10-01,2023-09-30,annual
Port Aransas,municipality,2024,2023-10-01,2024-09-30,annual
Port Aransas,municipality,2025,2024-10-01,2025-09-30,annual
Port Arthur,municipality,2016,2015-10-01,2016-09-30,annual
Port Arthur,municipality,2017,2016-09-30,2017-09-30,annual
Port Arthur,municipality,2018,2017-09-30,2018-09-30,annual
Port Arthur,municipality,2019,2018-09-30,2019-09-30,annual
Port Arthur,municipality,2020,2019-10-01,2020-09-30,annual
Port Arthur,municipality,2021,2020-10-01,2021-09-30,annual
Port Arthur,municipality,2022,2021-10-01,2022-09-30,annual
Port Arthur,municipality,2023,2022-10-01,2023-09-30,annual
Port Arthur,municipality,2024,2023-10-01,2024-09-30,annual
Port Arthur,municipality,2025,2024-10-01,2025-09-30,annual
Port Isabel,municipality,2022,2021-09-30,2022-09-30,annual
Port Isabel,municipality,2025,2024-10-01,2025-09-30,annual
Port Lavaca,municipality,2019,2018-09-30,2019-09-30,annual
Port Lavaca,municipality,2020,2019-10-01,2020-09-30,annual
Port Lavaca,municipality,2021,2020-09-30,2021-09-30,annual
Port Lavaca,municipality,2022,2021-09-30,2022-09-30,annual
Port Lavaca,municipality,2023,2022-10-01,2023-09-30,annual
Port Lavaca,municipality,2024,2023-10-01,2024-09-30,annual
Port Lavaca,municipality,2025,2024-10-01,2025-09-30,annual
Port Neches,municipality,2022,2021-10-01,2022-09-30,annual
Port Neches,municipality,2023,2022-10-01,2023-09-30,annual
Port Neches,municipality,2024,2023-10-01,2024-09-30,annual
Portland,municipality,2018,2017-09-30,2018-09-30,annual
Portland,municipality,2020,2019-10-01,2020-09-30,annual
Portland,municipality,2021,2020-09-30,2021-09-30,annual
Portland,municipality,2022,2021-09-30,2022-09-30,annual
Portland,municipality,2025,2024-10-01,2025-09-30,annual
Poteet,municipality,2017,2016-09-30,2017-09-30,annual
Poteet,municipality,2020,2019-10-01,2020-09-30,annual
Poteet,municipality,2021,2020-09-30,2021-09-30,annual
Potter County,county,2016,2015-10-01,2016-09-30,annual
Potter County,county,2020,2019-10-01,2020-09-30,annual
Potter County,county,2022,2021-09-30,2022-09-30,annual
Potter County,county,2023,2022-10-01,2023-09-30,annual
Potter County,county,2024,2023-10-01,2024-09-30,annual
Potter County,county,2025,2024-10-01,2025-09-30,annual
Presidio,municipality,2021,2020-09-30,2021-09-30,annual
Presidio County,county,2023,2022-10-01,2023-09-30,annual
Primera,municipality,2022,2021-09-30,2022-09-30,annual
Princeton,municipality,2021,2020-09-30,2021-09-30,annual
Princeton,municipality,2025,2024-10-01,2025-09-30,annual
Prosper,municipality,2020,2019-10-01,2020-09-30,annual
Prosper,municipality,2021,2020-09-30,2021-09-30,annual
Prosper,municipality,2024,2023-10-01,2024-09-30,annual
Prosper,municipality,2025,2024-10-01,2025-09-30,annual
Quinlan,municipality,2021,2020-09-30,2021-09-30,annual
Quitaque,municipality,2025,2024-10-01,2025-09-30,annual
Randall County,county,2020,2019-10-01,2020-09-30,annual
Randall County,county,2021,2020-09-30,2021-09-30,annual
Randall County,county,2022,2021-09-30,2022-09-30,annual
Randall County,county,2023,2022-10-01,2023-09-30,annual
Randall County,county,2024,2023-10-01,2024-09-30,annual
Randall County,county,2025,2024-10-01,2025-09-30,annual
Raymondville,municipality,2016,2015-10-01,2016-09-30,annual
Raymondville,municipality,2019,2018-09-30,2019-09-30,annual
Raymondville,municipality,2020,2019-10-01,2020-09-30,annual
Raymondville,municipality,2021,2020-09-30,2021-09-30,annual
Raymondville,municipality,2022,2021-10-01,2022-09-30,annual
Raymondville,municipality,2023,2022-10-01,2023-09-30,annual
Raymondville,municipality,2024,2023-10-01,2024-09-30,annual
Raymondville,municipality,2025,2024-10-01,2025-09-30,annual
Red Oak,municipality,2022,2021-09-30,2022-09-30,annual
Red River County,county,2016,2015-10-01,2016-09-30,annual
Red River County,county,2022,2021-09-30,2022-09-30,annual
Red River County,county,2023,2022-10-01,2023-09-30,annual
Refugio,municipality,2020,2019-10-01,2020-09-30,annual
Refugio,municipality,2021,2020-09-30,2021-09-30,annual
Refugio,municipality,2022,2021-09-30,2022-09-30,annual
Refugio,municipality,2023,2022-10-01,2023-09-30,annual
Refugio,municipality,2024,2023-10-01,2024-09-30,annual
Refugio,municipality,2025,2024-10-01,2025-09-30,annual
Refugio County,county,2016,2015-10-01,2016-09-30,annual
Refugio County,county,2018,2017-09-30,2018-09-30,annual
Refugio County,county,2019,2018-09-30,2019-09-30,annual
Refugio County,county,2020,2019-10-01,2020-09-30,annual
Refugio County,county,2021,2020-09-30,2021-09-30,annual
Refugio County,county,2022,2021-09-30,2022-09-30,annual
Refugio County,county,2023,2022-10-01,2023-09-30,annual
Refugio County,county,2024,2023-10-01,2024-09-30,annual
Refugio County,county,2025,2024-10-01,2025-09-30,annual
Reno,municipality,2020,2019-10-01,2020-09-30,annual
Richardson,municipality,2018,2017-09-30,2018-09-30,annual
Richardson,municipality,2020,2019-10-01,2020-09-30,annual
Richardson,municipality,2021,2020-09-30,2021-09-30,annual
Richardson,municipality,2022,2021-09-30,2022-09-30,annual
Richardson,municipality,2023,2022-10-01,2023-09-30,annual
Richardson,municipality,2024,2023-10-01,2024-09-30,annual
Richardson,municipality,2025,2024-10-01,2025-09-30,annual
Richland Hills,municipality,2021,2020-09-30,2021-09-30,annual
Richland Hills,municipality,2024,2023-10-01,2024-09-30,annual
Richmond,municipality,2017,2016-09-30,2017-09-30,annual
Richmond,municipality,2018,2017-09-30,2018-09-30,annual
Richmond,municipality,2023,2022-10-01,2023-09-30,annual
Richmond,municipality,2024,2023-10-01,2024-09-30,annual
Richmond,municipality,2025,2024-10-01,2025-09-30,annual
Richwood,municipality,2024,2023-10-01,2024-09-30,annual
Richwood,municipality,2025,2024-10-01,2025-09-30,annual
Rio Grande City,municipality,2020,2019-10-01,2020-09-30,annual
Rio Grande City,municipality,2023,2022-10-01,2023-09-30,annual
Rio Grande City,municipality,2024,2023-10-01,2024-09-30,annual
Rio Hondo,municipality,2016,2015-10-01,2016-09-30,annual
Rio Hondo,municipality,2018,2017-09-30,2018-09-30,annual
River Oaks,municipality,2017,2016-09-30,2017-09-30,annual
River Oaks,municipality,2018,2017-09-30,2018-09-30,annual
River Oaks,municipality,2019,2018-09-30,2019-09-30,annual
River Oaks,municipality,2020,2019-10-01,2020-09-30,annual
River Oaks,municipality,2021,2020-09-30,2021-09-30,annual
River Oaks,municipality,2022,2021-10-01,2022-09-30,annual
Roanoke,municipality,2022,2021-09-30,2022-09-30,annual
Robertson County,county,2024,2023-10-01,2024-09-30,annual
Robertson County,county,2025,2024-10-01,2025-09-30,annual
Robinson,municipality,2024,2023-10-01,2024-09-30,annual
Rockdale,municipality,2022,2021-09-30,2022-09-30,annual
Rockdale,municipality,2023,2022-10-01,2023-09-30,annual
Rockdale,municipality,2024,2023-10-01,2024-09-30,annual
Rockport,municipality,2016,2015-10-01,2016-09-30,annual
Rockport,municipality,2017,2016-09-30,2017-09-30,annual
Rockport,municipality,2018,2017-09-30,2018-09-30,annual
Rockport,municipality,2019,2018-09-30,2019-09-30,annual
Rockport,municipality,2020,2019-10-01,2020-09-30,annual
Rockport,municipality,2022,2021-10-01,2022-09-30,annual
Rockport,municipality,2023,2022-10-01,2023-09-30,annual
Rockport,municipality,2024,2023-10-01,2024-09-30,annual
Rockport,municipality,2025,2024-10-01,2025-09-30,annual
Rockwall,municipality,2023,2022-10-01,2023-09-30,annual
Rockwall,municipality,2024,2023-10-01,2024-09-30,annual
Rockwall,municipality,2025,2024-10-01,2025-09-30,annual
Rockwall County,county,2020,2019-10-01,2020-09-30,annual
Rockwall County,county,2023,2022-10-01,2023-09-30,annual
Rockwall County,county,2024,2023-10-01,2024-09-30,annual
Rockwall County,county,2025,2024-10-01,2025-09-30,annual
Roma,municipality,2016,2015-10-01,2016-09-30,annual
Roma,municipality,2019,2018-09-30,2019-09-30,annual
Roma,municipality,2020,2019-10-01,2020-09-30,annual
Roma,municipality,2021,2020-09-30,2021-09-30,annual
Roma,municipality,2022,2021-09-30,2022-09-30,annual
Roma,municipality,2023,2022-10-01,2023-09-30,annual
Roma,municipality,2024,2023-10-01,2024-09-30,annual
Roma,municipality,2025,2024-10-01,2025-09-30,annual
Rose City,municipality,2016,2015-10-01,2016-09-30,annual
Rose City,municipality,2024,2023-10-01,2024-09-30,annual
Rosenberg,municipality,2018,2017-09-30,2018-09-30,annual
Rosenberg,municipality,2019,2018-09-30,2019-09-30,annual
Rosenberg,municipality,2020,2019-10-01,2020-09-30,annual
Rosenberg,municipality,2021,2020-09-30,2021-09-30,annual
Rosenberg,municipality,2022,2021-09-30,2022-09-30,annual
Rosenberg,municipality,2023,2022-10-01,2023-09-30,annual
Rosenberg,municipality,2024,2023-10-01,2024-09-30,annual
Rosenberg,municipality,2025,2024-10-01,2025-09-30,annual
Round Rock,municipality,2016,2015-10-01,2016-09-30,annual
Round Rock,municipality,2017,2016-09-30,2017-09-30,annual
Round Rock,municipality,2018,2017-09-30,2018-09-30,annual
Round Rock,municipality,2019,2018-09-30,2019-09-30,annual
Round Rock,municipality,2020,2019-10-01,2020-09-30,annual
Round Rock,municipality,2021,2020-09-30,2021-09-30,annual
Round Rock,municipality,2022,2021-09-30,2022-09-30,annual
Round Rock,municipality,2023,2022-10-01,2023-09-30,annual
Round Rock,municipality,2024,2023-10-01,2024-09-30,annual
Round Rock,municipality,2025,2024-10-01,2025-09-30,annual
Rowlett,municipality,2016,2015-10-01,2016-09-30,annual
Rowlett,municipality,2019,2018-09-30,2019-09-30,annual
Rowlett,municipality,2020,2019-10-01,2020-09-30,annual
Rowlett,municipality,2021,2020-09-30,2021-09-30,annual
Rowlett,municipality,2022,2021-09-30,2022-09-30,annual
Rowlett,municipality,2023,2022-10-01,2023-09-30,annual
Rowlett,municipality,2024,2023-10-01,2024-09-30,annual
Royse City,municipality,2025,2024-10-01,2025-09-30,annual
Rusk County,county,2020,2020-01-01,2020-12-31,annual
Rusk County,county,2022,2022-01-01,2022-12-31,annual
Rusk County,county,2023,2023-01-01,2023-12-31,annual
Rusk County,county,2024,2024-01-01,2024-12-31,annual
Rusk County,county,2025,2025-01-01,2025-12-31,annual
Sabine County,county,2016,2016-01-01,2016-12-31,annual
Sabine County,county,2018,2017-12-31,2018-12-31,annual
Sabine County,county,2019,2018-12-31,2019-12-31,annual
Sabine County,county,2020,2020-01-01,2020-12-31,annual
Sabine County,county,2021,2020-12-31,2021-12-31,annual
Sabine County,county,2022,2021-12-31,2022-12-31,annual
Sabine County,county,2023,2023-01-01,2023-12-31,annual
Sabine County,county,2024,2024-01-01,2024-12-31,annual
Sachse,municipality,2020,2019-10-01,2020-09-30,annual
Sachse,municipality,2023,2022-10-01,2023-09-30,annual
Sachse,municipality,2024,2023-10-01,2024-09-30,annual
Saginaw,municipality,2020,2019-10-01,2020-09-30,annual
Saginaw,municipality,2023,2022-10-01,2023-09-30,annual
Saginaw,municipality,2024,2023-10-01,2024-09-30,annual
Saginaw,municipality,2025,2024-10-01,2025-09-30,annual
San Angelo,municipality,2016,2015-10-01,2016-09-30,annual
San Angelo,municipality,2017,2016-09-30,2017-09-30,annual
San Angelo,municipality,2018,2017-09-30,2018-09-30,annual
San Angelo,municipality,2019,2018-09-30,2019-09-30,annual
San Angelo,municipality,2020,2019-10-01,2020-09-30,annual
San Angelo,municipality,2021,2020-09-30,2021-09-30,annual
San Angelo,municipality,2022,2021-09-30,2022-09-30,annual
San Angelo,municipality,2023,2022-10-01,2023-09-30,annual
San Angelo,municipality,2024,2023-10-01,2024-09-30,annual
San Angelo,municipality,2025,2024-10-01,2025-09-30,annual
San Antonio,municipality,2016,2015-10-01,2016-09-30,annual
San Antonio,municipality,2017,2016-09-30,2017-09-30,annual
San Antonio,municipality,2018,2017-09-30,2018-09-30,annual
San Antonio,municipality,2019,2018-09-30,2019-09-30,annual
San Antonio,municipality,2020,2019-10-01,2020-09-30,annual
San Antonio,municipality,2021,2020-09-30,2021-09-30,annual
San Antonio,municipality,2022,2021-09-30,2022-09-30,annual
San Antonio,municipality,2023,2022-10-01,2023-09-30,annual
San Antonio,municipality,2024,2023-10-01,2024-09-30,annual
San Antonio,municipality,2025,2024-10-01,2025-09-30,annual
San Augustine County,county,2024,2023-10-01,2024-09-30,annual
San Augustine County,county,2025,2024-10-01,2025-09-30,annual
San Benito,municipality,2023,2022-10-01,2023-09-30,annual
San Benito,municipality,2024,2023-10-01,2024-09-30,annual
San Benito,municipality,2025,2024-10-01,2025-09-30,annual
San Felipe,municipality,2021,2020-09-30,2021-09-30,annual
San Felipe,municipality,2022,2021-10-01,2022-09-30,annual
San Jacinto County,county,2016,2015-10-01,2016-09-30,annual
San Jacinto County,county,2017,2016-09-30,2017-09-30,annual
San Jacinto County,county,2018,2017-09-30,2018-09-30,annual
San Jacinto County,county,2020,2019-10-01,2020-09-30,annual
San Jacinto County,county,2023,2022-10-01,2023-09-30,annual
San Jacinto County,county,2024,2023-10-01,2024-09-30,annual
San Juan,municipality,2020,2019-10-01,2020-09-30,annual
San Juan,municipality,2023,2022-10-01,2023-09-30,annual
San Juan,municipality,2024,2023-10-01,2024-09-30,annual
San Juan,municipality,2025,2024-10-01,2025-09-30,annual
San Marcos,municipality,2016,2015-10-01,2016-09-30,annual
San Marcos,municipality,2017,2016-09-30,2017-09-30,annual
San Marcos,municipality,2018,2017-09-30,2018-09-30,annual
San Marcos,municipality,2019,2018-09-30,2019-09-30,annual
San Marcos,municipality,2020,2019-10-01,2020-09-30,annual
San Marcos,municipality,2021,2020-09-30,2021-09-30,annual
San Marcos,municipality,2022,2021-09-30,2022-09-30,annual
San Marcos,municipality,2023,2022-10-01,2023-09-30,annual
San Marcos,municipality,2024,2023-10-01,2024-09-30,annual
San Marcos,municipality,2025,2024-10-01,2025-09-30,annual
San Patricio County,county,2016,2016-01-01,2016-12-31,annual
San Patricio County,county,2017,2016-12-31,2017-12-31,annual
San Patricio County,county,2018,2017-12-31,2018-12-31,annual
San Patricio County,county,2019,2018-12-31,2019-12-31,annual
San Patricio County,county,2020,2020-01-01,2020-12-31,annual
San Patricio County,county,2021,2020-12-31,2021-12-31,annual
San Patricio County,county,2022,2021-12-31,2022-12-31,annual
San Patricio County,county,2023,2023-01-01,2023-12-31,annual
San Patricio County,county,2024,2024-01-01,2024-12-31,annual
San Saba County,county,2020,2019-10-01,2020-09-30,annual
Sanger,municipality,2024,2023-10-01,2024-09-30,annual
Sanger,municipality,2025,2024-10-01,2025-09-30,annual
Sansom Park,municipality,2023,2022-10-01,2023-09-30,annual
Santa Fe,municipality,2016,2015-10-01,2016-09-30,annual
Santa Fe,municipality,2020,2019-10-01,2020-09-30,annual
Santa Fe,municipality,2021,2020-09-30,2021-09-30,annual
Santa Fe,municipality,2022,2021-09-30,2022-09-30,annual
Santa Fe,municipality,2023,2022-10-01,2023-09-30,annual
Santa Fe,municipality,2024,2023-10-01,2024-09-30,annual
Santa Fe,municipality,2025,2024-10-01,2025-09-30,annual
Savoy,municipality,2020,2019-10-01,2020-09-30,annual
Schertz,municipality,2020,2019-10-01,2020-09-30,annual
Schertz,municipality,2021,2020-09-30,2021-09-30,annual
Schertz,municipality,2022,2021-09-30,2022-09-30,annual
Schertz,municipality,2023,2022-10-01,2023-09-30,annual
Schertz,municipality,2024,2023-10-01,2024-09-30,annual
Schertz,municipality,2025,2024-10-01,2025-09-30,annual
Schulenburg,municipality,2023,2022-10-01,2023-09-30,annual
Scurry County,county,2025,2025-01-01,2025-12-31,annual
Seabrook,municipality,2020,2019-10-01,2020-09-30,annual
Seabrook,municipality,2022,2021-09-30,2022-09-30,annual
Seabrook,municipality,2023,2022-10-01,2023-09-30,annual
Seabrook,municipality,2024,2023-10-01,2024-09-30,annual
Seadrift,municipality,2020,2019-10-01,2020-09-30,annual
Seadrift,municipality,2021,2020-09-30,2021-09-30,annual
Seadrift,municipality,2022,2021-09-30,2022-09-30,annual
Seadrift,municipality,2023,2022-10-01,2023-09-30,annual
Seadrift,municipality,2024,2023-10-01,2024-09-30,annual
Seadrift,municipality,2025,2024-10-01,2025-09-30,annual
Seagoville,municipality,2021,2020-09-30,2021-09-30,annual
Seagoville,municipality,2024,2023-10-01,2024-09-30,annual
Seagraves,municipality,2022,2021-09-30,2022-09-30,annual
Seagraves,municipality,2023,2022-10-01,2023-09-30,annual
Seagraves,municipality,2024,2023-10-01,2024-09-30,annual
Sealy,municipality,2021,2020-09-30,2021-09-30,annual
Sealy,municipality,2022,2021-09-30,2022-09-30,annual
Sealy,municipality,2023,2022-10-01,2023-09-30,annual
Seguin,municipality,2018,2017-09-30,2018-09-30,annual
Seguin,municipality,2020,2019-10-01,2020-09-30,annual
Seguin,municipality,2021,2020-09-30,2021-09-30,annual
Seguin,municipality,2022,2021-09-30,2022-09-30,annual
Seguin,municipality,2023,2022-10-01,2023-09-30,annual
Seguin,municipality,2024,2023-10-01,2024-09-30,annual
Seguin,municipality,2025,2024-10-01,2025-09-30,annual
Seminole,municipality,2023,2022-10-01,2023-09-30,annual
Shelby County,county,2016,2015-10-01,2016-09-30,annual
Shelby County,county,2018,2017-09-30,2018-09-30,annual
Shelby County,county,2020,2019-10-01,2020-09-30,annual
Shelby County,county,2023,2022-10-01,2023-09-30,annual
Shelby County,county,2024,2023-10-01,2024-09-30,annual
Shenandoah,municipality,2024,2023-10-01,2024-09-30,annual
Shenandoah,municipality,2025,2024-10-01,2025-09-30,annual
Shepherd,municipality,2025,2024-10-01,2025-09-30,annual
Sherman,municipality,2017,2016-09-30,2017-09-30,annual
Sherman,municipality,2018,2017-09-30,2018-09-30,annual
Sherman,municipality,2019,2018-09-30,2019-09-30,annual
Sherman,municipality,2020,2019-10-01,2020-09-30,annual
Sherman,municipality,2021,2020-09-30,2021-09-30,annual
Sherman,municipality,2022,2021-09-30,2022-09-30,annual
Sherman,municipality,2023,2022-10-01,2023-09-30,annual
Sherman,municipality,2024,2023-10-01,2024-09-30,annual
Sherman,municipality,2025,2024-10-01,2025-09-30,annual
Simonton,municipality,2022,2021-10-01,2022-09-30,annual
Sinton,municipality,2022,2021-09-30,2022-09-30,annual
Slaton,municipality,2024,2023-10-01,2024-09-30,annual
Slaton,municipality,2025,2024-10-01,2025-09-30,annual
Smith County,county,2017,2016-09-30,2017-09-30,annual
Smith County,county,2018,2017-09-30,2018-09-30,annual
Smith County,county,2019,2018-09-30,2019-09-30,annual
Smith County,county,2020,2019-10-01,2020-09-30,annual
Smith County,county,2021,2020-09-30,2021-09-30,annual
Smith County,county,2022,2021-09-30,2022-09-30,annual
Smith County,county,2023,2022-10-01,2023-09-30,annual
Smith County,county,2024,2023-10-01,2024-09-30,annual
Smith County,county,2025,2024-10-01,2025-09-30,annual
Smithville,municipality,2017,2016-09-30,2017-09-30,annual
Smithville,municipality,2018,2017-09-30,2018-09-30,annual
Smithville,municipality,2020,2019-10-01,2020-09-30,annual
Smithville,municipality,2022,2021-09-30,2022-09-30,annual
Smithville,municipality,2023,2022-10-01,2023-09-30,annual
Smithville,municipality,2024,2023-10-01,2024-09-30,annual
Smithville,municipality,2025,2024-10-01,2025-09-30,annual
Snyder,municipality,2016,2015-10-01,2016-09-30,annual
Snyder,municipality,2023,2022-10-01,2023-09-30,annual
Snyder,municipality,2024,2023-10-01,2024-09-30,annual
Socorro,municipality,2018,2017-09-30,2018-09-30,annual
Socorro,municipality,2021,2020-09-30,2021-09-30,annual
Socorro,municipality,2023,2022-10-01,2023-09-30,annual
Socorro,municipality,2024,2023-10-01,2024-09-30,annual
Socorro,municipality,2025,2024-10-01,2025-09-30,annual
Sour Lake,municipality,2022,2021-12-31,2022-12-31,annual
Sour Lake,municipality,2023,2023-01-01,2023-12-31,annual
Sour Lake,municipality,2024,2024-01-01,2024-12-31,annual
Sour Lake,municipality,2025,2025-01-01,2025-12-31,annual
South Houston,municipality,2016,2015-10-01,2016-09-30,annual
South Houston,municipality,2022,2021-09-30,2022-09-30,annual
South Houston,municipality,2023,2022-10-01,2023-09-30,annual
South Houston,municipality,2024,2023-10-01,2024-09-30,annual
South Houston,municipality,2025,2024-10-01,2025-09-30,annual
South Padre Island,municipality,2016,2015-10-01,2016-09-30,annual
South Padre Island,municipality,2017,2016-09-30,2017-09-30,annual
South Padre Island,municipality,2018,2017-09-30,2018-09-30,annual
South Padre Island,municipality,2019,2018-09-30,2019-09-30,annual
South Padre Island,municipality,2020,2019-10-01,2020-09-30,annual
South Padre Island,municipality,2021,2020-09-30,2021-09-30,annual
South Padre Island,municipality,2022,2021-09-30,2022-09-30,annual
South Padre Island,municipality,2023,2022-10-01,2023-09-30,annual
South Padre Island,municipality,2024,2023-10-01,2024-09-30,annual
South Padre Island,municipality,2025,2024-10-01,2025-09-30,annual
Southlake,municipality,2020,2019-10-01,2020-09-30,annual
Southlake,municipality,2022,2021-09-30,2022-09-30,annual
Southside Place,municipality,2023,2022-10-01,2023-09-30,annual
Springtown,municipality,2024,2023-10-01,2024-09-30,annual
Stafford,municipality,2019,2018-09-30,2019-09-30,annual
Stafford,municipality,2020,2019-10-01,2020-09-30,annual
Stafford,municipality,2021,2020-09-30,2021-09-30,annual
Stafford,municipality,2023,2022-10-01,2023-09-30,annual
Stafford,municipality,2024,2023-10-01,2024-09-30,annual
Stafford,municipality,2025,2024-10-01,2025-09-30,annual
Stamford,municipality,2018,2017-09-30,2018-09-30,annual
Stamford,municipality,2020,2019-10-01,2020-09-30,annual
Stamford,municipality,2021,2020-09-30,2021-09-30,annual
Stamford,municipality,2022,2021-10-01,2022-09-30,annual
Stamford,municipality,2023,2022-10-01,2023-09-30,annual
Stamford,municipality,2024,2023-10-01,2024-09-30,annual
Starr County,county,2016,2015-10-01,2016-09-30,annual
Starr County,county,2017,2016-09-30,2017-09-30,annual
Starr County,county,2018,2017-09-30,2018-09-30,annual
Starr County,county,2019,2018-09-30,2019-09-30,annual
Starr County,county,2020,2019-10-01,2020-09-30,annual
Starr County,county,2021,2020-09-30,2021-09-30,annual
Starr County,county,2022,2021-09-30,2022-09-30,annual
Starr County,county,2023,2022-10-01,2023-09-30,annual
Starr County,county,2024,2023-10-01,2024-09-30,annual
Stephens County,county,2021,2021-01-01,2021-12-31,annual
Stephens County,county,2022,2022-01-01,2022-12-31,annual
Stephenville,municipality,2017,2016-09-30,2017-09-30,annual
Stephenville,municipality,2020,2019-10-01,2020-09-30,annual
Stephenville,municipality,2021,2020-09-30,2021-09-30,annual
Stephenville,municipality,2022,2021-09-30,2022-09-30,annual
Stephenville,municipality,2023,2022-10-01,2023-09-30,annual
Stephenville,municipality,2024,2023-10-01,2024-09-30,annual
Strawn,municipality,2018,2017-09-30,2018-09-30,annual
Sugar Land,municipality,2017,2016-09-30,2017-09-30,annual
Sugar Land,municipality,2018,2017-09-30,2018-09-30,annual
Sugar Land,municipality,2019,2018-09-30,2019-09-30,annual
Sugar Land,municipality,2021,2020-09-30,2021-09-30,annual
Sugar Land,municipality,2022,2021-09-30,2022-09-30,annual
Sugar Land,municipality,2023,2022-10-01,2023-09-30,annual
Sugar Land,municipality,2024,2023-10-01,2024-09-30,annual
Sugar Land,municipality,2025,2024-10-01,2025-09-30,annual
Sulphur Springs,municipality,2020,2019-10-01,2020-09-30,annual
Sulphur Springs,municipality,2024,2023-10-01,2024-09-30,annual
Sulphur Springs,municipality,2025,2024-10-01,2025-09-30,annual
Sunnyvale,municipality,2025,2024-10-01,2025-09-30,annual
Sweeny,municipality,2022,2021-09-30,2022-09-30,annual
Sweeny,municipality,2024,2023-10-01,2024-09-30,annual
Sweeny,municipality,2025,2024-10-01,2025-09-30,annual
Swisher County,county,2016,2015-10-01,2016-09-30,annual
Swisher County,county,2020,2019-10-01,2020-09-30,annual
Swisher County,county,2021,2020-09-30,2021-09-30,annual
Swisher County,county,2022,2021-09-30,2022-09-30,annual
Swisher County,county,2023,2022-10-01,2023-09-30,annual
Tarrant County,county,2016,2015-10-01,2016-09-30,annual
Tarrant County,county,2017,2016-09-30,2017-09-30,annual
Tarrant County,county,2018,2017-09-30,2018-09-30,annual
Tarrant County,county,2019,2018-09-30,2019-09-30,annual
Tarrant County,county,2020,2019-10-01,2020-09-30,annual
Tarrant County,county,2021,2020-09-30,2021-09-30,annual
Tarrant County,county,2022,2021-09-30,2022-09-30,annual
Tarrant County,county,2023,2022-10-01,2023-09-30,annual
Tarrant County,county,2024,2023-10-01,2024-09-30,annual
Tarrant County,county,2025,2024-10-01,2025-09-30,annual
Taylor,municipality,2017,2016-09-30,2017-09-30,annual
Taylor,municipality,2019,2018-09-30,2019-09-30,annual
Taylor,municipality,2020,2019-10-01,2020-09-30,annual
Taylor,municipality,2021,2020-09-30,2021-09-30,annual
Taylor,municipality,2022,2021-09-30,2022-09-30,annual
Taylor,municipality,2023,2022-10-01,2023-09-30,annual
Taylor,municipality,2024,2023-10-01,2024-09-30,annual
Taylor,municipality,2025,2024-10-01,2025-09-30,annual
Taylor County,county,2020,2019-10-01,2020-09-30,annual
Taylor County,county,2021,2020-09-30,2021-09-30,annual
Taylor County,county,2022,2021-09-30,2022-09-30,annual
Taylor County,county,2023,2022-10-01,2023-09-30,annual
Taylor County,county,2024,2023-10-01,2024-09-30,annual
Taylor County,county,2025,2024-10-01,2025-09-30,annual
Taylor Lake Village,municipality,2023,2022-10-01,2023-09-30,annual
Taylor Lake Village,municipality,2024,2023-10-01,2024-09-30,annual
Taylor Lake Village,municipality,2025,2024-10-01,2025-09-30,annual
Temple,municipality,2016,2015-10-01,2016-09-30,annual
Temple,municipality,2017,2016-09-30,2017-09-30,annual
Temple,municipality,2018,2017-09-30,2018-09-30,annual
Temple,municipality,2019,2018-09-30,2019-09-30,annual
Temple,municipality,2020,2019-10-01,2020-09-30,annual
Temple,municipality,2021,2020-09-30,2021-09-30,annual
Temple,municipality,2022,2021-09-30,2022-09-30,annual
Temple,municipality,2023,2022-10-01,2023-09-30,annual
Temple,municipality,2024,2023-10-01,2024-09-30,annual
Temple,municipality,2025,2024-10-01,2025-09-30,annual
Terrell,municipality,2016,2015-10-01,2016-09-30,annual
Terrell,municipality,2017,2016-09-30,2017-09-30,annual
Terrell,municipality,2018,2017-09-30,2018-09-30,annual
Terrell,municipality,2019,2018-09-30,2019-09-30,annual
Terrell,municipality,2020,2019-10-01,2020-09-30,annual
Terrell,municipality,2021,2020-09-30,2021-09-30,annual
Terrell,municipality,2022,2021-09-30,2022-09-30,annual
Terrell,municipality,2023,2022-10-01,2023-09-30,annual
Terrell,municipality,2024,2023-10-01,2024-09-30,annual
Terrell,municipality,2025,2024-10-01,2025-09-30,annual
Terrell County,county,2024,2023-10-01,2024-09-30,annual
Texarkana,municipality,2016,2015-10-01,2016-09-30,annual
Texarkana,municipality,2017,2016-09-30,2017-09-30,annual
Texarkana,municipality,2018,2017-09-30,2018-09-30,annual
Texarkana,municipality,2019,2018-09-30,2019-09-30,annual
Texarkana,municipality,2020,2019-10-01,2020-09-30,annual
Texarkana,municipality,2021,2020-09-30,2021-09-30,annual
Texarkana,municipality,2022,2021-09-30,2022-09-30,annual
Texarkana,municipality,2023,2022-10-01,2023-09-30,annual
Texarkana,municipality,2025,2024-10-01,2025-09-30,annual
Texas City,municipality,2016,2015-10-01,2016-09-30,annual
Texas City,municipality,2018,2017-09-30,2018-09-30,annual
Texas City,municipality,2020,2019-10-01,2020-09-30,annual
Texas City,municipality,2021,2020-09-30,2021-09-30,annual
Texas City,municipality,2022,2021-09-30,2022-09-30,annual
Texas City,municipality,2023,2022-10-01,2023-09-30,annual
Texas City,municipality,2024,2023-10-01,2024-09-30,annual
The Colony,municipality,2020,2019-10-01,2020-09-30,annual
The Colony,municipality,2024,2023-10-01,2024-09-30,annual
The Colony,municipality,2025,2024-10-01,2025-09-30,annual
Three Rivers,municipality,2024,2023-10-01,2024-09-30,annual
Throckmorton County,county,2021,2020-12-31,2021-12-31,annual
Titus County,county,2017,2016-09-30,2017-09-30,annual
Titus County,county,2018,2017-09-30,2018-09-30,annual
Titus County,county,2019,2018-09-30,2019-09-30,annual
Titus County,county,2020,2019-10-01,2020-09-30,annual
Titus County,county,2021,2020-09-30,2021-09-30,annual
Titus County,county,2022,2021-09-30,2022-09-30,annual
Titus County,county,2023,2022-10-01,2023-09-30,annual
Titus County,county,2024,2023-10-01,2024-09-30,annual
Titus County,county,2025,2024-10-01,2025-09-30,annual
Tom Green County,county,2016,2015-10-01,2016-09-30,annual
Tom Green County,county,2020,2019-10-01,2020-09-30,annual
Tom Green County,county,2021,2020-09-30,2021-09-30,annual
Tom Green County,county,2022,2021-09-30,2022-09-30,annual
Tom Green County,county,2023,2022-10-01,2023-09-30,annual
Tom Green County,county,2024,2023-10-01,2024-09-30,annual
Tom Green County,county,2025,2024-10-01,2025-09-30,annual
Tomball,municipality,2021,2020-09-30,2021-09-30,annual
Tomball,municipality,2023,2022-10-01,2023-09-30,annual
Tomball,municipality,2024,2023-10-01,2024-09-30,annual
Tomball,municipality,2025,2024-10-01,2025-09-30,annual
Travis County,county,2016,2015-10-01,2016-09-30,annual
Travis County,county,2017,2016-09-30,2017-09-30,annual
Travis County,county,2018,2017-09-30,2018-09-30,annual
Travis County,county,2019,2018-09-30,2019-09-30,annual
Travis County,county,2020,2019-10-01,2020-09-30,annual
Travis County,county,2021,2020-09-30,2021-09-30,annual
Travis County,county,2022,2021-09-30,2022-09-30,annual
Travis County,county,2023,2022-10-01,2023-09-30,annual
Travis County,county,2024,2023-10-01,2024-09-30,annual
Travis County,county,2025,2024-10-01,2025-09-30,annual
Trinity,municipality,2022,2021-10-01,2022-09-30,annual
Trinity,municipality,2023,2022-10-01,2023-09-30,annual
Trinity County,county,2016,2015-10-01,2016-09-30,annual
Trinity County,county,2023,2022-10-01,2023-09-30,annual
Trophy Club,municipality,2020,2019-10-01,2020-09-30,annual
Troup,municipality,2023,2022-10-01,2023-09-30,annual
Troy,municipality,2024,2023-09-01,2024-08-31,annual
Tulia,municipality,2022,2021-09-30,2022-09-30,annual
Tye,municipality,2019,2018-09-30,2019-09-30,annual
Tye,municipality,2020,2019-10-01,2020-09-30,annual
Tyler,municipality,2016,2015-10-01,2016-09-30,annual
Tyler,municipality,2017,2016-09-30,2017-09-30,annual
Tyler,municipality,2018,2017-09-30,2018-09-30,annual
Tyler,municipality,2019,2018-09-30,2019-09-30,annual
Tyler,municipality,2020,2019-10-01,2020-09-30,annual
Tyler,municipality,2021,2020-09-30,2021-09-30,annual
Tyler,municipality,2022,2021-09-30,2022-09-30,annual
Tyler,municipality,2023,2022-10-01,2023-09-30,annual
Tyler,municipality,2024,2023-10-01,2024-09-30,annual
Tyler,municipality,2025,2024-10-01,2025-09-30,annual
Tyler County,county,2016,2016-01-01,2016-12-31,annual
Tyler County,county,2020,2020-01-01,2020-12-31,annual
Tyler County,county,2021,2020-12-31,2021-12-31,annual
Tyler County,county,2022,2022-01-01,2022-12-31,annual
Tyler County,county,2024,2024-01-01,2024-12-31,annual
Universal City,municipality,2020,2019-10-01,2020-09-30,annual
Universal City,municipality,2021,2020-09-30,2021-09-30,annual
Universal City,municipality,2022,2021-09-30,2022-09-30,annual
University Park,municipality,2020,2019-10-01,2020-09-30,annual
University Park,municipality,2022,2021-09-30,2022-09-30,annual
University Park,municipality,2023,2022-10-01,2023-09-30,annual
University Park,municipality,2024,2023-10-01,2024-09-30,annual
Upshur County,county,2019,2018-09-30,2019-09-30,annual
Upshur County,county,2020,2019-10-01,2020-09-30,annual
Upshur County,county,2021,2020-09-30,2021-09-30,annual
Upshur County,county,2022,2021-09-30,2022-09-30,annual
Upshur County,county,2023,2022-10-01,2023-09-30,annual
Upshur County,county,2024,2023-10-01,2024-09-30,annual
Upshur County,county,2025,2024-10-01,2025-09-30,annual
Uvalde,municipality,2020,2019-10-01,2020-09-30,annual
Uvalde,municipality,2021,2020-09-30,2021-09-30,annual
Uvalde County,county,2017,2016-09-30,2017-09-30,annual
Uvalde County,county,2020,2019-10-01,2020-09-30,annual
Uvalde County,county,2021,2020-09-30,2021-09-30,annual
Uvalde County,county,2022,2021-09-30,2022-09-30,annual
Uvalde County,county,2023,2022-10-01,2023-09-30,annual
Uvalde County,county,2024,2023-10-01,2024-09-30,annual
Uvalde County,county,2025,2024-10-01,2025-09-30,annual
Val Verde County,county,2016,2015-10-01,2016-09-30,annual
Val Verde County,county,2017,2016-09-30,2017-09-30,annual
Val Verde County,county,2018,2017-09-30,2018-09-30,annual
Val Verde County,county,2019,2018-09-30,2019-09-30,annual
Val Verde County,county,2020,2019-10-01,2020-09-30,annual
Val Verde County,county,2021,2020-09-30,2021-09-30,annual
Val Verde County,county,2022,2021-09-30,2022-09-30,annual
Val Verde County,county,2023,2022-10-01,2023-09-30,annual
Val Verde County,county,2024,2023-10-01,2024-09-30,annual
Val Verde County,county,2025,2024-10-01,2025-09-30,annual
Van Zandt County,county,2016,2015-10-01,2016-09-30,annual
Van Zandt County,county,2017,2016-09-30,2017-09-30,annual
Van Zandt County,county,2020,2019-10-01,2020-09-30,annual
Van Zandt County,county,2022,2021-09-30,2022-09-30,annual
Van Zandt County,county,2023,2022-10-01,2023-09-30,annual
Van Zandt County,county,2024,2023-10-01,2024-09-30,annual
Vernon,municipality,2023,2022-10-01,2023-09-30,annual
Victoria,municipality,2016,2015-10-01,2016-09-30,annual
Victoria,municipality,2017,2016-09-30,2017-09-30,annual
Victoria,municipality,2018,2017-09-30,2018-09-30,annual
Victoria,municipality,2019,2018-09-30,2019-09-30,annual
Victoria,municipality,2020,2019-10-01,2020-09-30,annual
Victoria,municipality,2021,2020-09-30,2021-09-30,annual
Victoria,municipality,2022,2021-09-30,2022-09-30,annual
Victoria,municipality,2023,2022-10-01,2023-09-30,annual
Victoria,municipality,2024,2023-10-01,2024-09-30,annual
Victoria,municipality,2025,2024-10-01,2025-09-30,annual
Victoria County,county,2016,2016-01-01,2016-12-31,annual
Victoria County,county,2017,2016-12-31,2017-12-31,annual
Victoria County,county,2018,2017-12-31,2018-12-31,annual
Victoria County,county,2019,2018-12-31,2019-12-31,annual
Victoria County,county,2020,2020-01-01,2020-12-31,annual
Victoria County,county,2021,2020-12-31,2021-12-31,annual
Victoria County,county,2022,2021-12-31,2022-12-31,annual
Victoria County,county,2023,2023-01-01,2023-12-31,annual
Victoria County,county,2024,2024-01-01,2024-12-31,annual
Vidor,municipality,2017,2016-09-30,2017-09-30,annual
Vidor,municipality,2018,2017-09-30,2018-09-30,annual
Vidor,municipality,2019,2018-09-30,2019-09-30,annual
Vidor,municipality,2020,2019-10-01,2020-09-30,annual
Vidor,municipality,2022,2021-10-01,2022-09-30,annual
Vidor,municipality,2023,2022-10-01,2023-09-30,annual
Vidor,municipality,2024,2023-10-01,2024-09-30,annual
Vidor,municipality,2025,2024-10-01,2025-09-30,annual
Vinton,municipality,2020,2019-10-01,2020-09-30,annual
Vinton,municipality,2021,2020-09-30,2021-09-30,annual
Vinton,municipality,2022,2021-10-01,2022-09-30,annual
Vinton,municipality,2023,2022-10-01,2023-09-30,annual
Vinton,municipality,2024,2023-10-01,2024-09-30,annual
Waco,municipality,2016,2015-10-01,2016-09-30,annual
Waco,municipality,2017,2016-09-30,2017-09-30,annual
Waco,municipality,2018,2017-09-30,2018-09-30,annual
Waco,municipality,2019,2018-09-30,2019-09-30,annual
Waco,municipality,2020,2019-10-01,2020-09-30,annual
Waco,municipality,2021,2020-09-30,2021-09-30,annual
Waco,municipality,2022,2021-09-30,2022-09-30,annual
Waco,municipality,2023,2022-10-01,2023-09-30,annual
Waco,municipality,2024,2023-10-01,2024-09-30,annual
Waco,municipality,2025,2024-10-01,2025-09-30,annual
Walker County,county,2016,2015-10-01,2016-09-30,annual
Walker County,county,2017,2016-09-30,2017-09-30,annual
Walker County,county,2019,2018-09-30,2019-09-30,annual
Walker County,county,2020,2019-10-01,2020-09-30,annual
Walker County,county,2021,2020-09-30,2021-09-30,annual
Walker County,county,2022,2021-09-30,2022-09-30,annual
Walker County,county,2023,2022-10-01,2023-09-30,annual
Walker County,county,2024,2023-10-01,2024-09-30,annual
Walker County,county,2025,2024-10-01,2025-09-30,annual
Waller County,county,2016,2016-01-01,2016-12-31,annual
Waller County,county,2020,2020-01-01,2020-12-31,annual
Waller County,county,2021,2020-12-31,2021-12-31,annual
Waller County,county,2022,2021-12-31,2022-12-31,annual
Waller County,county,2023,2023-01-01,2023-12-31,annual
Waller County,county,2024,2024-01-01,2024-12-31,annual
Wallis,municipality,2021,2020-10-01,2021-09-30,annual
Wallis,municipality,2022,2021-10-01,2022-09-30,annual
Wallis,municipality,2024,2023-10-01,2024-09-30,annual
Wallis,municipality,2025,2024-10-01,2025-09-30,annual
Washington County,county,2016,2016-01-01,2016-12-31,annual
Washington County,county,2017,2016-12-31,2017-12-31,annual
Washington County,county,2020,2020-01-01,2020-12-31,annual
Washington County,county,2022,2021-12-31,2022-12-31,annual
Washington County,county,2023,2023-01-01,2023-12-31,annual
Washington County,county,2024,2024-01-01,2024-12-31,annual
Washington County,county,2025,2024-01-01,2025-12-31,annual
Watauga,municipality,2020,2019-10-01,2020-09-30,annual
Watauga,municipality,2021,2020-09-30,2021-09-30,annual
Watauga,municipality,2022,2021-09-30,2022-09-30,annual
Watauga,municipality,2023,2022-10-01,2023-09-30,annual
Watauga,municipality,2024,2023-10-01,2024-09-30,annual
Watauga,municipality,2025,2024-10-01,2025-09-30,annual
Waxahachie,municipality,2020,2019-10-01,2020-09-30,annual
Waxahachie,municipality,2023,2022-10-01,2023-09-30,annual
Waxahachie,municipality,2024,2023-10-01,2024-09-30,annual
Waxahachie,municipality,2025,2024-10-01,2025-09-30,annual
Weatherford,municipality,2016,2015-10-01,2016-09-30,annual
Weatherford,municipality,2017,2016-09-30,2017-09-30,annual
Weatherford,municipality,2018,2017-09-30,2018-09-30,annual
Weatherford,municipality,2020,2019-10-01,2020-09-30,annual
Weatherford,municipality,2021,2020-09-30,2021-09-30,annual
Weatherford,municipality,2022,2021-09-30,2022-09-30,annual
Weatherford,municipality,2023,2022-10-01,2023-09-30,annual
Weatherford,municipality,2024,2023-10-01,2024-09-30,annual
Weatherford,municipality,2025,2024-10-01,2025-09-30,annual
Webb County,county,2016,2015-10-01,2016-09-30,annual
Webb County,county,2017,2016-09-30,2017-09-30,annual
Webb County,county,2018,2017-09-30,2018-09-30,annual
Webb County,county,2019,2018-09-30,2019-09-30,annual
Webb County,county,2020,2019-10-01,2020-09-30,annual
Webb County,county,2021,2020-09-30,2021-09-30,annual
Webb County,county,2022,2021-09-30,2022-09-30,annual
Webb County,county,2023,2022-10-01,2023-09-30,annual
Webb County,county,2024,2023-10-01,2024-09-30,annual
Webb County,county,2025,2024-10-01,2025-09-30,annual
Webster,municipality,2024,2023-10-01,2024-09-30,annual
Webster,municipality,2025,2024-10-01,2025-09-30,annual
Weimar,municipality,2023,2022-10-01,2023-09-30,annual
Weslaco,municipality,2016,2015-10-01,2016-09-30,annual
Weslaco,municipality,2017,2016-09-30,2017-09-30,annual
Weslaco,municipality,2020,2019-10-01,2020-09-30,annual
Weslaco,municipality,2021,2020-09-30,2021-09-30,annual
Weslaco,municipality,2022,2021-09-30,2022-09-30,annual
Weslaco,municipality,2023,2022-10-01,2023-09-30,annual
Weslaco,municipality,2024,2023-10-01,2024-09-30,annual
Weslaco,municipality,2025,2024-10-01,2025-09-30,annual
West,municipality,2016,2015-10-01,2016-09-30,annual
West Orange,municipality,2021,2020-09-30,2021-09-30,annual
West Orange,municipality,2022,2021-09-30,2022-09-30,annual
West Orange,municipality,2023,2022-10-01,2023-09-30,annual
West Orange,municipality,2024,2023-10-01,2024-09-30,annual
West Orange,municipality,2025,2024-10-01,2025-09-30,annual
West Tawakoni,municipality,2018,2017-09-30,2018-09-30,annual
West University Place,municipality,2020,2020-01-01,2020-12-31,annual
West University Place,municipality,2023,2023-01-01,2023-12-31,annual
West University Place,municipality,2024,2024-01-01,2024-12-31,annual
West University Place,municipality,2025,2025-01-01,2025-12-31,annual
Westworth Village,municipality,2020,2019-10-01,2020-09-30,annual
Wharton,municipality,2017,2016-09-30,2017-09-30,annual
Wharton,municipality,2018,2017-09-30,2018-09-30,annual
Wharton,municipality,2020,2019-10-01,2020-09-30,annual
Wharton,municipality,2021,2020-09-30,2021-09-30,annual
Wharton,municipality,2022,2021-09-30,2022-09-30,annual
Wharton,municipality,2023,2022-10-01,2023-09-30,annual
Wharton,municipality,2024,2023-10-01,2024-09-30,annual
Wharton County,county,2017,2016-12-31,2017-12-31,annual
Wharton County,county,2018,2017-12-31,2018-12-31,annual
Wharton County,county,2020,2020-01-01,2020-12-31,annual
Wharton County,county,2022,2021-12-31,2022-12-31,annual
Wharton County,county,2023,2023-01-01,2023-12-31,annual
Wharton County,county,2024,2024-01-01,2024-12-31,annual
Wharton County,county,2025,2025-01-01,2025-12-31,annual
White Settlement,municipality,2023,2022-10-01,2023-09-30,annual
White Settlement,municipality,2024,2023-10-01,2024-09-30,annual
White Settlement,municipality,2025,2024-10-01,2025-09-30,annual
Whitehouse,municipality,2024,2023-10-01,2024-09-30,annual
Whitesboro,municipality,2025,2024-10-01,2025-09-30,annual
Wichita County,county,2017,2016-12-31,2017-12-31,annual
Wichita County,county,2021,2020-12-31,2021-12-31,annual
Wichita County,county,2022,2022-01-01,2022-12-31,annual
Wichita County,county,2023,2023-01-01,2023-12-31,annual
Wichita County,county,2024,2024-01-01,2024-12-31,annual
Wichita Falls,municipality,2016,2015-10-01,2016-09-30,annual
Wichita Falls,municipality,2017,2016-09-30,2017-09-30,annual
Wichita Falls,municipality,2018,2017-09-30,2018-09-30,annual
Wichita Falls,municipality,2019,2018-09-30,2019-09-30,annual
Wichita Falls,municipality,2020,2019-10-01,2020-09-30,annual
Wichita Falls,municipality,2021,2020-09-30,2021-09-30,annual
Wichita Falls,municipality,2022,2021-09-30,2022-09-30,annual
Wichita Falls,municipality,2023,2022-10-01,2023-09-30,annual
Wichita Falls,municipality,2025,2024-10-01,2025-09-30,annual
Wilbarger County,county,2025,2024-10-01,2025-09-30,annual
Willacy County,county,2016,2015-10-01,2016-09-30,annual
Willacy County,county,2017,2016-09-30,2017-09-30,annual
Willacy County,county,2018,2017-09-30,2018-09-30,annual
Willacy County,county,2019,2018-09-30,2019-09-30,annual
Willacy County,county,2020,2019-10-01,2020-09-30,annual
Willacy County,county,2021,2020-09-30,2021-09-30,annual
Willacy County,county,2022,2021-09-30,2022-09-30,annual
Willacy County,county,2023,2022-10-01,2023-09-30,annual
Willacy County,county,2024,2023-10-01,2024-09-30,annual
Williamson County,county,2016,2015-10-01,2016-09-30,annual
Williamson County,county,2017,2016-09-30,2017-09-30,annual
Williamson County,county,2018,2017-09-30,2018-09-30,annual
Williamson County,county,2019,2018-09-30,2019-09-30,annual
Williamson County,county,2020,2019-10-01,2020-09-30,annual
Williamson County,county,2021,2020-09-30,2021-09-30,annual
Williamson County,county,2022,2021-09-30,2022-09-30,annual
Williamson County,county,2023,2022-09-30,2023-09-30,annual
Williamson County,county,2024,2023-10-01,2024-09-30,annual
Williamson County,county,2025,2024-10-01,2025-09-30,annual
Willis,municipality,2025,2024-10-01,2025-09-30,annual
Willow Park,municipality,2017,2016-09-30,2017-09-30,annual
Willow Park,municipality,2022,2021-09-30,2022-09-30,annual
Willow Park,municipality,2023,2022-10-01,2023-09-30,annual
Wilmer,municipality,2024,2023-10-01,2024-09-30,annual
Wilson County,county,2020,2019-10-01,2020-09-30,annual
Wimberley,municipality,2020,2019-10-01,2020-09-30,annual
Wimberley,municipality,2021,2020-09-30,2021-09-30,annual
Windcrest,municipality,2022,2021-09-30,2022-09-30,annual
Winters,municipality,2018,2017-09-30,2018-09-30,annual
Wise County,county,2020,2019-10-01,2020-09-30,annual
Wise County,county,2022,2021-09-30,2022-09-30,annual
Wise County,county,2023,2022-10-01,2023-09-30,annual
Wise County,county,2024,2023-10-01,2024-09-30,annual
Wise County,county,2025,2024-10-01,2025-09-30,annual
Wolfe City,municipality,2020,2019-10-01,2020-09-30,annual
Wolfe City,municipality,2021,2020-09-30,2021-09-30,annual
Wolfe City,municipality,2022,2021-10-01,2022-09-30,annual
Wood County,county,2020,2019-10-01,2020-09-30,annual
Wood County,county,2023,2022-10-01,2023-09-30,annual
Wood County,county,2024,2023-10-01,2024-09-30,annual
Wood County,county,2025,2024-10-01,2025-09-30,annual
Woodsboro,municipality,2021,2020-07-31,2021-07-31,annual
Woodsboro,municipality,2022,2021-07-31,2022-07-31,annual
Woodville,municipality,2021,2020-09-30,2021-09-30,annual
Woodville,municipality,2025,2024-10-01,2025-09-30,annual
Woodway,municipality,2024,2023-10-01,2024-09-30,annual
Wortham,municipality,2016,2015-10-01,2016-09-30,annual
Wylie,municipality,2020,2019-10-01,2020-09-30,annual
Wylie,municipality,2021,2020-09-30,2021-09-30,annual
Wylie,municipality,2023,2022-10-01,2023-09-30,annual
Yoakum,municipality,2022,2021-09-30,2022-09-30,annual
Yoakum,municipality,2023,2022-10-01,2023-09-30,annual
Yoakum,municipality,2024,2023-10-01,2024-09-30,annual
Yoakum,municipality,2025,2024-10-01,2025-09-30,annual
Young County,county,2022,2021-10-01,2022-09-30,annual
Zapata County,county,2017,2016-09-30,2017-09-30,annual
Zapata County,county,2018,2017-09-30,2018-09-30,annual
Zapata County,county,2019,2018-09-30,2019-09-30,annual
Zapata County,county,2020,2019-10-01,2020-09-30,annual
Zapata County,county,2021,2020-09-30,2021-09-30,annual
Zapata County,county,2023,2022-10-01,2023-09-30,annual
Zapata County,county,2024,2023-10-01,2024-09-30,annual
Zapata County,county,2025,2024-10-01,2025-09-30,annual
Zavala County,county,2022,2021-09-30,2022-09-30,annual
Zavala County,county,2023,2022-10-01,2023-09-30,annual
Zavala County,county,2024,2023-10-01,2024-09-30,annual
Zavalla,municipality,2024,2024-01-01,2024-12-31,annual
