auditee,audit_year,fy_start_date,fy_end_date,audit_period_covered
CITY AND COUNTY OF SAN FRANCISCO,2016,2015-07-01,2016-06-30,annual
CITY AND COUNTY OF SAN FRANCISCO,2017,2016-06-30,2017-06-30,annual
CITY AND COUNTY OF SAN FRANCISCO,2018,2017-06-30,2018-06-30,annual
CITY AND COUNTY OF SAN FRANCISCO,2019,2018-06-30,2019-06-30,annual
CITY AND COUNTY OF SAN FRANCISCO,2020,2019-07-01,2020-06-30,annual
CITY AND COUNTY OF SAN FRANCISCO,2021,2020-06-30,2021-06-30,annual
CITY AND COUNTY OF SAN FRANCISCO,2022,2021-06-30,2022-06-30,annual
CITY AND COUNTY OF SAN FRANCISCO,2023,2022-07-01,2023-06-30,annual
CITY AND COUNTY OF SAN FRANCISCO,2024,2023-07-01,2024-06-30,annual
CITY AND COUNTY OF SAN FRANCISCO,2025,2024-07-01,2025-06-30,annual
CITY OF ADELANTO,2019,2018-06-30,2019-06-30,annual
CITY OF ADELANTO,2021,2020-07-01,2021-06-30,annual
CITY OF ADELANTO,2023,2022-07-01,2023-06-30,annual
CITY OF AGOURA HILLS,2021,2020-06-30,2021-06-30,annual
CITY OF AGOURA HILLS,2022,2021-06-30,2022-06-30,annual
CITY OF AGOURA HILLS,2024,2023-07-01,2024-06-30,annual
CITY OF ALAMEDA,2016,2015-07-01,2016-06-30,annual
CITY OF ALAMEDA,2017,2016-06-30,2017-06-30,annual
CITY OF ALAMEDA,2018,2017-06-30,2018-06-30,annual
CITY OF ALAMEDA,2019,2018-06-30,2019-06-30,annual
CITY OF ALAMEDA,2020,2019-07-01,2020-06-30,annual
CITY OF ALAMEDA,2021,2020-06-30,2021-06-30,annual
CITY OF ALAMEDA,2022,2021-06-30,2022-06-30,annual
CITY OF ALAMEDA,2023,2022-07-01,2023-06-30,annual
CITY OF ALAMEDA,2024,2023-07-01,2024-06-30,annual
CITY OF ALAMEDA,2025,2024-07-01,2025-06-30,annual
CITY OF ALBANY,2023,2022-07-01,2023-06-30,annual
CITY OF ALBANY,2024,2023-07-01,2024-06-30,annual
CITY OF ALBANY,2025,2024-07-01,2025-06-30,annual
CITY OF ALHAMBRA,2016,2015-07-01,2016-06-30,annual
CITY OF ALHAMBRA,2017,2016-06-30,2017-06-30,annual
CITY OF ALHAMBRA,2018,2017-06-30,2018-06-30,annual
CITY OF ALHAMBRA,2019,2018-06-30,2019-06-30,annual
CITY OF ALHAMBRA,2020,2019-07-01,2020-06-30,annual
CITY OF ALHAMBRA,2021,2020-06-30,2021-06-30,annual
CITY OF ALHAMBRA,2023,2022-07-01,2023-06-30,annual
CITY OF ALHAMBRA,2024,2023-07-01,2024-06-30,annual
CITY OF ALHAMBRA,2025,2024-07-01,2025-06-30,annual
CITY OF ALISO VIEJO,2020,2019-07-01,2020-06-30,annual
CITY OF ALISO VIEJO,2021,2020-06-30,2021-06-30,annual
CITY OF ALISO VIEJO,2022,2021-06-30,2022-06-30,annual
CITY OF ALISO VIEJO,2023,2022-07-01,2023-06-30,annual
CITY OF ALTURAS,2017,2016-06-30,2017-06-30,annual
CITY OF AMERICAN CANYON,2018,2017-06-30,2018-06-30,annual
CITY OF AMERICAN CANYON,2019,2018-06-30,2019-06-30,annual
CITY OF AMERICAN CANYON,2024,2023-07-01,2024-06-30,annual
CITY OF AMERICAN CANYON,2025,2024-07-01,2025-06-30,annual
CITY OF ANAHEIM,2016,2015-07-01,2016-06-30,annual
CITY OF ANAHEIM,2017,2016-06-30,2017-06-30,annual
CITY OF ANAHEIM,2018,2017-06-30,2018-06-30,annual
CITY OF ANAHEIM,2019,2018-06-30,2019-06-30,annual
CITY OF ANAHEIM,2020,2019-07-01,2020-06-30,annual
CITY OF ANAHEIM,2021,2020-06-30,2021-06-30,annual
CITY OF ANAHEIM,2022,2021-07-01,2022-06-30,annual
CITY OF ANAHEIM,2023,2022-07-01,2023-06-30,annual
CITY OF ANAHEIM,2024,2023-07-01,2024-06-30,annual
CITY OF ANAHEIM,2025,2024-07-01,2025-06-30,annual
CITY OF ANDERSON,2016,2015-07-01,2016-06-30,annual
CITY OF ANGELS,2018,2017-06-30,2018-06-30,annual
CITY OF ANGELS,2022,2021-06-30,2022-06-30,annual
CITY OF ANGELS,2023,2022-07-01,2023-06-30,annual
CITY OF ANTIOCH,2016,2015-07-01,2016-06-30,annual
CITY OF ANTIOCH,2017,2016-06-30,2017-06-30,annual
CITY OF ANTIOCH,2018,2017-06-30,2018-06-30,annual
CITY OF ANTIOCH,2019,2018-06-30,2019-06-30,annual
CITY OF ANTIOCH,2020,2019-07-01,2020-06-30,annual
CITY OF ANTIOCH,2021,2020-06-30,2021-06-30,annual
CITY OF ANTIOCH,2022,2021-06-30,2022-06-30,annual
CITY OF ANTIOCH,2025,2024-07-01,2025-06-30,annual
CITY OF ARCADIA,2016,2015-07-01,2016-06-30,annual
CITY OF ARCADIA,2020,2019-07-01,2020-06-30,annual
CITY OF ARCADIA,2021,2020-06-30,2021-06-30,annual
CITY OF ARCADIA,2022,2021-06-30,2022-06-30,annual
CITY OF ARCADIA,2023,2022-07-01,2023-06-30,annual
CITY OF ARCADIA,2024,2023-07-01,2024-06-30,annual
CITY OF ARCADIA,2025,2024-07-01,2025-06-30,annual
CITY OF ARCATA,2016,2015-07-01,2016-06-30,annual
CITY OF ARCATA,2017,2016-06-30,2017-06-30,annual
CITY OF ARCATA,2018,2017-06-30,2018-06-30,annual
CITY OF ARCATA,2019,2018-06-30,2019-06-30,annual
CITY OF ARCATA,2020,2019-07-01,2020-06-30,annual
CITY OF ARCATA,2021,2020-06-30,2021-06-30,annual
CITY OF ARCATA,2022,2021-06-30,2022-06-30,annual
CITY OF ARCATA,2023,2022-07-01,2023-06-30,annual
CITY OF ARCATA,2024,2023-07-01,2024-06-30,annual
CITY OF ARCATA,2025,2024-07-01,2025-06-30,annual
CITY OF ARROYO GRANDE,2020,2019-07-01,2020-06-30,annual
CITY OF ARROYO GRANDE,2021,2020-06-30,2021-06-30,annual
CITY OF ARROYO GRANDE,2022,2021-06-30,2022-06-30,annual
CITY OF ARROYO GRANDE,2023,2022-07-01,2023-06-30,annual
CITY OF ARROYO GRANDE,2024,2023-07-01,2024-06-30,annual
CITY OF ARVIN,2017,2016-06-30,2017-06-30,annual
CITY OF ARVIN,2020,2019-07-01,2020-06-30,annual
CITY OF ARVIN,2021,2020-06-30,2021-06-30,annual
CITY OF ARVIN,2022,2021-06-30,2022-06-30,annual
CITY OF ARVIN,2023,2022-07-01,2023-06-30,annual
CITY OF ARVIN,2024,2023-07-01,2024-06-30,annual
CITY OF ATASCADERO,2017,2016-06-30,2017-06-30,annual
CITY OF ATASCADERO,2018,2017-06-30,2018-06-30,annual
CITY OF ATASCADERO,2020,2019-07-01,2020-06-30,annual
CITY OF ATASCADERO,2021,2020-06-30,2021-06-30,annual
CITY OF ATASCADERO,2022,2021-06-30,2022-06-30,annual
CITY OF ATASCADERO,2023,2022-07-01,2023-06-30,annual
CITY OF ATASCADERO,2024,2023-07-01,2024-06-30,annual
CITY OF ATASCADERO,2025,2024-07-01,2025-06-30,annual
CITY OF ATWATER,2017,2016-06-30,2017-06-30,annual
CITY OF ATWATER,2021,2020-06-30,2021-06-30,annual
CITY OF ATWATER,2022,2021-06-30,2022-06-30,annual
CITY OF ATWATER,2023,2022-07-01,2023-06-30,annual
CITY OF ATWATER,2024,2023-07-01,2024-06-30,annual
CITY OF AUBURN,2016,2015-07-01,2016-06-30,annual
CITY OF AUBURN,2017,2016-06-30,2017-06-30,annual
CITY OF AUBURN,2018,2017-06-30,2018-06-30,annual
CITY OF AUBURN,2019,2018-06-30,2019-06-30,annual
CITY OF AUBURN,2020,2019-07-01,2020-06-30,annual
CITY OF AUBURN,2021,2020-06-30,2021-06-30,annual
CITY OF AUBURN,2022,2021-06-30,2022-06-30,annual
CITY OF AUBURN,2023,2022-07-01,2023-06-30,annual
CITY OF AUBURN,2024,2023-07-01,2024-06-30,annual
CITY OF AUBURN,2025,2024-07-01,2025-06-30,annual
CITY OF AVALON,2016,2015-07-01,2016-06-30,annual
CITY OF AVALON,2020,2019-07-01,2020-06-30,annual
CITY OF AVALON,2022,2021-06-30,2022-06-30,annual
CITY OF AVENAL,2016,2015-07-01,2016-06-30,annual
CITY OF AVENAL,2017,2016-06-30,2017-06-30,annual
CITY OF AVENAL,2019,2018-06-30,2019-06-30,annual
CITY OF AZUSA,2016,2015-07-01,2016-06-30,annual
CITY OF AZUSA,2017,2016-06-30,2017-06-30,annual
CITY OF AZUSA,2018,2017-06-30,2018-06-30,annual
CITY OF AZUSA,2019,2018-06-30,2019-06-30,annual
CITY OF AZUSA,2020,2019-07-01,2020-06-30,annual
CITY OF AZUSA,2021,2020-06-30,2021-06-30,annual
CITY OF AZUSA,2022,2021-06-30,2022-06-30,annual
CITY OF AZUSA,2024,2023-07-01,2024-06-30,annual
CITY OF BAKERSFIELD,2016,2015-07-01,2016-06-30,annual
CITY OF BAKERSFIELD,2017,2016-06-30,2017-06-30,annual
CITY OF BAKERSFIELD,2018,2017-06-30,2018-06-30,annual
CITY OF BAKERSFIELD,2020,2019-07-01,2020-06-30,annual
CITY OF BAKERSFIELD,2021,2020-06-30,2021-06-30,annual
CITY OF BAKERSFIELD,2022,2021-07-01,2022-06-30,annual
CITY OF BAKERSFIELD,2023,2022-07-01,2023-06-30,annual
CITY OF BAKERSFIELD,2024,2023-07-01,2024-06-30,annual
CITY OF BALDWIN PARK,2016,2015-07-01,2016-06-30,annual
CITY OF BALDWIN PARK,2017,2016-06-30,2017-06-30,annual
CITY OF BALDWIN PARK,2018,2017-06-30,2018-06-30,annual
CITY OF BALDWIN PARK,2019,2018-06-30,2019-06-30,annual
CITY OF BALDWIN PARK,2020,2019-07-01,2020-06-30,annual
CITY OF BALDWIN PARK,2021,2020-06-30,2021-06-30,annual
CITY OF BALDWIN PARK,2022,2021-07-01,2022-06-30,annual
CITY OF BALDWIN PARK,2023,2022-06-01,2023-06-30,annual
CITY OF BALDWIN PARK,2024,2023-07-01,2024-06-30,annual
CITY OF BALDWIN PARK,2025,2024-07-01,2025-06-30,annual
CITY OF BANNING,2021,2020-06-30,2021-06-30,annual
CITY OF BANNING,2022,2021-06-30,2022-06-30,annual
CITY OF BANNING,2023,2022-07-01,2023-06-30,annual
CITY OF BANNING,2024,2023-07-01,2024-06-30,annual
CITY OF BARSTOW,2016,2015-07-01,2016-06-30,annual
CITY OF BARSTOW,2017,2016-06-30,2017-06-30,annual
CITY OF BARSTOW,2018,2017-06-30,2018-06-30,annual
CITY OF BARSTOW,2019,2018-06-30,2019-06-30,annual
CITY OF BARSTOW,2020,2019-07-01,2020-06-30,annual
CITY OF BARSTOW,2021,2020-06-30,2021-06-30,annual
CITY OF BARSTOW,2022,2021-06-30,2022-06-30,annual
CITY OF BARSTOW,2023,2022-07-01,2023-06-30,annual
CITY OF BARSTOW,2024,2023-07-01,2024-06-30,annual
CITY OF BARSTOW,2025,2024-07-01,2025-06-30,annual
CITY OF BEAUMONT,2018,2017-06-30,2018-06-30,annual
CITY OF BEAUMONT,2019,2018-06-30,2019-06-30,annual
CITY OF BEAUMONT,2020,2019-07-01,2020-06-30,annual
CITY OF BEAUMONT,2021,2020-06-30,2021-06-30,annual
CITY OF BEAUMONT,2024,2023-07-01,2024-06-30,annual
CITY OF BELL,2016,2015-07-01,2016-06-30,annual
CITY OF BELL,2017,2016-06-30,2017-06-30,annual
CITY OF BELL,2021,2020-06-30,2021-06-30,annual
CITY OF BELL,2022,2021-06-30,2022-06-30,annual
CITY OF BELL,2023,2022-07-01,2023-06-30,annual
CITY OF BELL,2024,2023-07-01,2024-06-30,annual
CITY OF BELL GARDENS,2016,2015-07-01,2016-06-30,annual
CITY OF BELL GARDENS,2017,2016-06-30,2017-06-30,annual
CITY OF BELL GARDENS,2019,2018-06-30,2019-06-30,annual
CITY OF BELL GARDENS,2021,2020-06-30,2021-06-30,annual
CITY OF BELL GARDENS,2022,2021-06-30,2022-06-30,annual
CITY OF BELL GARDENS,2023,2022-07-01,2023-06-30,annual
CITY OF BELL GARDENS,2024,2023-07-01,2024-06-30,annual
CITY OF BELL GARDENS,2025,2024-07-01,2025-06-30,annual
CITY OF BELLFLOWER,2016,2015-07-01,2016-06-30,annual
CITY OF BELLFLOWER,2017,2016-06-30,2017-06-30,annual
CITY OF BELLFLOWER,2018,2017-06-30,2018-06-30,annual
CITY OF BELLFLOWER,2019,2018-06-30,2019-06-30,annual
CITY OF BELLFLOWER,2021,2020-06-30,2021-06-30,annual
CITY OF BELLFLOWER,2022,2021-06-30,2022-06-30,annual
CITY OF BELLFLOWER,2023,2022-07-01,2023-06-30,annual
CITY OF BELLFLOWER,2024,2023-07-01,2024-06-30,annual
CITY OF BELLFLOWER,2025,2024-07-01,2025-06-30,annual
CITY OF BELLFOWER,2020,2019-07-01,2020-06-30,annual
CITY OF BELMONT,2022,2021-06-30,2022-06-30,annual
CITY OF BENICIA,2021,2020-06-30,2021-06-30,annual
CITY OF BENICIA,2022,2021-06-30,2022-06-30,annual
CITY OF BENICIA,2024,2023-07-01,2024-06-30,annual
CITY OF BERKELEY,2016,2015-07-01,2016-06-30,annual
CITY OF BERKELEY,2017,2016-06-30,2017-06-30,annual
CITY OF BERKELEY,2018,2017-06-30,2018-06-30,annual
CITY OF BERKELEY,2019,2018-06-30,2019-06-30,annual
CITY OF BERKELEY,2020,2019-07-01,2020-06-30,annual
CITY OF BERKELEY,2021,2020-06-30,2021-06-30,annual
CITY OF BERKELEY,2022,2021-06-30,2022-06-30,annual
CITY OF BERKELEY,2024,2023-07-01,2024-06-30,annual
CITY OF BEVERLY HILLS,2016,2015-07-01,2016-06-30,annual
CITY OF BEVERLY HILLS,2018,2017-06-30,2018-06-30,annual
CITY OF BEVERLY HILLS,2019,2018-06-30,2019-06-30,annual
CITY OF BEVERLY HILLS,2021,2020-06-30,2021-06-30,annual
CITY OF BEVERLY HILLS,2022,2021-06-30,2022-06-30,annual
CITY OF BEVERLY HILLS,2024,2023-07-01,2024-06-30,annual
CITY OF BEVERLY HILLS,2025,2024-07-01,2025-06-30,annual
CITY OF BIG BEAR LAKE,2017,2016-06-30,2017-06-30,annual
CITY OF BIG BEAR LAKE,2018,2017-06-30,2018-06-30,annual
CITY OF BIG BEAR LAKE,2019,2018-06-30,2019-06-30,annual
CITY OF BIG BEAR LAKE,2020,2019-07-01,2020-06-30,annual
CITY OF BIG BEAR LAKE,2022,2021-06-30,2022-06-30,annual
CITY OF BIGGS,2017,2016-06-30,2017-06-30,annual
CITY OF BIGGS,2021,2020-06-30,2021-06-30,annual
CITY OF BLYTHE,2025,2024-07-01,2025-06-30,annual
CITY OF BRAWLEY,2016,2015-07-01,2016-06-30,annual
CITY OF BRAWLEY,2017,2016-06-30,2017-06-30,annual
CITY OF BRAWLEY,2018,2017-06-30,2018-06-30,annual
CITY OF BRAWLEY,2022,2021-06-30,2022-06-30,annual
CITY OF BRAWLEY,2023,2022-07-01,2023-06-30,annual
CITY OF BRAWLEY,2024,2023-07-01,2024-06-30,annual
CITY OF BREA,2016,2015-07-01,2016-06-30,annual
CITY OF BREA,2017,2016-06-30,2017-06-30,annual
CITY OF BREA,2018,2017-06-30,2018-06-30,annual
CITY OF BREA,2019,2018-06-30,2019-06-30,annual
CITY OF BREA,2020,2019-07-01,2020-06-30,annual
CITY OF BREA,2021,2020-06-30,2021-06-30,annual
CITY OF BREA,2023,2022-07-01,2023-06-30,annual
CITY OF BREA,2024,2023-07-01,2024-06-30,annual
CITY OF BRENTWOOD,2020,2019-07-01,2020-06-30,annual
CITY OF BRENTWOOD,2021,2020-06-30,2021-06-30,annual
CITY OF BUELLTON,2024,2023-07-01,2024-06-30,annual
CITY OF BUENA PARK,2016,2015-07-01,2016-06-30,annual
CITY OF BUENA PARK,2017,2016-06-30,2017-06-30,annual
CITY OF BUENA PARK,2018,2017-06-30,2018-06-30,annual
CITY OF BUENA PARK,2019,2018-06-30,2019-06-30,annual
CITY OF BUENA PARK,2020,2019-07-01,2020-06-30,annual
CITY OF BUENA PARK,2021,2020-06-30,2021-06-30,annual
CITY OF BUENA PARK,2022,2021-06-30,2022-06-30,annual
CITY OF BUENA PARK,2023,2022-07-01,2023-06-30,annual
CITY OF BUENA PARK,2024,2023-07-01,2024-06-30,annual
CITY OF BUENA PARK,2025,2024-07-01,2025-06-30,annual
CITY OF BURBANK,2016,2015-07-01,2016-06-30,annual
CITY OF BURBANK,2017,2016-06-30,2017-06-30,annual
CITY OF BURBANK,2018,2017-06-30,2018-06-30,annual
CITY OF BURBANK,2019,2018-06-30,2019-06-30,annual
CITY OF BURBANK,2020,2019-07-01,2020-06-30,annual
CITY OF BURBANK,2021,2020-06-30,2021-06-30,annual
CITY OF BURBANK,2022,2021-06-30,2022-06-30,annual
CITY OF BURBANK,2023,2022-07-01,2023-06-30,annual
CITY OF BURBANK,2024,2023-07-01,2024-06-30,annual
CITY OF BURBANK,2025,2024-07-01,2025-06-30,annual
CITY OF BURLINGAME,2018,2017-06-30,2018-06-30,annual
CITY OF BURLINGAME,2021,2020-06-30,2021-06-30,annual
CITY OF BURLINGAME,2022,2021-06-30,2022-06-30,annual
CITY OF BURLINGAME,2025,2024-07-01,2025-06-30,annual
CITY OF CALABASAS,2022,2021-06-30,2022-06-30,annual
CITY OF CALEXICO,2016,2015-07-01,2016-06-30,annual
CITY OF CALEXICO,2017,2016-06-30,2017-06-30,annual
CITY OF CALEXICO,2019,2018-06-30,2019-06-30,annual
CITY OF CALEXICO,2021,2020-06-30,2021-06-30,annual
CITY OF CALEXICO,2022,2021-06-30,2022-06-30,annual
CITY OF CALEXICO,2023,2022-07-01,2023-06-30,annual
CITY OF CALEXICO,2024,2023-07-01,2024-06-30,annual
CITY OF CALEXICO,2025,2024-07-01,2025-06-30,annual
CITY OF CALIFORNIA CITY,2016,2015-07-01,2016-06-30,annual
CITY OF CALIFORNIA CITY,2022,2021-06-30,2022-06-30,annual
CITY OF CALIFORNIA CITY,2024,2023-07-01,2024-06-30,annual
CITY OF CALIPATRIA,2018,2017-06-30,2018-06-30,annual
CITY OF CALISTOGA,2018,2017-06-30,2018-06-30,annual
CITY OF CALISTOGA,2019,2018-06-30,2019-06-30,annual
CITY OF CALISTOGA,2020,2019-07-01,2020-06-30,annual
CITY OF CAMARILLO,2016,2015-07-01,2016-06-30,annual
CITY OF CAMARILLO,2017,2016-06-30,2017-06-30,annual
CITY OF CAMARILLO,2018,2017-06-30,2018-06-30,annual
CITY OF CAMARILLO,2019,2018-06-30,2019-06-30,annual
CITY OF CAMARILLO,2020,2019-07-01,2020-06-30,annual
CITY OF CAMARILLO,2022,2021-06-30,2022-06-30,annual
CITY OF CAMARILLO,2023,2022-07-01,2023-06-30,annual
CITY OF CAMARILLO,2024,2023-07-01,2024-06-30,annual
CITY OF CAMARILLO,2025,2024-07-01,2025-06-30,annual
CITY OF CAMPBELL,2016,2015-07-01,2016-06-30,annual
CITY OF CAMPBELL,2017,2016-06-30,2017-06-30,annual
CITY OF CAMPBELL,2020,2019-07-01,2020-06-30,annual
CITY OF CAMPBELL,2021,2020-06-30,2021-06-30,annual
CITY OF CAMPBELL,2023,2022-07-01,2023-06-30,annual
CITY OF CAMPBELL,2024,2023-07-01,2024-06-30,annual
CITY OF CANYON LAKE,2024,2023-07-01,2024-06-30,annual
CITY OF CAPITOLA,2022,2021-06-30,2022-06-30,annual
CITY OF CAPITOLA,2024,2023-07-01,2024-06-30,annual
CITY OF CARLSBAD,2017,2016-06-30,2017-06-30,annual
CITY OF CARLSBAD,2018,2017-06-30,2018-06-30,annual
CITY OF CARLSBAD,2019,2018-06-30,2019-06-30,annual
CITY OF CARLSBAD,2020,2019-07-01,2020-06-30,annual
CITY OF CARLSBAD,2021,2020-06-30,2021-06-30,annual
CITY OF CARLSBAD,2022,2021-06-30,2022-06-30,annual
CITY OF CARLSBAD,2023,2022-07-01,2023-06-30,annual
CITY OF CARLSBAD,2024,2023-07-01,2024-06-30,annual
CITY OF CARLSBAD,2025,2024-07-01,2025-06-30,annual
CITY OF CARPINTERIA,2022,2021-06-30,2022-06-30,annual
CITY OF CARPINTERIA,2025,2024-07-01,2025-06-30,annual
CITY OF CARSON,2016,2015-07-01,2016-06-30,annual
CITY OF CARSON,2017,2016-06-30,2017-06-30,annual
CITY OF CARSON,2018,2017-06-30,2018-06-30,annual
CITY OF CARSON,2019,2018-06-30,2019-06-30,annual
CITY OF CARSON,2020,2019-07-01,2020-06-30,annual
CITY OF CARSON,2021,2020-06-30,2021-06-30,annual
CITY OF CARSON,2022,2021-06-30,2022-06-30,annual
CITY OF CARSON,2023,2022-07-01,2023-06-30,annual
CITY OF CARSON,2024,2023-07-01,2024-06-30,annual
CITY OF CARSON,2025,2024-07-01,2025-06-30,annual
CITY OF CATHEDRAL CITY,2016,2015-07-01,2016-06-30,annual
CITY OF CATHEDRAL CITY,2017,2016-06-30,2017-06-30,annual
CITY OF CATHEDRAL CITY,2018,2017-06-30,2018-06-30,annual
CITY OF CATHEDRAL CITY,2019,2018-06-30,2019-06-30,annual
CITY OF CATHEDRAL CITY,2020,2019-07-01,2020-06-30,annual
CITY OF CATHEDRAL CITY,2021,2020-06-30,2021-06-30,annual
CITY OF CATHEDRAL CITY,2022,2021-06-30,2022-06-30,annual
CITY OF CATHEDRAL CITY,2023,2022-07-01,2023-06-30,annual
CITY OF CATHEDRAL CITY,2024,2023-07-01,2024-06-30,annual
CITY OF CATHEDRAL CITY,2025,2024-07-01,2025-06-30,annual
CITY OF CERES,2016,2015-07-01,2016-06-30,annual
CITY OF CERES,2017,2016-06-30,2017-06-30,annual
CITY OF CERES,2018,2017-06-30,2018-06-30,annual
CITY OF CERES,2019,2018-06-30,2019-06-30,annual
CITY OF CERES,2020,2019-07-01,2020-06-30,annual
CITY OF CERES,2022,2021-06-30,2022-06-30,annual
CITY OF CERES,2023,2022-07-01,2023-06-30,annual
CITY OF CERES,2024,2023-07-01,2024-06-30,annual
CITY OF CERRITOS,2021,2020-06-30,2021-06-30,annual
CITY OF CERRITOS,2022,2021-06-30,2022-06-30,annual
CITY OF CHICO,2016,2015-07-01,2016-06-30,annual
CITY OF CHICO,2017,2016-06-30,2017-06-30,annual
CITY OF CHICO,2018,2017-06-30,2018-06-30,annual
CITY OF CHICO,2019,2018-06-30,2019-06-30,annual
CITY OF CHICO,2020,2019-07-01,2020-06-30,annual
CITY OF CHICO,2021,2020-06-30,2021-06-30,annual
CITY OF CHICO,2022,2021-06-30,2022-06-30,annual
CITY OF CHICO,2023,2022-07-01,2023-06-30,annual
CITY OF CHICO,2024,2023-07-01,2024-06-30,annual
CITY OF CHICO,2025,2024-07-01,2025-06-30,annual
CITY OF CHINO,2017,2016-06-30,2017-06-30,annual
CITY OF CHINO,2019,2018-06-30,2019-06-30,annual
CITY OF CHINO,2020,2019-07-01,2020-06-30,annual
CITY OF CHINO,2021,2020-06-30,2021-06-30,annual
CITY OF CHINO,2022,2021-06-30,2022-06-30,annual
CITY OF CHINO,2024,2023-07-01,2024-06-30,annual
CITY OF CHINO HILLS,2016,2015-07-01,2016-06-30,annual
CITY OF CHINO HILLS,2017,2016-06-30,2017-06-30,annual
CITY OF CHINO HILLS,2018,2017-06-30,2018-06-30,annual
CITY OF CHINO HILLS,2019,2018-06-30,2019-06-30,annual
CITY OF CHINO HILLS,2021,2020-06-30,2021-06-30,annual
CITY OF CHINO HILLS,2022,2021-06-30,2022-06-30,annual
CITY OF CHINO HILLS,2023,2022-07-01,2023-06-30,annual
CITY OF CHINO HILLS,2024,2023-07-01,2024-06-30,annual
CITY OF CHINO HILLS,2025,2024-07-01,2025-06-30,annual
CITY OF CHOWCHILLA,2020,2019-07-01,2020-06-30,annual
CITY OF CHOWCHILLA,2022,2021-06-30,2022-06-30,annual
CITY OF CHOWCHILLA,2023,2022-07-01,2023-06-30,annual
CITY OF CHOWCHILLA,2024,2023-07-01,2024-06-30,annual
CITY OF CHULA VISTA,2016,2015-07-01,2016-06-30,annual
CITY OF CHULA VISTA,2017,2016-06-30,2017-06-30,annual
CITY OF CHULA VISTA,2018,2017-06-30,2018-06-30,annual
CITY OF CHULA VISTA,2019,2018-06-30,2019-06-30,annual
CITY OF CHULA VISTA,2020,2019-07-01,2020-06-30,annual
CITY OF CHULA VISTA,2021,2020-06-30,2021-06-30,annual
CITY OF CHULA VISTA,2022,2021-06-30,2022-06-30,annual
CITY OF CHULA VISTA,2023,2022-07-01,2023-06-30,annual
CITY OF CHULA VISTA,2024,2023-07-01,2024-06-30,annual
CITY OF CHULA VISTA,2025,2024-07-01,2025-06-30,annual
CITY OF CITRUS HEIGHTS,2016,2015-07-01,2016-06-30,annual
CITY OF CITRUS HEIGHTS,2017,2016-06-30,2017-06-30,annual
CITY OF CITRUS HEIGHTS,2018,2017-06-30,2018-06-30,annual
CITY OF CITRUS HEIGHTS,2019,2018-06-30,2019-06-30,annual
CITY OF CITRUS HEIGHTS,2020,2019-07-01,2020-06-30,annual
CITY OF CITRUS HEIGHTS,2021,2020-06-30,2021-06-30,annual
CITY OF CITRUS HEIGHTS,2022,2021-06-30,2022-06-30,annual
CITY OF CITRUS HEIGHTS,2023,2022-07-01,2023-06-30,annual
CITY OF CITRUS HEIGHTS,2024,2023-07-01,2024-06-30,annual
CITY OF CITRUS HEIGHTS,2025,2024-07-01,2025-06-30,annual
CITY OF CLAREMONT,2021,2020-06-30,2021-06-30,annual
CITY OF CLAREMONT,2022,2021-06-30,2022-06-30,annual
CITY OF CLAYTON,2022,2021-06-30,2022-06-30,annual
CITY OF CLEARLAKE,2022,2021-07-01,2022-06-30,annual
CITY OF CLEARLAKE,2023,2022-07-01,2023-06-30,annual
CITY OF CLEARLAKE,2024,2023-07-01,2024-06-30,annual
CITY OF CLOVERDALE,2020,2019-07-01,2020-06-30,annual
CITY OF CLOVIS,2016,2015-07-01,2016-06-30,annual
CITY OF CLOVIS,2017,2016-06-30,2017-06-30,annual
CITY OF CLOVIS,2018,2017-06-30,2018-06-30,annual
CITY OF CLOVIS,2019,2018-06-30,2019-06-30,annual
CITY OF CLOVIS,2020,2019-07-01,2020-06-30,annual
CITY OF CLOVIS,2021,2020-06-30,2021-06-30,annual
CITY OF CLOVIS,2022,2021-06-30,2022-06-30,annual
CITY OF CLOVIS,2025,2024-07-01,2025-06-30,annual
CITY OF COACHELLA,2016,2015-07-01,2016-06-30,annual
CITY OF COACHELLA,2017,2016-06-30,2017-06-30,annual
CITY OF COACHELLA,2018,2017-06-30,2018-06-30,annual
CITY OF COACHELLA,2019,2018-06-30,2019-06-30,annual
CITY OF COACHELLA,2020,2019-07-01,2020-06-30,annual
CITY OF COACHELLA,2023,2022-07-01,2023-06-30,annual
CITY OF COACHELLA,2024,2023-07-01,2024-06-30,annual
CITY OF COACHELLA,2025,2024-07-01,2025-06-30,annual
CITY OF COALINGA,2016,2015-07-01,2016-06-30,annual
CITY OF COALINGA,2017,2016-06-30,2017-06-30,annual
CITY OF COALINGA,2018,2017-06-30,2018-06-30,annual
CITY OF COALINGA,2020,2019-07-01,2020-06-30,annual
CITY OF COALINGA,2021,2020-06-30,2021-06-30,annual
CITY OF COALINGA,2022,2021-07-01,2022-06-30,annual
CITY OF COALINGA,2023,2022-07-01,2023-06-30,annual
CITY OF COALINGA,2024,2023-07-01,2024-06-30,annual
CITY OF COLFAX,2020,2019-07-01,2020-06-30,annual
CITY OF COLFAX,2024,2023-07-01,2024-06-30,annual
CITY OF COLFAX,2025,2024-07-01,2025-06-30,annual
CITY OF COLTON,2016,2015-07-01,2016-06-30,annual
CITY OF COLTON,2017,2016-06-30,2017-06-30,annual
CITY OF COLTON,2018,2017-06-30,2018-06-30,annual
CITY OF COLTON,2019,2018-06-30,2019-06-30,annual
CITY OF COLTON,2020,2019-07-01,2020-06-30,annual
CITY OF COLTON,2021,2020-06-30,2021-06-30,annual
CITY OF COLTON,2022,2021-06-30,2022-06-30,annual
CITY OF COLTON,2023,2022-07-01,2023-06-30,annual
CITY OF COLTON,2024,2023-07-01,2024-06-30,annual
CITY OF COLTON,2025,2024-07-01,2025-06-30,annual
CITY OF COLUSA,2016,2015-07-01,2016-06-30,annual
CITY OF COLUSA,2017,2016-06-30,2017-06-30,annual
CITY OF COLUSA,2018,2017-06-30,2018-06-30,annual
CITY OF COLUSA,2019,2018-06-30,2019-06-30,annual
CITY OF COLUSA,2020,2019-07-01,2020-06-30,annual
CITY OF COLUSA,2021,2020-06-30,2021-06-30,annual
CITY OF COLUSA,2022,2021-06-30,2022-06-30,annual
CITY OF COLUSA,2023,2022-07-01,2023-06-30,annual
CITY OF COLUSA,2024,2023-07-01,2024-06-30,annual
CITY OF COLUSA,2025,2024-07-01,2025-06-30,annual
CITY OF COMMERCE,2019,2018-06-30,2019-06-30,annual
CITY OF COMMERCE,2021,2020-06-30,2021-06-30,annual
CITY OF COMMERCE,2022,2021-06-30,2022-06-30,annual
CITY OF COMMERCE,2024,2023-07-01,2024-06-30,annual
CITY OF COMMERCE,2025,2024-07-01,2025-06-30,annual
CITY OF COMPTON,2018,2017-07-01,2018-06-30,annual
CITY OF COMPTON,2019,2018-06-30,2019-06-30,annual
CITY OF COMPTON,2020,2019-07-01,2020-06-30,annual
CITY OF COMPTON,2021,2020-07-01,2021-06-30,annual
CITY OF COMPTON,2023,2022-07-01,2023-06-30,annual
CITY OF COMPTON,2024,2023-07-01,2024-06-30,annual
CITY OF CONCORD,2016,2015-07-01,2016-06-30,annual
CITY OF CONCORD,2017,2016-06-30,2017-06-30,annual
CITY OF CONCORD,2018,2017-06-30,2018-06-30,annual
CITY OF CONCORD,2019,2018-06-30,2019-06-30,annual
CITY OF CONCORD,2020,2019-07-01,2020-06-30,annual
CITY OF CONCORD,2021,2020-06-30,2021-06-30,annual
CITY OF CONCORD,2022,2021-06-30,2022-06-30,annual
CITY OF CONCORD,2023,2022-07-01,2023-06-30,annual
CITY OF CONCORD,2024,2023-07-01,2024-06-30,annual
CITY OF CONCORD,2025,2024-07-01,2025-06-30,annual
CITY OF CORCORAN,2020,2019-07-01,2020-06-30,annual
CITY OF CORCORAN,2021,2020-06-30,2021-06-30,annual
CITY OF CORCORAN,2022,2021-06-30,2022-06-30,annual
CITY OF CORCORAN,2023,2022-07-01,2023-06-30,annual
CITY OF CORCORAN,2024,2023-07-01,2024-06-30,annual
CITY OF CORNING,2016,2015-07-01,2016-06-30,annual
CITY OF CORNING,2017,2016-06-30,2017-06-30,annual
CITY OF CORONA,2016,2015-07-01,2016-06-30,annual
CITY OF CORONA,2017,2016-06-30,2017-06-30,annual
CITY OF CORONA,2018,2017-06-30,2018-06-30,annual
CITY OF CORONA,2019,2018-06-30,2019-06-30,annual
CITY OF CORONA,2020,2019-07-01,2020-06-30,annual
CITY OF CORONA,2021,2020-06-30,2021-06-30,annual
CITY OF CORONA,2022,2021-06-30,2022-06-30,annual
CITY OF CORONA,2023,2022-07-01,2023-06-30,annual
CITY OF CORONA,2024,2023-07-01,2024-06-30,annual
CITY OF CORONA,2025,2024-07-01,2025-06-30,annual
CITY OF CORONADO,2021,2020-06-30,2021-06-30,annual
CITY OF CORONADO,2022,2021-06-30,2022-06-30,annual
CITY OF CORONADO,2023,2022-07-01,2023-06-30,annual
CITY OF COSTA MESA,2016,2015-07-01,2016-06-30,annual
CITY OF COSTA MESA,2017,2016-06-30,2017-06-30,annual
CITY OF COSTA MESA,2018,2017-06-30,2018-06-30,annual
CITY OF COSTA MESA,2019,2018-06-30,2019-06-30,annual
CITY OF COSTA MESA,2020,2019-07-01,2020-06-30,annual
CITY OF COSTA MESA,2021,2020-06-30,2021-06-30,annual
CITY OF COSTA MESA,2022,2021-06-30,2022-06-30,annual
CITY OF COSTA MESA,2023,2022-07-01,2023-06-30,annual
CITY OF COSTA MESA,2024,2023-07-01,2024-06-30,annual
CITY OF COSTA MESA,2025,2024-07-01,2025-06-30,annual
CITY OF COTATI,2016,2015-07-01,2016-06-30,annual
CITY OF COTATI,2022,2021-06-30,2022-06-30,annual
CITY OF COTATI,2024,2023-06-30,2024-06-30,annual
CITY OF COVINA,2016,2015-07-01,2016-06-30,annual
CITY OF COVINA,2018,2017-06-30,2018-06-30,annual
CITY OF COVINA,2019,2018-06-30,2019-06-30,annual
CITY OF COVINA,2021,2020-06-30,2021-06-30,annual
CITY OF COVINA,2022,2021-06-30,2022-06-30,annual
CITY OF COVINA,2023,2022-07-01,2023-06-30,annual
CITY OF COVINA,2024,2023-07-01,2024-06-30,annual
CITY OF COVINA,2025,2024-07-01,2025-06-30,annual
CITY OF CRESCENT CITY,2016,2015-07-01,2016-06-30,annual
CITY OF CRESCENT CITY,2017,2016-06-30,2017-06-30,annual
CITY OF CRESCENT CITY,2018,2017-06-30,2018-06-30,annual
CITY OF CRESCENT CITY,2019,2018-06-30,2019-06-30,annual
CITY OF CRESCENT CITY,2020,2019-07-01,2020-06-30,annual
CITY OF CRESCENT CITY,2021,2020-06-30,2021-06-30,annual
CITY OF CRESCENT CITY,2022,2021-06-30,2022-06-30,annual
CITY OF CRESCENT CITY,2025,2024-07-01,2025-06-30,annual
CITY OF CUDAHY,2016,2015-07-01,2016-06-30,annual
CITY OF CUDAHY,2020,2019-07-01,2020-06-30,annual
CITY OF CUDAHY,2022,2021-06-30,2022-06-30,annual
CITY OF CUDAHY,2023,2022-07-01,2023-06-30,annual
CITY OF CULVER CITY,2016,2015-07-01,2016-06-30,annual
CITY OF CULVER CITY,2017,2016-06-30,2017-06-30,annual
CITY OF CULVER CITY,2018,2017-06-30,2018-06-30,annual
CITY OF CULVER CITY,2019,2018-06-30,2019-06-30,annual
CITY OF CULVER CITY,2020,2019-07-01,2020-06-30,annual
CITY OF CULVER CITY,2021,2020-06-30,2021-06-30,annual
CITY OF CULVER CITY,2022,2021-06-30,2022-06-30,annual
CITY OF CULVER CITY,2023,2022-07-01,2023-06-30,annual
CITY OF CULVER CITY,2024,2023-07-01,2024-06-30,annual
CITY OF CUPERTINO,2021,2020-06-30,2021-06-30,annual
CITY OF CUPERTINO,2022,2021-06-30,2022-06-30,annual
CITY OF CUPERTINO,2023,2022-07-01,2023-06-30,annual
CITY OF CUPERTINO,2024,2023-07-01,2024-06-30,annual
CITY OF CUPERTINO,2025,2024-07-01,2025-06-30,annual
CITY OF CYPRESS,2017,2016-06-30,2017-06-30,annual
CITY OF CYPRESS,2020,2019-07-01,2020-06-30,annual
CITY OF CYPRESS,2021,2020-06-30,2021-06-30,annual
CITY OF CYPRESS,2022,2021-06-30,2022-06-30,annual
CITY OF CYPRESS,2025,2024-07-01,2025-06-30,annual
CITY OF DALY CITY,2016,2015-07-01,2016-06-30,annual
CITY OF DALY CITY,2017,2016-06-30,2017-06-30,annual
CITY OF DALY CITY,2018,2017-06-30,2018-06-30,annual
CITY OF DALY CITY,2019,2018-06-30,2019-06-30,annual
CITY OF DALY CITY,2020,2019-07-01,2020-06-30,annual
CITY OF DALY CITY,2021,2020-06-30,2021-06-30,annual
CITY OF DALY CITY,2022,2021-06-30,2022-06-30,annual
CITY OF DALY CITY,2023,2022-07-01,2023-06-30,annual
CITY OF DALY CITY,2024,2023-07-01,2024-06-30,annual
CITY OF DALY CITY,2025,2024-07-01,2025-06-30,annual
CITY OF DANA POINT,2021,2020-06-30,2021-06-30,annual
CITY OF DANA POINT,2022,2021-06-30,2022-06-30,annual
CITY OF DAVIS,2016,2015-07-01,2016-06-30,annual
CITY OF DAVIS,2017,2016-06-30,2017-06-30,annual
CITY OF DAVIS,2018,2017-06-30,2018-06-30,annual
CITY OF DAVIS,2019,2018-06-30,2019-06-30,annual
CITY OF DAVIS,2020,2019-07-01,2020-06-30,annual
CITY OF DAVIS,2021,2020-07-01,2021-06-30,annual
CITY OF DAVIS,2022,2021-07-01,2022-06-30,annual
CITY OF DAVIS,2023,2022-07-01,2023-06-30,annual
CITY OF DEL MAR,2024,2023-07-01,2024-06-30,annual
CITY OF DEL MAR,2025,2024-07-01,2025-06-30,annual
CITY OF DELANO,2016,2015-07-01,2016-06-30,annual
CITY OF DELANO,2017,2016-06-30,2017-06-30,annual
CITY OF DELANO,2018,2017-06-30,2018-06-30,annual
CITY OF DELANO,2019,2018-06-30,2019-06-30,annual
CITY OF DELANO,2020,2019-07-01,2020-06-30,annual
CITY OF DELANO,2021,2020-06-30,2021-06-30,annual
CITY OF DELANO,2022,2021-06-30,2022-06-30,annual
CITY OF DELANO,2023,2022-07-01,2023-06-30,annual
CITY OF DELANO,2024,2023-07-01,2024-06-30,annual
CITY OF DELANO,2025,2024-07-01,2025-06-30,annual
CITY OF DESERT HOT SPRINGS,2022,2021-06-30,2022-06-30,annual
CITY OF DESERT HOT SPRINGS,2024,2023-07-01,2024-06-30,annual
CITY OF DIAMOND BAR,2016,2015-07-01,2016-06-30,annual
CITY OF DIAMOND BAR,2021,2020-06-30,2021-06-30,annual
CITY OF DIAMOND BAR,2022,2021-06-30,2022-06-30,annual
CITY OF DIAMOND BAR,2023,2022-07-01,2023-06-30,annual
CITY OF DIAMOND BAR,2024,2023-07-01,2024-06-30,annual
CITY OF DIAMOND BAR,2025,2024-07-01,2025-06-30,annual
CITY OF DINUBA,2016,2015-07-01,2016-06-30,annual
CITY OF DINUBA,2017,2016-06-30,2017-06-30,annual
CITY OF DINUBA,2018,2017-06-30,2018-06-30,annual
CITY OF DINUBA,2019,2018-06-30,2019-06-30,annual
CITY OF DINUBA,2020,2019-07-01,2020-06-30,annual
CITY OF DINUBA,2021,2020-06-30,2021-06-30,annual
CITY OF DINUBA,2022,2021-06-30,2022-06-30,annual
CITY OF DINUBA,2024,2023-07-01,2024-06-30,annual
CITY OF DIXON,2016,2015-07-01,2016-06-30,annual
CITY OF DIXON,2017,2016-06-30,2017-06-30,annual
CITY OF DIXON,2019,2018-06-30,2019-06-30,annual
CITY OF DIXON,2020,2019-07-01,2020-06-30,annual
CITY OF DIXON,2021,2020-06-30,2021-06-30,annual
CITY OF DIXON,2022,2021-06-30,2022-06-30,annual
CITY OF DIXON,2023,2022-07-01,2023-06-30,annual
CITY OF DIXON,2024,2023-07-01,2024-06-30,annual
CITY OF DIXON,2025,2024-07-01,2025-06-30,annual
CITY OF DORRIS,2018,2017-06-30,2018-06-30,annual
CITY OF DORRIS,2022,2021-07-01,2022-06-30,annual
CITY OF DOS PALOS,2022,2021-06-30,2022-06-30,annual
CITY OF DOWNEY,2016,2015-07-01,2016-06-30,annual
CITY OF DOWNEY,2017,2016-06-30,2017-06-30,annual
CITY OF DOWNEY,2018,2017-06-30,2018-06-30,annual
CITY OF DOWNEY,2019,2018-06-30,2019-06-30,annual
CITY OF DOWNEY,2020,2019-07-01,2020-06-30,annual
CITY OF DOWNEY,2021,2020-06-30,2021-06-30,annual
CITY OF DOWNEY,2022,2021-06-30,2022-06-30,annual
CITY OF DOWNEY,2023,2022-07-01,2023-06-30,annual
CITY OF DOWNEY,2024,2023-07-01,2024-06-30,annual
CITY OF DOWNEY,2025,2024-07-01,2025-06-30,annual
CITY OF DUARTE,2022,2021-06-30,2022-06-30,annual
CITY OF DUARTE,2023,2022-07-01,2023-06-30,annual
CITY OF DUBLIN,2022,2021-06-30,2022-06-30,annual
CITY OF DUNSMUIR,2016,2015-07-01,2016-06-30,annual
CITY OF DUNSMUIR,2021,2020-06-30,2021-06-30,annual
CITY OF DUNSMUIR,2022,2021-06-30,2022-06-30,annual
CITY OF DUNSMUIR,2023,2022-07-01,2023-06-30,annual
CITY OF EAST PALO ALTO,2017,2016-06-30,2017-06-30,annual
CITY OF EAST PALO ALTO,2018,2017-06-30,2018-06-30,annual
CITY OF EAST PALO ALTO,2019,2018-06-30,2019-06-30,annual
CITY OF EAST PALO ALTO,2021,2020-06-30,2021-06-30,annual
CITY OF EAST PALO ALTO,2022,2021-06-30,2022-06-30,annual
CITY OF EAST PALO ALTO,2023,2022-07-01,2023-06-30,annual
CITY OF EAST PALO ALTO,2024,2023-07-01,2024-06-30,annual
CITY OF EASTVALE,2021,2020-06-30,2021-06-30,annual
CITY OF EASTVALE,2022,2021-06-30,2022-06-30,annual
CITY OF EL CAJON,2016,2015-07-01,2016-06-30,annual
CITY OF EL CAJON,2017,2016-06-30,2017-06-30,annual
CITY OF EL CAJON,2018,2017-06-30,2018-06-30,annual
CITY OF EL CAJON,2019,2018-06-30,2019-06-30,annual
CITY OF EL CAJON,2021,2020-06-30,2021-06-30,annual
CITY OF EL CAJON,2022,2021-06-30,2022-06-30,annual
CITY OF EL CAJON,2023,2022-07-01,2023-06-30,annual
CITY OF EL CAJON,2024,2023-07-01,2024-06-30,annual
CITY OF EL CAJON,2025,2024-07-01,2025-06-30,annual
CITY OF EL CENTRO,2016,2015-07-01,2016-06-30,annual
CITY OF EL CENTRO,2017,2016-06-30,2017-06-30,annual
CITY OF EL CENTRO,2018,2017-06-30,2018-06-30,annual
CITY OF EL CENTRO,2019,2018-06-30,2019-06-30,annual
CITY OF EL CENTRO,2020,2019-07-01,2020-06-30,annual
CITY OF EL CENTRO,2021,2020-06-30,2021-06-30,annual
CITY OF EL CENTRO,2022,2021-06-30,2022-06-30,annual
CITY OF EL CENTRO,2023,2022-07-01,2023-06-30,annual
CITY OF EL CERRITO,2018,2017-06-30,2018-06-30,annual
CITY OF EL CERRITO,2019,2018-06-30,2019-06-30,annual
CITY OF EL CERRITO,2021,2020-06-30,2021-06-30,annual
CITY OF EL CERRITO,2022,2021-06-30,2022-06-30,annual
CITY OF EL MONTE,2016,2015-07-01,2016-06-30,annual
CITY OF EL MONTE,2017,2016-06-30,2017-06-30,annual
CITY OF EL MONTE,2018,2017-06-30,2018-06-30,annual
CITY OF EL MONTE,2019,2018-06-30,2019-06-30,annual
CITY OF EL MONTE,2020,2019-07-01,2020-06-30,annual
CITY OF EL MONTE,2021,2020-06-30,2021-06-30,annual
CITY OF EL MONTE,2022,2021-07-01,2022-06-30,annual
CITY OF EL MONTE,2023,2022-07-01,2023-06-30,annual
CITY OF EL MONTE,2024,2023-07-01,2024-06-30,annual
CITY OF EL PASO DE ROBLES,2017,2016-06-30,2017-06-30,annual
CITY OF EL PASO DE ROBLES,2019,2018-06-30,2019-06-30,annual
CITY OF EL PASO DE ROBLES,2020,2019-07-01,2020-06-30,annual
CITY OF EL PASO DE ROBLES,2021,2020-06-30,2021-06-30,annual
CITY OF EL PASO DE ROBLES,2022,2021-06-30,2022-06-30,annual
CITY OF EL PASO DE ROBLES,2023,2022-07-01,2023-06-30,annual
CITY OF EL PASO DE ROBLES,2024,2023-07-01,2024-06-30,annual
CITY OF EL PASO DE ROBLES,2025,2024-07-01,2025-06-30,annual
CITY OF EL SEGUNDO,2019,2018-09-30,2019-09-30,annual
CITY OF EL SEGUNDO,2020,2019-10-01,2020-09-30,annual
CITY OF EL SEGUNDO,2022,2021-06-30,2022-06-30,annual
CITY OF EL SEGUNDO,2023,2022-07-01,2023-06-30,annual
CITY OF ELK GROVE,2016,2015-07-01,2016-06-30,annual
CITY OF ELK GROVE,2017,2016-06-30,2017-06-30,annual
CITY OF ELK GROVE,2018,2017-06-30,2018-06-30,annual
CITY OF ELK GROVE,2019,2018-06-30,2019-06-30,annual
CITY OF ELK GROVE,2020,2019-07-01,2020-06-30,annual
CITY OF ELK GROVE,2021,2020-06-30,2021-06-30,annual
CITY OF ELK GROVE,2022,2021-06-30,2022-06-30,annual
CITY OF ELK GROVE,2023,2022-07-01,2023-06-30,annual
CITY OF ELK GROVE,2024,2023-07-01,2024-06-30,annual
CITY OF ELK GROVE,2025,2024-07-01,2025-06-30,annual
CITY OF EMERYVILLE,2016,2015-07-01,2016-06-30,annual
CITY OF EMERYVILLE,2022,2021-06-30,2022-06-30,annual
CITY OF ENCINITAS,2016,2015-07-01,2016-06-30,annual
CITY OF ENCINITAS,2017,2016-06-30,2017-06-30,annual
CITY OF ENCINITAS,2018,2017-06-30,2018-06-30,annual
CITY OF ENCINITAS,2019,2018-06-30,2019-06-30,annual
CITY OF ENCINITAS,2020,2019-07-01,2020-06-30,annual
CITY OF ENCINITAS,2021,2020-06-30,2021-06-30,annual
CITY OF ENCINITAS,2022,2021-06-30,2022-06-30,annual
CITY OF ENCINITAS,2023,2022-07-01,2023-06-30,annual
CITY OF ENCINITAS,2024,2023-07-01,2024-06-30,annual
CITY OF ENCINITAS,2025,2024-07-01,2025-06-30,annual
CITY OF ESCONDIDO,2016,2015-07-01,2016-06-30,annual
CITY OF ESCONDIDO,2017,2016-06-30,2017-06-30,annual
CITY OF ESCONDIDO,2018,2017-06-30,2018-06-30,annual
CITY OF ESCONDIDO,2019,2018-06-30,2019-06-30,annual
CITY OF ESCONDIDO,2020,2019-07-01,2020-06-30,annual
CITY OF ESCONDIDO,2021,2020-06-30,2021-06-30,annual
CITY OF ESCONDIDO,2022,2021-07-01,2022-06-30,annual
CITY OF ESCONDIDO,2023,2022-07-01,2023-06-30,annual
CITY OF ESCONDIDO,2024,2023-07-01,2024-06-30,annual
CITY OF EUREKA,2016,2015-07-01,2016-06-30,annual
CITY OF EUREKA,2017,2016-06-30,2017-06-30,annual
CITY OF EUREKA,2018,2017-06-30,2018-06-30,annual
CITY OF EUREKA,2020,2019-07-01,2020-06-30,annual
CITY OF EUREKA,2021,2020-06-30,2021-06-30,annual
CITY OF EUREKA,2023,2022-07-01,2023-06-30,annual
CITY OF EUREKA,2024,2023-07-01,2024-06-30,annual
CITY OF EUREKA,2025,2024-07-01,2025-06-30,annual
CITY OF EXETER,2016,2015-07-01,2016-06-30,annual
CITY OF EXETER,2018,2017-06-30,2018-06-30,annual
CITY OF EXETER,2019,2018-06-30,2019-06-30,annual
CITY OF EXETER,2021,2020-06-30,2021-06-30,annual
CITY OF FAIRFIELD,2016,2015-07-01,2016-06-30,annual
CITY OF FAIRFIELD,2017,2016-06-30,2017-06-30,annual
CITY OF FAIRFIELD,2018,2017-06-30,2018-06-30,annual
CITY OF FAIRFIELD,2019,2018-06-30,2019-06-30,annual
CITY OF FAIRFIELD,2020,2019-07-01,2020-06-30,annual
CITY OF FAIRFIELD,2021,2020-06-30,2021-06-30,annual
CITY OF FAIRFIELD,2022,2021-06-30,2022-06-30,annual
CITY OF FAIRFIELD,2023,2022-07-01,2023-06-30,annual
CITY OF FAIRFIELD,2024,2023-07-01,2024-06-30,annual
CITY OF FAIRFIELD,2025,2024-07-01,2025-06-30,annual
CITY OF FARMERSVILLE,2016,2015-07-01,2016-06-30,annual
CITY OF FARMERSVILLE,2017,2016-06-30,2017-06-30,annual
CITY OF FARMERSVILLE,2018,2017-06-30,2018-06-30,annual
CITY OF FARMERSVILLE,2019,2018-06-30,2019-06-30,annual
CITY OF FARMERSVILLE,2020,2019-07-01,2020-06-30,annual
CITY OF FARMERSVILLE,2021,2020-06-30,2021-06-30,annual
CITY OF FARMERSVILLE,2022,2021-06-30,2022-06-30,annual
CITY OF FIREBAUGH,2018,2017-06-30,2018-06-30,annual
CITY OF FIREBAUGH,2021,2020-06-30,2021-06-30,annual
CITY OF FIREBAUGH,2022,2021-06-30,2022-06-30,annual
CITY OF FIREBAUGH,2023,2022-07-01,2023-06-30,annual
CITY OF FIREBAUGH,2025,2024-07-01,2025-06-30,annual
CITY OF FOLSOM,2016,2015-07-01,2016-06-30,annual
CITY OF FOLSOM,2017,2016-06-30,2017-06-30,annual
CITY OF FOLSOM,2018,2017-06-30,2018-06-30,annual
CITY OF FOLSOM,2019,2018-06-30,2019-06-30,annual
CITY OF FOLSOM,2020,2019-07-01,2020-06-30,annual
CITY OF FOLSOM,2021,2020-06-30,2021-06-30,annual
CITY OF FOLSOM,2022,2021-06-30,2022-06-30,annual
CITY OF FOLSOM,2024,2023-07-01,2024-06-30,annual
CITY OF FONTANA,2016,2015-07-01,2016-06-30,annual
CITY OF FONTANA,2017,2016-06-30,2017-06-30,annual
CITY OF FONTANA,2018,2017-06-30,2018-06-30,annual
CITY OF FONTANA,2019,2018-06-30,2019-06-30,annual
CITY OF FONTANA,2020,2019-07-01,2020-06-30,annual
CITY OF FONTANA,2021,2020-06-30,2021-06-30,annual
CITY OF FONTANA,2022,2021-06-30,2022-06-30,annual
CITY OF FONTANA,2023,2022-07-01,2023-06-30,annual
CITY OF FONTANA,2024,2023-07-01,2024-06-30,annual
CITY OF FONTANA,2025,2024-07-01,2025-06-30,annual
CITY OF FORT BRAGG,2016,2015-07-01,2016-06-30,annual
CITY OF FORT BRAGG,2017,2016-06-30,2017-06-30,annual
CITY OF FORT BRAGG,2018,2017-06-30,2018-06-30,annual
CITY OF FORT BRAGG,2019,2018-06-30,2019-06-30,annual
CITY OF FORT BRAGG,2020,2019-07-01,2020-06-30,annual
CITY OF FORT BRAGG,2021,2020-06-30,2021-06-30,annual
CITY OF FORT BRAGG,2022,2021-06-30,2022-06-30,annual
CITY OF FORT BRAGG,2023,2022-07-01,2023-06-30,annual
CITY OF FORT BRAGG,2025,2024-07-01,2025-06-30,annual
CITY OF FORTUNA,2017,2016-06-30,2017-06-30,annual
CITY OF FORTUNA,2020,2019-07-01,2020-06-30,annual
CITY OF FORTUNA,2023,2022-07-01,2023-06-30,annual
CITY OF FOSTER CITY,2022,2021-06-30,2022-06-30,annual
CITY OF FOUNTAIN VALLEY,2017,2016-06-30,2017-06-30,annual
CITY OF FOUNTAIN VALLEY,2020,2019-07-01,2020-06-30,annual
CITY OF FOUNTAIN VALLEY,2021,2020-06-30,2021-06-30,annual
CITY OF FOUNTAIN VALLEY,2022,2021-06-30,2022-06-30,annual
CITY OF FOUNTAIN VALLEY,2023,2022-07-01,2023-06-30,annual
CITY OF FOWLER,2020,2019-07-01,2020-06-30,annual
CITY OF FOWLER,2022,2021-06-30,2022-06-30,annual
CITY OF FREMONT,2016,2015-07-01,2016-06-30,annual
CITY OF FREMONT,2017,2016-06-30,2017-06-30,annual
CITY OF FREMONT,2018,2017-06-30,2018-06-30,annual
CITY OF FREMONT,2019,2018-06-30,2019-06-30,annual
CITY OF FREMONT,2020,2019-07-01,2020-06-30,annual
CITY OF FREMONT,2021,2020-06-30,2021-06-30,annual
CITY OF FREMONT,2022,2021-06-30,2022-06-30,annual
CITY OF FREMONT,2023,2022-07-01,2023-06-30,annual
CITY OF FREMONT,2024,2023-07-01,2024-06-30,annual
CITY OF FREMONT,2025,2024-07-01,2025-06-30,annual
CITY OF FRESNO,2016,2015-07-01,2016-06-30,annual
CITY OF FRESNO,2017,2016-06-30,2017-06-30,annual
CITY OF FRESNO,2018,2017-06-30,2018-06-30,annual
CITY OF FRESNO,2019,2018-06-30,2019-06-30,annual
CITY OF FRESNO,2020,2019-07-01,2020-06-30,annual
CITY OF FRESNO,2021,2020-06-30,2021-06-30,annual
CITY OF FRESNO,2022,2021-06-30,2022-06-30,annual
CITY OF FRESNO,2023,2022-07-01,2023-06-30,annual
CITY OF FRESNO,2024,2023-07-01,2024-06-30,annual
CITY OF FRESNO,2025,2024-07-01,2025-06-30,annual
CITY OF FULLERTON,2016,2015-07-01,2016-06-30,annual
CITY OF FULLERTON,2017,2016-06-30,2017-06-30,annual
CITY OF FULLERTON,2018,2017-06-30,2018-06-30,annual
CITY OF FULLERTON,2019,2018-06-30,2019-06-30,annual
CITY OF FULLERTON,2020,2019-07-01,2020-06-30,annual
CITY OF FULLERTON,2021,2020-06-30,2021-06-30,annual
CITY OF FULLERTON,2022,2021-06-30,2022-06-30,annual
CITY OF FULLERTON,2023,2022-07-01,2023-06-30,annual
CITY OF FULLERTON,2024,2023-07-01,2024-06-30,annual
CITY OF FULLERTON,2025,2024-07-01,2025-06-30,annual
CITY OF GALT,2016,2015-07-01,2016-06-30,annual
CITY OF GALT,2018,2017-06-30,2018-06-30,annual
CITY OF GALT,2019,2018-06-30,2019-06-30,annual
CITY OF GALT,2025,2024-07-01,2025-06-30,annual
CITY OF GARDEN GROVE,2016,2015-07-01,2016-06-30,annual
CITY OF GARDEN GROVE,2017,2016-06-30,2017-06-30,annual
CITY OF GARDEN GROVE,2018,2017-06-30,2018-06-30,annual
CITY OF GARDEN GROVE,2019,2018-06-30,2019-06-30,annual
CITY OF GARDEN GROVE,2020,2019-07-01,2020-06-30,annual
CITY OF GARDEN GROVE,2021,2020-06-30,2021-06-30,annual
CITY OF GARDEN GROVE,2022,2021-06-30,2022-06-30,annual
CITY OF GARDEN GROVE,2023,2022-07-01,2023-06-30,annual
CITY OF GARDEN GROVE,2024,2023-07-01,2024-06-30,annual
CITY OF GARDEN GROVE,2025,2024-07-01,2025-06-30,annual
CITY OF GARDENA,2016,2015-07-01,2016-06-30,annual
CITY OF GARDENA,2017,2016-06-30,2017-06-30,annual
CITY OF GARDENA,2018,2017-06-30,2018-06-30,annual
CITY OF GARDENA,2019,2018-06-30,2019-06-30,annual
CITY OF GARDENA,2020,2019-07-01,2020-06-30,annual
CITY OF GARDENA,2021,2020-06-30,2021-06-30,annual
CITY OF GARDENA,2022,2021-06-30,2022-06-30,annual
CITY OF GARDENA,2023,2022-07-01,2023-06-30,annual
CITY OF GARDENA,2024,2023-07-01,2024-06-30,annual
CITY OF GARDENA,2025,2024-07-01,2025-06-30,annual
CITY OF GILROY,2016,2015-07-01,2016-06-30,annual
CITY OF GILROY,2018,2017-06-30,2018-06-30,annual
CITY OF GILROY,2019,2018-06-30,2019-06-30,annual
CITY OF GILROY,2020,2019-07-01,2020-06-30,annual
CITY OF GILROY,2021,2020-06-30,2021-06-30,annual
CITY OF GILROY,2022,2021-06-30,2022-06-30,annual
CITY OF GILROY,2023,2022-07-01,2023-06-30,annual
CITY OF GILROY,2024,2023-07-01,2024-06-30,annual
CITY OF GLENDALE,2016,2015-07-01,2016-06-30,annual
CITY OF GLENDALE,2017,2016-06-30,2017-06-30,annual
CITY OF GLENDALE,2018,2017-06-30,2018-06-30,annual
CITY OF GLENDALE,2019,2018-06-30,2019-06-30,annual
CITY OF GLENDALE,2020,2019-07-01,2020-06-30,annual
CITY OF GLENDALE,2021,2020-06-30,2021-06-30,annual
CITY OF GLENDALE,2022,2021-06-30,2022-06-30,annual
CITY OF GLENDALE,2023,2022-07-01,2023-06-30,annual
CITY OF GLENDALE,2024,2023-07-01,2024-06-30,annual
CITY OF GLENDALE,2025,2024-07-01,2025-06-30,annual
CITY OF GLENDORA,2016,2015-07-01,2016-06-30,annual
CITY OF GLENDORA,2017,2016-06-30,2017-06-30,annual
CITY OF GLENDORA,2018,2017-06-30,2018-06-30,annual
CITY OF GLENDORA,2019,2018-06-30,2019-06-30,annual
CITY OF GLENDORA,2021,2020-06-30,2021-06-30,annual
CITY OF GLENDORA,2022,2021-06-30,2022-06-30,annual
CITY OF GLENDORA,2024,2023-07-01,2024-06-30,annual
CITY OF GOLETA,2016,2015-07-01,2016-06-30,annual
CITY OF GOLETA,2021,2020-06-30,2021-06-30,annual
CITY OF GOLETA,2023,2022-07-01,2023-06-30,annual
CITY OF GOLETA,2024,2023-07-01,2024-06-30,annual
CITY OF GOLETA,2025,2024-07-01,2025-06-30,annual
CITY OF GONZALES,2022,2021-06-30,2022-06-30,annual
CITY OF GONZALES,2023,2022-07-01,2023-06-30,annual
CITY OF GRAND TERRACE,2023,2022-07-01,2023-06-30,annual
CITY OF GRASS VALLEY,2016,2015-07-01,2016-06-30,annual
CITY OF GRASS VALLEY,2017,2016-06-30,2017-06-30,annual
CITY OF GRASS VALLEY,2018,2017-06-30,2018-06-30,annual
CITY OF GRASS VALLEY,2019,2018-06-30,2019-06-30,annual
CITY OF GRASS VALLEY,2020,2019-07-01,2020-06-30,annual
CITY OF GRASS VALLEY,2021,2020-06-30,2021-06-30,annual
CITY OF GRASS VALLEY,2022,2021-06-30,2022-06-30,annual
CITY OF GRASS VALLEY,2023,2022-07-01,2023-06-30,annual
CITY OF GRASS VALLEY,2024,2023-07-01,2024-06-30,annual
CITY OF GREENFIELD,2017,2016-06-30,2017-06-30,annual
CITY OF GRIDLEY,2016,2015-07-01,2016-06-30,annual
CITY OF GRIDLEY,2017,2016-06-30,2017-06-30,annual
CITY OF GRIDLEY,2018,2017-06-30,2018-06-30,annual
CITY OF GRIDLEY,2019,2018-06-30,2019-06-30,annual
CITY OF GRIDLEY,2020,2019-07-01,2020-06-30,annual
CITY OF GRIDLEY,2021,2020-07-01,2021-06-30,annual
CITY OF GRIDLEY,2022,2021-07-01,2022-06-30,annual
CITY OF GRIDLEY,2023,2022-07-01,2023-06-30,annual
CITY OF GRIDLEY,2024,2023-07-01,2024-06-30,annual
CITY OF GRIDLEY,2025,2024-07-01,2025-06-30,annual
CITY OF GROVER BEACH,2017,2016-06-30,2017-06-30,annual
CITY OF GROVER BEACH,2019,2018-06-30,2019-06-30,annual
CITY OF GROVER BEACH,2020,2019-07-01,2020-06-30,annual
CITY OF GROVER BEACH,2022,2021-06-30,2022-06-30,annual
CITY OF GROVER BEACH,2023,2022-07-01,2023-06-30,annual
CITY OF GROVER BEACH,2024,2023-07-01,2024-06-30,annual
CITY OF GROVER BEACH,2025,2024-07-01,2025-06-30,annual
CITY OF GUADALUPE,2020,2019-07-01,2020-06-30,annual
CITY OF GUADALUPE,2021,2020-06-30,2021-06-30,annual
CITY OF GUSTINE,2021,2020-06-30,2021-06-30,annual
CITY OF HALF MOON BAY,2024,2023-07-01,2024-06-30,annual
CITY OF HALF MOON BAY,2025,2024-07-01,2025-06-30,annual
CITY OF HANFORD,2016,2015-07-01,2016-06-30,annual
CITY OF HANFORD,2017,2016-06-30,2017-06-30,annual
CITY OF HANFORD,2018,2017-06-30,2018-06-30,annual
CITY OF HANFORD,2019,2018-06-30,2019-06-30,annual
CITY OF HANFORD,2020,2019-07-01,2020-06-30,annual
CITY OF HANFORD,2021,2020-06-30,2021-06-30,annual
CITY OF HANFORD,2022,2021-06-30,2022-06-30,annual
CITY OF HANFORD,2023,2022-07-01,2023-06-30,annual
CITY OF HANFORD,2024,2023-07-01,2024-06-30,annual
CITY OF HANFORD,2025,2024-07-01,2025-06-30,annual
CITY OF HAWAIIAN GARDENS,2016,2015-07-01,2016-06-30,annual
CITY OF HAWAIIAN GARDENS,2017,2016-06-30,2017-06-30,annual
CITY OF HAWAIIAN GARDENS,2018,2017-06-30,2018-06-30,annual
CITY OF HAWAIIAN GARDENS,2019,2018-06-30,2019-06-30,annual
CITY OF HAWAIIAN GARDENS,2020,2019-07-01,2020-06-30,annual
CITY OF HAWAIIAN GARDENS,2021,2020-06-30,2021-06-30,annual
CITY OF HAWAIIAN GARDENS,2022,2021-06-30,2022-06-30,annual
CITY OF HAWAIIAN GARDENS,2023,2022-07-01,2023-06-30,annual
CITY OF HAWAIIAN GARDENS,2024,2023-07-01,2024-06-30,annual
CITY OF HAWAIIAN GARDENS,2025,2024-07-01,2025-06-30,annual
CITY OF HAWTHORNE,2016,2015-07-01,2016-06-30,annual
CITY OF HAWTHORNE,2017,2016-06-30,2017-06-30,annual
CITY OF HAWTHORNE,2019,2018-06-30,2019-06-30,annual
CITY OF HAWTHORNE,2020,2019-07-01,2020-06-30,annual
CITY OF HAWTHORNE,2021,2020-06-30,2021-06-30,annual
CITY OF HAWTHORNE,2022,2021-06-30,2022-06-30,annual
CITY OF HAWTHORNE,2023,2022-07-01,2023-06-30,annual
CITY OF HAWTHORNE,2024,2023-07-01,2024-06-30,annual
CITY OF HAWTHORNE,2025,2024-07-01,2025-06-30,annual
CITY OF HAYWARD,2016,2015-07-01,2016-06-30,annual
CITY OF HAYWARD,2017,2016-06-30,2017-06-30,annual
CITY OF HAYWARD,2018,2017-06-30,2018-06-30,annual
CITY OF HAYWARD,2019,2018-06-30,2019-06-30,annual
CITY OF HAYWARD,2020,2019-07-01,2020-06-30,annual
CITY OF HAYWARD,2021,2020-06-30,2021-06-30,annual
CITY OF HAYWARD,2022,2021-06-30,2022-06-30,annual
CITY OF HAYWARD,2023,2022-07-01,2023-06-30,annual
CITY OF HAYWARD,2024,2023-07-01,2024-06-30,annual
CITY OF HEALDSBURG,2016,2015-07-01,2016-06-30,annual
CITY OF HEALDSBURG,2022,2021-06-30,2022-06-30,annual
CITY OF HEALDSBURG,2024,2023-07-01,2024-06-30,annual
CITY OF HEMET,2016,2015-07-01,2016-06-30,annual
CITY OF HEMET,2017,2016-06-30,2017-06-30,annual
CITY OF HEMET,2018,2017-06-30,2018-06-30,annual
CITY OF HEMET,2019,2018-06-30,2019-06-30,annual
CITY OF HEMET,2020,2019-07-01,2020-06-30,annual
CITY OF HEMET,2021,2020-06-30,2021-06-30,annual
CITY OF HEMET,2022,2021-06-30,2022-06-30,annual
CITY OF HEMET,2023,2022-07-01,2023-06-30,annual
CITY OF HEMET,2024,2023-07-01,2024-06-30,annual
CITY OF HERCULES,2016,2015-07-01,2016-06-30,annual
CITY OF HERCULES,2017,2016-06-30,2017-06-30,annual
CITY OF HERCULES,2018,2017-06-30,2018-06-30,annual
CITY OF HERCULES,2023,2022-07-01,2023-06-30,annual
CITY OF HERMOSA BEACH,2022,2021-06-30,2022-06-30,annual
CITY OF HERMOSA BEACH,2025,2024-07-01,2025-06-30,annual
CITY OF HESPERIA,2016,2015-07-01,2016-06-30,annual
CITY OF HESPERIA,2017,2016-06-30,2017-06-30,annual
CITY OF HESPERIA,2020,2019-07-01,2020-06-30,annual
CITY OF HESPERIA,2021,2020-06-30,2021-06-30,annual
CITY OF HESPERIA,2022,2021-06-30,2022-06-30,annual
CITY OF HESPERIA,2023,2022-07-01,2023-06-30,annual
CITY OF HESPERIA,2025,2024-07-01,2025-06-30,annual
CITY OF HIGHLAND,2016,2015-07-01,2016-06-30,annual
CITY OF HIGHLAND,2017,2016-06-30,2017-06-30,annual
CITY OF HIGHLAND,2018,2017-06-30,2018-06-30,annual
CITY OF HIGHLAND,2019,2018-06-30,2019-06-30,annual
CITY OF HIGHLAND,2020,2019-07-01,2020-06-30,annual
CITY OF HIGHLAND,2021,2020-06-30,2021-06-30,annual
CITY OF HIGHLAND,2022,2021-06-30,2022-06-30,annual
CITY OF HIGHLAND,2023,2022-07-01,2023-06-30,annual
CITY OF HIGHLAND,2024,2023-07-01,2024-06-30,annual
CITY OF HIGHLAND,2025,2024-07-01,2025-06-30,annual
CITY OF HOLLISTER,2016,2015-07-01,2016-06-30,annual
CITY OF HOLLISTER,2017,2016-06-30,2017-06-30,annual
CITY OF HOLLISTER,2018,2017-06-30,2018-06-30,annual
CITY OF HOLLISTER,2019,2018-06-30,2019-06-30,annual
CITY OF HOLLISTER,2020,2019-07-01,2020-06-30,annual
CITY OF HOLLISTER,2021,2020-07-01,2021-06-30,annual
CITY OF HOLLISTER,2022,2021-07-01,2022-06-30,annual
CITY OF HOLTVILLE,2016,2015-07-01,2016-06-30,annual
CITY OF HOLTVILLE,2017,2016-06-30,2017-06-30,annual
CITY OF HOLTVILLE,2018,2017-06-30,2018-06-30,annual
CITY OF HOLTVILLE,2021,2020-06-30,2021-06-30,annual
CITY OF HOLTVILLE,2022,2021-06-30,2022-06-30,annual
CITY OF HOLTVILLE,2023,2022-07-01,2023-06-30,annual
CITY OF HOLTVILLE,2024,2023-07-01,2024-06-30,annual
CITY OF HUGHSON,2023,2022-07-01,2023-06-30,annual
CITY OF HUNTINGTON BEACH,2016,2015-10-01,2016-09-30,annual
CITY OF HUNTINGTON BEACH,2017,2016-09-30,2017-09-30,annual
CITY OF HUNTINGTON BEACH,2018,2017-06-30,2018-06-30,annual
CITY OF HUNTINGTON BEACH,2019,2018-06-30,2019-06-30,annual
CITY OF HUNTINGTON BEACH,2020,2019-07-01,2020-06-30,annual
CITY OF HUNTINGTON BEACH,2021,2020-06-30,2021-06-30,annual
CITY OF HUNTINGTON BEACH,2022,2021-06-30,2022-06-30,annual
CITY OF HUNTINGTON BEACH,2023,2022-07-01,2023-06-30,annual
CITY OF HUNTINGTON BEACH,2024,2023-07-01,2024-06-30,annual
CITY OF HUNTINGTON BEACH,2025,2024-07-01,2025-06-30,annual
CITY OF HUNTINGTON PARK,2016,2015-07-01,2016-06-30,annual
CITY OF HUNTINGTON PARK,2017,2016-06-30,2017-06-30,annual
CITY OF HUNTINGTON PARK,2018,2017-06-30,2018-06-30,annual
CITY OF HUNTINGTON PARK,2019,2018-06-30,2019-06-30,annual
CITY OF HUNTINGTON PARK,2020,2019-07-01,2020-06-30,annual
CITY OF HUNTINGTON PARK,2021,2020-07-01,2021-06-30,annual
CITY OF HUNTINGTON PARK,2022,2021-07-01,2022-06-30,annual
CITY OF HUNTINGTON PARK,2023,2022-07-01,2023-06-30,annual
CITY OF HUNTINGTON PARK,2024,2023-07-01,2024-06-30,annual
CITY OF HUNTINGTON PARK,2025,2024-07-01,2025-06-30,annual
CITY OF HURON,2016,2015-07-01,2016-06-30,annual
CITY OF HURON,2019,2018-06-30,2019-06-30,annual
CITY OF HURON,2020,2019-07-01,2020-06-30,annual
CITY OF HURON,2021,2020-06-30,2021-06-30,annual
CITY OF IMPERIAL,2016,2015-07-01,2016-06-30,annual
CITY OF IMPERIAL,2018,2017-06-30,2018-06-30,annual
CITY OF IMPERIAL,2019,2018-06-30,2019-06-30,annual
CITY OF IMPERIAL BEACH,2021,2020-06-30,2021-06-30,annual
CITY OF IMPERIAL BEACH,2022,2021-06-30,2022-06-30,annual
CITY OF INDIAN WELLS,2022,2021-06-30,2022-06-30,annual
CITY OF INDIO,2016,2015-07-01,2016-06-30,annual
CITY OF INDIO,2017,2016-06-30,2017-06-30,annual
CITY OF INDIO,2018,2017-06-30,2018-06-30,annual
CITY OF INDIO,2019,2018-06-30,2019-06-30,annual
CITY OF INDIO,2020,2019-07-01,2020-06-30,annual
CITY OF INDIO,2021,2020-06-30,2021-06-30,annual
CITY OF INDIO,2022,2021-06-30,2022-06-30,annual
CITY OF INDIO,2023,2022-07-01,2023-06-30,annual
CITY OF INDIO,2024,2023-07-01,2024-06-30,annual
CITY OF INDIO,2025,2024-07-01,2025-06-30,annual
CITY OF INGLEWOOD,2016,2015-10-01,2016-09-30,annual
CITY OF INGLEWOOD,2017,2016-09-30,2017-09-30,annual
CITY OF INGLEWOOD,2018,2017-09-30,2018-09-30,annual
CITY OF INGLEWOOD,2019,2018-09-30,2019-09-30,annual
CITY OF INGLEWOOD,2020,2019-10-01,2020-09-30,annual
CITY OF INGLEWOOD,2021,2020-09-30,2021-09-30,annual
CITY OF INGLEWOOD,2022,2021-09-30,2022-09-30,annual
CITY OF INGLEWOOD,2023,2022-10-01,2023-09-30,annual
CITY OF INGLEWOOD,2024,2023-10-01,2024-09-30,annual
CITY OF INGLEWOOD,2025,2024-10-01,2025-09-30,annual
CITY OF IRVINE,2016,2015-07-01,2016-06-30,annual
CITY OF IRVINE,2017,2016-06-30,2017-06-30,annual
CITY OF IRVINE,2018,2017-06-30,2018-06-30,annual
CITY OF IRVINE,2019,2018-06-30,2019-06-30,annual
CITY OF IRVINE,2020,2019-07-01,2020-06-30,annual
CITY OF IRVINE,2021,2020-06-30,2021-06-30,annual
CITY OF IRVINE,2022,2021-06-30,2022-06-30,annual
CITY OF IRVINE,2023,2022-07-01,2023-06-30,annual
CITY OF IRVINE,2024,2023-07-01,2024-06-30,annual
CITY OF IRVINE,2025,2024-07-01,2025-06-30,annual
CITY OF IRWINDALE,2025,2024-07-01,2025-06-30,annual
CITY OF JACKSON,2016,2015-07-01,2016-06-30,annual
CITY OF JACKSON,2017,2016-06-30,2017-06-30,annual
CITY OF JACKSON,2018,2017-06-30,2018-06-30,annual
CITY OF JACKSON,2019,2018-06-30,2019-06-30,annual
CITY OF JACKSON,2020,2019-07-01,2020-06-30,annual
CITY OF JACKSON,2021,2020-06-30,2021-06-30,annual
CITY OF JACKSON,2022,2021-06-30,2022-06-30,annual
CITY OF JACKSON,2023,2022-07-01,2023-06-30,annual
CITY OF JACKSON,2024,2023-07-01,2024-06-30,annual
CITY OF JACKSON,2025,2024-07-01,2025-06-30,annual
CITY OF JURUPA VALLEY,2020,2019-07-01,2020-06-30,annual
CITY OF JURUPA VALLEY,2021,2020-06-30,2021-06-30,annual
CITY OF JURUPA VALLEY,2022,2021-06-30,2022-06-30,annual
CITY OF KERMAN,2018,2017-06-30,2018-06-30,annual
CITY OF KERMAN,2021,2020-06-30,2021-06-30,annual
CITY OF KERMAN,2023,2022-07-01,2023-06-30,annual
CITY OF KERMAN,2025,2024-07-01,2025-06-30,annual
CITY OF KING CITY,2022,2021-06-30,2022-06-30,annual
CITY OF KING CITY,2023,2022-07-01,2023-06-30,annual
CITY OF KING CITY,2024,2023-07-01,2024-06-30,annual
CITY OF KINGSBURG,2016,2015-07-01,2016-06-30,annual
CITY OF KINGSBURG,2017,2016-06-30,2017-06-30,annual
CITY OF KINGSBURG,2022,2021-06-30,2022-06-30,annual
CITY OF KINGSBURG,2023,2022-07-01,2023-06-30,annual
CITY OF KINGSBURG,2024,2023-07-01,2024-06-30,annual
CITY OF LA CAÃ±ADA FLINTRIDGE,2023,2022-07-01,2023-06-30,annual
CITY OF LA HABRA,2016,2015-07-01,2016-06-30,annual
CITY OF LA HABRA,2017,2016-06-30,2017-06-30,annual
CITY OF LA HABRA,2018,2017-06-30,2018-06-30,annual
CITY OF LA HABRA,2019,2018-06-30,2019-06-30,annual
CITY OF LA HABRA,2020,2019-07-01,2020-06-30,annual
CITY OF LA HABRA,2021,2020-06-30,2021-06-30,annual
CITY OF LA HABRA,2022,2021-06-30,2022-06-30,annual
CITY OF LA HABRA,2023,2022-07-01,2023-06-30,annual
CITY OF LA HABRA,2024,2023-07-01,2024-06-30,annual
CITY OF LA MESA,2016,2015-07-01,2016-06-30,annual
CITY OF LA MESA,2017,2016-06-30,2017-06-30,annual
CITY OF LA MESA,2018,2017-06-30,2018-06-30,annual
CITY OF LA MESA,2019,2018-06-30,2019-06-30,annual
CITY OF LA MESA,2020,2019-07-01,2020-06-30,annual
CITY OF LA MESA,2021,2020-06-30,2021-06-30,annual
CITY OF LA MESA,2022,2021-06-30,2022-06-30,annual
CITY OF LA MESA,2023,2022-07-01,2023-06-30,annual
CITY OF LA MESA,2025,2024-07-01,2025-06-30,annual
CITY OF LA MIRADA,2021,2020-06-30,2021-06-30,annual
CITY OF LA MIRADA,2022,2021-06-30,2022-06-30,annual
CITY OF LA MIRADA,2023,2022-07-01,2023-06-30,annual
CITY OF LA MIRADA,2024,2023-07-01,2024-06-30,annual
CITY OF LA PALMA,2017,2016-06-30,2017-06-30,annual
CITY OF LA PALMA,2021,2020-06-30,2021-06-30,annual
CITY OF LA PALMA,2022,2021-06-30,2022-06-30,annual
CITY OF LA PALMA,2025,2024-07-01,2025-06-30,annual
CITY OF LA PUENTE,2016,2015-07-01,2016-06-30,annual
CITY OF LA PUENTE,2018,2017-06-30,2018-06-30,annual
CITY OF LA PUENTE,2021,2020-06-30,2021-06-30,annual
CITY OF LA PUENTE,2022,2021-06-30,2022-06-30,annual
CITY OF LA PUENTE,2023,2022-07-01,2023-06-30,annual
CITY OF LA PUENTE,2024,2023-07-01,2024-06-30,annual
CITY OF LA QUINTA,2016,2015-07-01,2016-06-30,annual
CITY OF LA QUINTA,2017,2016-06-30,2017-06-30,annual
CITY OF LA QUINTA,2018,2017-06-30,2018-06-30,annual
CITY OF LA QUINTA,2019,2018-06-30,2019-06-30,annual
CITY OF LA QUINTA,2020,2019-07-01,2020-06-30,annual
CITY OF LA QUINTA,2021,2020-06-30,2021-06-30,annual
CITY OF LA QUINTA,2023,2022-07-01,2023-06-30,annual
CITY OF LA QUINTA,2024,2023-07-01,2024-06-30,annual
CITY OF LA QUINTA,2025,2024-07-01,2025-06-30,annual
CITY OF LA VERNE,2016,2015-07-01,2016-06-30,annual
CITY OF LA VERNE,2017,2016-06-30,2017-06-30,annual
CITY OF LA VERNE,2018,2017-06-30,2018-06-30,annual
CITY OF LA VERNE,2020,2019-07-01,2020-06-30,annual
CITY OF LA VERNE,2021,2020-06-30,2021-06-30,annual
CITY OF LA VERNE,2022,2021-06-30,2022-06-30,annual
CITY OF LA VERNE,2024,2023-07-01,2024-06-30,annual
CITY OF LAFAYETTE,2022,2021-06-30,2022-06-30,annual
CITY OF LAGUNA BEACH,2022,2021-06-30,2022-06-30,annual
CITY OF LAGUNA BEACH,2023,2022-07-01,2023-06-30,annual
CITY OF LAGUNA HILLS,2022,2021-06-30,2022-06-30,annual
CITY OF LAGUNA HILLS,2023,2022-07-01,2023-06-30,annual
CITY OF LAGUNA NIGUEL,2016,2015-07-01,2016-06-30,annual
CITY OF LAGUNA NIGUEL,2018,2017-06-30,2018-06-30,annual
CITY OF LAGUNA NIGUEL,2021,2020-06-30,2021-06-30,annual
CITY OF LAGUNA NIGUEL,2022,2021-06-30,2022-06-30,annual
CITY OF LAGUNA NIGUEL,2023,2022-07-01,2023-06-30,annual
CITY OF LAGUNA NIGUEL,2024,2023-07-01,2024-06-30,annual
CITY OF LAGUNA NIGUEL,2025,2024-07-01,2025-06-30,annual
CITY OF LAGUNA WOODS,2022,2021-06-30,2022-06-30,annual
CITY OF LAKE ELSINORE,2017,2016-06-30,2017-06-30,annual
CITY OF LAKE ELSINORE,2020,2019-07-01,2020-06-30,annual
CITY OF LAKE ELSINORE,2021,2020-06-30,2021-06-30,annual
CITY OF LAKE ELSINORE,2022,2021-06-30,2022-06-30,annual
CITY OF LAKE ELSINORE,2023,2022-07-01,2023-06-30,annual
CITY OF LAKE ELSINORE,2024,2023-07-01,2024-06-30,annual
CITY OF LAKE ELSINORE,2025,2024-07-01,2025-06-30,annual
CITY OF LAKE FOREST,2017,2016-06-30,2017-06-30,annual
CITY OF LAKE FOREST,2020,2019-07-01,2020-06-30,annual
CITY OF LAKE FOREST,2021,2020-06-30,2021-06-30,annual
CITY OF LAKE FOREST,2022,2021-06-30,2022-06-30,annual
CITY OF LAKE FOREST,2023,2022-07-01,2023-06-30,annual
CITY OF LAKE FOREST,2024,2023-07-01,2024-06-30,annual
CITY OF LAKE FOREST,2025,2024-07-01,2025-06-30,annual
CITY OF LAKEPORT,2017,2016-06-30,2017-06-30,annual
CITY OF LAKEPORT,2018,2017-06-30,2018-06-30,annual
CITY OF LAKEPORT,2019,2018-06-30,2019-06-30,annual
CITY OF LAKEPORT,2020,2019-07-01,2020-06-30,annual
CITY OF LAKEPORT,2022,2021-06-30,2022-06-30,annual
CITY OF LAKEPORT,2025,2024-07-01,2025-06-30,annual
CITY OF LAKEWOOD,2016,2015-07-01,2016-06-30,annual
CITY OF LAKEWOOD,2017,2016-06-30,2017-06-30,annual
CITY OF LAKEWOOD,2018,2017-06-30,2018-06-30,annual
CITY OF LAKEWOOD,2021,2020-06-30,2021-06-30,annual
CITY OF LAKEWOOD,2022,2021-06-30,2022-06-30,annual
CITY OF LAKEWOOD,2023,2022-07-01,2023-06-30,annual
CITY OF LAKEWOOD,2024,2023-07-01,2024-06-30,annual
CITY OF LANCASTER,2016,2015-07-01,2016-06-30,annual
CITY OF LANCASTER,2017,2016-06-30,2017-06-30,annual
CITY OF LANCASTER,2018,2017-06-30,2018-06-30,annual
CITY OF LANCASTER,2019,2018-06-30,2019-06-30,annual
CITY OF LANCASTER,2020,2019-07-01,2020-06-30,annual
CITY OF LANCASTER,2021,2020-06-30,2021-06-30,annual
CITY OF LANCASTER,2022,2021-07-01,2022-06-30,annual
CITY OF LANCASTER,2023,2022-07-01,2023-06-30,annual
CITY OF LANCASTER,2024,2023-07-01,2024-06-30,annual
CITY OF LANCASTER,2025,2024-07-01,2025-06-30,annual
CITY OF LARKSPUR,2018,2017-06-30,2018-06-30,annual
CITY OF LARKSPUR,2019,2018-06-30,2019-06-30,annual
CITY OF LARKSPUR,2020,2019-07-01,2020-06-30,annual
CITY OF LARKSPUR,2021,2020-06-30,2021-06-30,annual
CITY OF LARKSPUR,2022,2021-06-30,2022-06-30,annual
CITY OF LARKSPUR,2024,2023-07-01,2024-06-30,annual
CITY OF LATHROP,2021,2020-06-30,2021-06-30,annual
CITY OF LATHROP,2022,2021-06-30,2022-06-30,annual
CITY OF LAWNDALE,2018,2017-06-30,2018-06-30,annual
CITY OF LEMON GROVE,2021,2020-06-30,2021-06-30,annual
CITY OF LEMOORE,2018,2017-06-30,2018-06-30,annual
CITY OF LEMOORE,2022,2021-06-30,2022-06-30,annual
CITY OF LEMOORE,2023,2022-07-01,2023-06-30,annual
CITY OF LINCOLN,2016,2015-07-01,2016-06-30,annual
CITY OF LINCOLN,2017,2016-06-30,2017-06-30,annual
CITY OF LINCOLN,2018,2017-06-30,2018-06-30,annual
CITY OF LINCOLN,2019,2018-06-30,2019-06-30,annual
CITY OF LINCOLN,2020,2019-07-01,2020-06-30,annual
CITY OF LINCOLN,2021,2020-06-30,2021-06-30,annual
CITY OF LINCOLN,2022,2021-06-30,2022-06-30,annual
CITY OF LINCOLN,2023,2022-07-01,2023-06-30,annual
CITY OF LINCOLN,2024,2023-07-01,2024-06-30,annual
CITY OF LINCOLN,2025,2024-07-01,2025-06-30,annual
CITY OF LINDSAY,2024,2023-07-01,2024-06-30,annual
CITY OF LIVE OAK,2016,2015-07-01,2016-06-30,annual
CITY OF LIVE OAK,2017,2016-06-30,2017-06-30,annual
CITY OF LIVE OAK,2018,2017-06-30,2018-06-30,annual
CITY OF LIVE OAK,2019,2018-06-30,2019-06-30,annual
CITY OF LIVE OAK,2020,2019-07-01,2020-06-30,annual
CITY OF LIVE OAK,2021,2020-06-30,2021-06-30,annual
CITY OF LIVE OAK,2022,2021-06-30,2022-06-30,annual
CITY OF LIVE OAK,2023,2022-07-01,2023-06-30,annual
CITY OF LIVE OAK,2024,2023-07-01,2024-06-30,annual
CITY OF LIVE OAK,2025,2024-07-01,2025-06-30,annual
CITY OF LIVERMORE,2016,2015-07-01,2016-06-30,annual
CITY OF LIVERMORE,2017,2016-06-30,2017-06-30,annual
CITY OF LIVERMORE,2018,2017-06-30,2018-06-30,annual
CITY OF LIVERMORE,2019,2018-06-30,2019-06-30,annual
CITY OF LIVERMORE,2020,2019-07-01,2020-06-30,annual
CITY OF LIVERMORE,2021,2020-06-30,2021-06-30,annual
CITY OF LIVERMORE,2022,2021-06-30,2022-06-30,annual
CITY OF LIVERMORE,2023,2022-07-01,2023-06-30,annual
CITY OF LIVERMORE,2024,2023-07-01,2024-06-30,annual
CITY OF LIVINGSTON,2016,2015-07-01,2016-06-30,annual
CITY OF LIVINGSTON,2017,2016-06-30,2017-06-30,annual
CITY OF LIVINGSTON,2019,2018-06-30,2019-06-30,annual
CITY OF LIVINGSTON,2020,2019-07-01,2020-06-30,annual
CITY OF LIVINGSTON,2022,2021-07-01,2022-06-30,annual
CITY OF LIVINGSTON,2023,2022-07-01,2023-06-30,annual
CITY OF LIVINGSTON,2024,2023-07-01,2024-06-30,annual
CITY OF LIVINGSTON,2025,2024-07-01,2025-06-30,annual
CITY OF LODI,2016,2015-07-01,2016-06-30,annual
CITY OF LODI,2017,2016-06-30,2017-06-30,annual
CITY OF LODI,2018,2017-06-30,2018-06-30,annual
CITY OF LODI,2019,2018-06-30,2019-06-30,annual
CITY OF LODI,2020,2019-07-01,2020-06-30,annual
CITY OF LODI,2021,2020-06-30,2021-06-30,annual
CITY OF LODI,2022,2021-06-30,2022-06-30,annual
CITY OF LOMA LINDA,2021,2020-06-30,2021-06-30,annual
CITY OF LOMA LINDA,2022,2021-06-30,2022-06-30,annual
CITY OF LOMITA,2021,2020-06-30,2021-06-30,annual
CITY OF LOMITA,2022,2021-06-30,2022-06-30,annual
CITY OF LOMITA,2025,2024-07-01,2025-06-30,annual
CITY OF LOMPOC,2016,2015-07-01,2016-06-30,annual
CITY OF LOMPOC,2017,2016-06-30,2017-06-30,annual
CITY OF LOMPOC,2018,2017-06-30,2018-06-30,annual
CITY OF LOMPOC,2019,2018-06-30,2019-06-30,annual
CITY OF LOMPOC,2020,2019-07-01,2020-06-30,annual
CITY OF LOMPOC,2021,2020-06-30,2021-06-30,annual
CITY OF LOMPOC,2022,2021-06-30,2022-06-30,annual
CITY OF LOMPOC,2023,2022-07-01,2023-06-30,annual
CITY OF LOMPOC,2024,2023-07-01,2024-06-30,annual
CITY OF LOMPOC,2025,2024-07-01,2025-06-30,annual
CITY OF LONG BEACH,2017,2016-09-30,2017-09-30,annual
CITY OF LONG BEACH,2018,2017-09-30,2018-09-30,annual
CITY OF LONG BEACH,2019,2018-09-30,2019-09-30,annual
CITY OF LONG BEACH,2020,2019-10-01,2020-09-30,annual
CITY OF LONG BEACH,2021,2020-10-01,2021-09-30,annual
CITY OF LONG BEACH,2022,2021-09-30,2022-09-30,annual
CITY OF LONG BEACH,2023,2022-10-01,2023-09-30,annual
CITY OF LONG BEACH,2024,2023-10-01,2024-09-30,annual
CITY OF LONG BEACH,2025,2024-10-01,2025-09-30,annual
CITY OF LOS ALAMITOS,2022,2021-06-30,2022-06-30,annual
CITY OF LOS ALTOS,2016,2015-07-01,2016-06-30,annual
CITY OF LOS ALTOS,2017,2016-06-30,2017-06-30,annual
CITY OF LOS ALTOS,2022,2021-06-30,2022-06-30,annual
CITY OF LOS ANGELES,2016,2015-07-01,2016-06-30,annual
CITY OF LOS ANGELES,2017,2016-06-30,2017-06-30,annual
CITY OF LOS ANGELES,2018,2017-06-30,2018-06-30,annual
CITY OF LOS ANGELES,2019,2018-06-30,2019-06-30,annual
CITY OF LOS ANGELES,2020,2019-07-01,2020-06-30,annual
CITY OF LOS ANGELES,2021,2020-06-30,2021-06-30,annual
CITY OF LOS ANGELES,2022,2021-06-30,2022-06-30,annual
CITY OF LOS ANGELES,2023,2022-07-01,2023-06-30,annual
CITY OF LOS ANGELES,2024,2023-07-01,2024-06-30,annual
CITY OF LOS ANGELES,2025,2024-07-01,2025-06-30,annual
CITY OF LOS BANOS,2022,2021-06-30,2022-06-30,annual
CITY OF LOS BANOS,2024,2023-07-01,2024-06-30,annual
CITY OF LYNWOOD,2017,2016-06-30,2017-06-30,annual
CITY OF LYNWOOD,2018,2017-06-30,2018-06-30,annual
CITY OF LYNWOOD,2019,2018-06-30,2019-06-30,annual
CITY OF LYNWOOD,2020,2019-07-01,2020-06-30,annual
CITY OF LYNWOOD,2021,2020-06-30,2021-06-30,annual
CITY OF LYNWOOD,2022,2021-06-30,2022-06-30,annual
CITY OF LYNWOOD,2023,2022-07-01,2023-06-30,annual
CITY OF LYNWOOD,2024,2023-07-01,2024-06-30,annual
CITY OF LYNWOOD,2025,2024-07-01,2025-06-30,annual
CITY OF MADERA,2016,2015-07-01,2016-06-30,annual
CITY OF MADERA,2017,2016-06-30,2017-06-30,annual
CITY OF MADERA,2018,2017-06-30,2018-06-30,annual
CITY OF MADERA,2019,2018-06-30,2019-06-30,annual
CITY OF MADERA,2020,2019-07-01,2020-06-30,annual
CITY OF MADERA,2021,2020-06-30,2021-06-30,annual
CITY OF MADERA,2022,2021-06-30,2022-06-30,annual
CITY OF MADERA,2023,2022-07-01,2023-06-30,annual
CITY OF MADERA,2024,2023-07-01,2024-06-30,annual
CITY OF MADERA,2025,2024-07-01,2025-06-30,annual
CITY OF MALIBU,2017,2016-06-30,2017-06-30,annual
CITY OF MALIBU,2020,2019-07-01,2020-06-30,annual
CITY OF MALIBU,2021,2020-06-30,2021-06-30,annual
CITY OF MALIBU,2023,2022-07-01,2023-06-30,annual
CITY OF MALIBU,2025,2024-07-01,2025-06-30,annual
CITY OF MANHATTAN BEACH,2017,2016-06-30,2017-06-30,annual
CITY OF MANHATTAN BEACH,2019,2018-06-30,2019-06-30,annual
CITY OF MANHATTAN BEACH,2021,2020-06-30,2021-06-30,annual
CITY OF MANHATTAN BEACH,2022,2021-06-30,2022-06-30,annual
CITY OF MANHATTAN BEACH,2023,2022-07-01,2023-06-30,annual
CITY OF MANHATTAN BEACH,2025,2024-07-01,2025-06-30,annual
CITY OF MANTE,2016,2015-07-01,2016-06-30,annual
CITY OF MANTE,2017,2016-06-30,2017-06-30,annual
CITY OF MANTE,2018,2017-06-30,2018-06-30,annual
CITY OF MANTE,2019,2018-06-30,2019-06-30,annual
CITY OF MANTE,2020,2019-07-01,2020-06-30,annual
CITY OF MANTE,2021,2020-07-01,2021-06-30,annual
CITY OF MANTE,2022,2021-07-01,2022-06-30,annual
CITY OF MANTE,2023,2022-07-01,2023-06-30,annual
CITY OF MANTE,2024,2023-07-01,2024-06-30,annual
CITY OF MANTE,2025,2024-07-01,2025-06-30,annual
CITY OF MARICOPA,2017,2016-06-30,2017-06-30,annual
CITY OF MARINA,2017,2016-06-30,2017-06-30,annual
CITY OF MARINA,2018,2017-06-30,2018-06-30,annual
CITY OF MARINA,2019,2018-06-30,2019-06-30,annual
CITY OF MARINA,2020,2019-07-01,2020-06-30,annual
CITY OF MARINA,2022,2021-06-30,2022-06-30,annual
CITY OF MARINA,2023,2022-07-01,2023-06-30,annual
CITY OF MARTINEZ,2025,2024-07-01,2025-06-30,annual
CITY OF MARYSVILLE,2019,2018-06-30,2019-06-30,annual
CITY OF MARYSVILLE,2021,2020-06-30,2021-06-30,annual
CITY OF MARYSVILLE,2022,2021-06-30,2022-06-30,annual
CITY OF MARYSVILLE,2023,2022-07-01,2023-06-30,annual
CITY OF MAYWOOD,2019,2018-06-30,2019-06-30,annual
CITY OF MCFARLAND,2016,2015-07-01,2016-06-30,annual
CITY OF MCFARLAND,2017,2016-06-30,2017-06-30,annual
CITY OF MCFARLAND,2018,2017-06-30,2018-06-30,annual
CITY OF MCFARLAND,2019,2018-06-30,2019-06-30,annual
CITY OF MCFARLAND,2020,2019-07-01,2020-06-30,annual
CITY OF MCFARLAND,2021,2020-06-30,2021-06-30,annual
CITY OF MCFARLAND,2022,2021-06-30,2022-06-30,annual
CITY OF MCFARLAND,2023,2022-07-01,2023-06-30,annual
CITY OF MCFARLAND,2024,2023-07-01,2024-06-30,annual
CITY OF MCFARLAND,2025,2024-07-01,2025-06-30,annual
CITY OF MENDOTA,2021,2020-06-30,2021-06-30,annual
CITY OF MENDOTA,2022,2021-06-30,2022-06-30,annual
CITY OF MENDOTA,2023,2022-07-01,2023-06-30,annual
CITY OF MENDOTA,2025,2024-07-01,2025-06-30,annual
CITY OF MENIFEE,2017,2016-06-30,2017-06-30,annual
CITY OF MENIFEE,2019,2018-06-30,2019-06-30,annual
CITY OF MENIFEE,2020,2019-07-01,2020-06-30,annual
CITY OF MENIFEE,2021,2020-06-30,2021-06-30,annual
CITY OF MENIFEE,2022,2021-06-30,2022-06-30,annual
CITY OF MENIFEE,2024,2023-07-01,2024-06-30,annual
CITY OF MENIFEE,2025,2024-07-01,2025-06-30,annual
CITY OF MENLO PARK,2017,2016-06-30,2017-06-30,annual
CITY OF MENLO PARK,2021,2020-06-30,2021-06-30,annual
CITY OF MENLO PARK,2022,2021-06-30,2022-06-30,annual
CITY OF MENLO PARK,2024,2023-07-01,2024-06-30,annual
CITY OF MENLO PARK,2025,2024-07-01,2025-06-30,annual
CITY OF MERCED,2016,2015-07-01,2016-06-30,annual
CITY OF MERCED,2017,2016-06-30,2017-06-30,annual
CITY OF MERCED,2018,2017-06-30,2018-06-30,annual
CITY OF MERCED,2019,2018-06-30,2019-06-30,annual
CITY OF MERCED,2020,2019-07-01,2020-06-30,annual
CITY OF MERCED,2021,2020-06-30,2021-06-30,annual
CITY OF MERCED,2022,2021-06-30,2022-06-30,annual
CITY OF MERCED,2023,2022-07-01,2023-06-30,annual
CITY OF MERCED,2024,2023-07-01,2024-06-30,annual
CITY OF MERCED,2025,2024-07-01,2025-06-30,annual
CITY OF MILLBRAE,2021,2020-06-30,2021-06-30,annual
CITY OF MILLBRAE,2022,2021-06-30,2022-06-30,annual
CITY OF MILPITAS,2016,2015-07-01,2016-06-30,annual
CITY OF MILPITAS,2019,2018-06-30,2019-06-30,annual
CITY OF MILPITAS,2020,2019-07-01,2020-06-30,annual
CITY OF MILPITAS,2021,2020-06-30,2021-06-30,annual
CITY OF MILPITAS,2022,2021-06-30,2022-06-30,annual
CITY OF MILPITAS,2023,2022-07-01,2023-06-30,annual
CITY OF MILPITAS,2024,2023-07-01,2024-06-30,annual
CITY OF MILPITAS,2025,2024-07-01,2025-06-30,annual
CITY OF MISSION VIEJO,2017,2016-06-30,2017-06-30,annual
CITY OF MISSION VIEJO,2018,2017-06-30,2018-06-30,annual
CITY OF MISSION VIEJO,2020,2019-07-01,2020-06-30,annual
CITY OF MISSION VIEJO,2021,2020-06-30,2021-06-30,annual
CITY OF MISSION VIEJO,2022,2021-06-30,2022-06-30,annual
CITY OF MISSION VIEJO,2023,2022-07-01,2023-06-30,annual
CITY OF MISSION VIEJO,2024,2023-07-01,2024-06-30,annual
CITY OF MISSION VIEJO,2025,2024-07-01,2025-06-30,annual
CITY OF MODESTO,2016,2015-07-01,2016-06-30,annual
CITY OF MODESTO,2017,2016-06-30,2017-06-30,annual
CITY OF MODESTO,2018,2017-06-30,2018-06-30,annual
CITY OF MODESTO,2019,2018-06-30,2019-06-30,annual
CITY OF MODESTO,2020,2019-07-01,2020-06-30,annual
CITY OF MODESTO,2021,2020-06-30,2021-06-30,annual
CITY OF MODESTO,2022,2021-06-30,2022-06-30,annual
CITY OF MODESTO,2023,2022-07-01,2023-06-30,annual
CITY OF MODESTO,2024,2023-07-01,2024-06-30,annual
CITY OF MODESTO,2025,2024-07-01,2025-06-30,annual
CITY OF MONROVIA,2016,2015-07-01,2016-06-30,annual
CITY OF MONROVIA,2017,2016-06-30,2017-06-30,annual
CITY OF MONROVIA,2018,2017-06-30,2018-06-30,annual
CITY OF MONROVIA,2019,2018-06-30,2019-06-30,annual
CITY OF MONROVIA,2020,2019-07-01,2020-06-30,annual
CITY OF MONROVIA,2021,2020-06-30,2021-06-30,annual
CITY OF MONROVIA,2022,2021-06-30,2022-06-30,annual
CITY OF MONROVIA,2023,2022-07-01,2023-06-30,annual
CITY OF MONROVIA,2024,2023-07-01,2024-06-30,annual
CITY OF MONROVIA,2025,2024-07-01,2025-06-30,annual
CITY OF MONTCLAIR,2016,2015-07-01,2016-06-30,annual
CITY OF MONTCLAIR,2021,2020-06-30,2021-06-30,annual
CITY OF MONTCLAIR,2022,2021-06-30,2022-06-30,annual
CITY OF MONTCLAIR,2023,2022-07-01,2023-06-30,annual
CITY OF MONTCLAIR,2024,2023-07-01,2024-06-30,annual
CITY OF MONTEBELLO,2016,2015-07-01,2016-06-30,annual
CITY OF MONTEBELLO,2017,2016-06-30,2017-06-30,annual
CITY OF MONTEBELLO,2018,2017-06-30,2018-06-30,annual
CITY OF MONTEBELLO,2019,2018-06-30,2019-06-30,annual
CITY OF MONTEBELLO,2020,2019-07-01,2020-06-30,annual
CITY OF MONTEBELLO,2021,2020-06-30,2021-06-30,annual
CITY OF MONTEBELLO,2022,2021-06-30,2022-06-30,annual
CITY OF MONTEBELLO,2023,2022-07-01,2023-06-30,annual
CITY OF MONTEBELLO,2024,2023-07-01,2024-06-30,annual
CITY OF MONTEREY,2016,2015-07-01,2016-06-30,annual
CITY OF MONTEREY,2017,2016-06-30,2017-06-30,annual
CITY OF MONTEREY,2018,2017-06-30,2018-06-30,annual
CITY OF MONTEREY,2019,2018-06-30,2019-06-30,annual
CITY OF MONTEREY,2020,2019-07-01,2020-06-30,annual
CITY OF MONTEREY,2021,2020-06-30,2021-06-30,annual
CITY OF MONTEREY,2022,2021-06-30,2022-06-30,annual
CITY OF MONTEREY,2023,2022-07-01,2023-06-30,annual
CITY OF MONTEREY,2024,2023-07-01,2024-06-30,annual
CITY OF MONTEREY,2025,2024-07-01,2025-06-30,annual
CITY OF MONTEREY PARK,2016,2015-07-01,2016-06-30,annual
CITY OF MONTEREY PARK,2017,2016-06-30,2017-06-30,annual
CITY OF MONTEREY PARK,2018,2017-06-30,2018-06-30,annual
CITY OF MONTEREY PARK,2019,2018-06-30,2019-06-30,annual
CITY OF MONTEREY PARK,2020,2019-07-01,2020-06-30,annual
CITY OF MONTEREY PARK,2021,2020-06-30,2021-06-30,annual
CITY OF MONTEREY PARK,2022,2021-06-30,2022-06-30,annual
CITY OF MONTEREY PARK,2023,2022-07-01,2023-06-30,annual
CITY OF MONTEREY PARK,2024,2023-07-01,2024-06-30,annual
CITY OF MONTEREY PARK,2025,2024-07-01,2025-06-30,annual
CITY OF MOORPARK,2017,2016-06-30,2017-06-30,annual
CITY OF MOORPARK,2018,2017-06-30,2018-06-30,annual
CITY OF MOORPARK,2020,2019-07-01,2020-06-30,annual
CITY OF MOORPARK,2021,2020-06-30,2021-06-30,annual
CITY OF MOORPARK,2022,2021-06-30,2022-06-30,annual
CITY OF MOORPARK,2024,2023-07-01,2024-06-30,annual
CITY OF MORENO VALLEY,2016,2015-07-01,2016-06-30,annual
CITY OF MORENO VALLEY,2017,2016-06-30,2017-06-30,annual
CITY OF MORENO VALLEY,2018,2017-06-30,2018-06-30,annual
CITY OF MORENO VALLEY,2019,2018-06-30,2019-06-30,annual
CITY OF MORENO VALLEY,2020,2019-07-01,2020-06-30,annual
CITY OF MORENO VALLEY,2021,2020-06-30,2021-06-30,annual
CITY OF MORENO VALLEY,2022,2021-07-01,2022-06-30,annual
CITY OF MORENO VALLEY,2023,2022-07-01,2023-06-30,annual
CITY OF MORENO VALLEY,2024,2023-07-01,2024-06-30,annual
CITY OF MORENO VALLEY,2025,2024-07-01,2025-06-30,annual
CITY OF MORGAN HILL,2017,2016-06-30,2017-06-30,annual
CITY OF MORGAN HILL,2018,2017-06-30,2018-06-30,annual
CITY OF MORGAN HILL,2019,2018-06-30,2019-06-30,annual
CITY OF MORGAN HILL,2021,2020-06-30,2021-06-30,annual
CITY OF MORGAN HILL,2022,2021-06-30,2022-06-30,annual
CITY OF MORGAN HILL,2023,2022-07-01,2023-06-30,annual
CITY OF MORRO BAY,2020,2019-07-01,2020-06-30,annual
CITY OF MORRO BAY,2021,2020-06-30,2021-06-30,annual
CITY OF MORRO BAY,2022,2021-06-30,2022-06-30,annual
CITY OF MORRO BAY,2023,2022-07-01,2023-06-30,annual
CITY OF MORRO BAY,2024,2023-07-01,2024-06-30,annual
CITY OF MOUNT SHASTA,2017,2016-06-30,2017-06-30,annual
CITY OF MOUNT SHASTA,2020,2019-07-01,2020-06-30,annual
CITY OF MOUNT SHASTA,2022,2021-06-30,2022-06-30,annual
CITY OF MOUNTAIN VIEW,2016,2015-07-01,2016-06-30,annual
CITY OF MOUNTAIN VIEW,2017,2016-06-30,2017-06-30,annual
CITY OF MOUNTAIN VIEW,2018,2017-06-30,2018-06-30,annual
CITY OF MOUNTAIN VIEW,2019,2018-06-30,2019-06-30,annual
CITY OF MOUNTAIN VIEW,2020,2019-07-01,2020-06-30,annual
CITY OF MOUNTAIN VIEW,2021,2020-06-30,2021-06-30,annual
CITY OF MOUNTAIN VIEW,2022,2021-06-30,2022-06-30,annual
CITY OF MOUNTAIN VIEW,2023,2022-07-01,2023-06-30,annual
CITY OF MOUNTAIN VIEW,2025,2024-07-01,2025-06-30,annual
CITY OF MT SHASTA,2023,2022-07-01,2023-06-30,annual
CITY OF MT SHASTA,2024,2023-07-01,2024-06-30,annual
CITY OF MURRIETA,2016,2015-07-01,2016-06-30,annual
CITY OF MURRIETA,2017,2016-06-30,2017-06-30,annual
CITY OF MURRIETA,2018,2017-06-30,2018-06-30,annual
CITY OF MURRIETA,2019,2018-06-30,2019-06-30,annual
CITY OF MURRIETA,2020,2019-07-01,2020-06-30,annual
CITY OF MURRIETA,2021,2020-06-30,2021-06-30,annual
CITY OF MURRIETA,2022,2021-06-30,2022-06-30,annual
CITY OF MURRIETA,2023,2022-07-01,2023-06-30,annual
CITY OF MURRIETA,2024,2023-07-01,2024-06-30,annual
CITY OF MURRIETA,2025,2024-07-01,2025-06-30,annual
CITY OF NAPA,2016,2015-07-01,2016-06-30,annual
CITY OF NAPA,2017,2016-06-30,2017-06-30,annual
CITY OF NAPA,2018,2017-06-30,2018-06-30,annual
CITY OF NAPA,2019,2018-06-30,2019-06-30,annual
CITY OF NAPA,2020,2019-07-01,2020-06-30,annual
CITY OF NAPA,2021,2020-06-30,2021-06-30,annual
CITY OF NAPA,2022,2021-06-30,2022-06-30,annual
CITY OF NAPA,2023,2022-07-01,2023-06-30,annual
CITY OF NAPA,2024,2023-07-01,2024-06-30,annual
CITY OF NAPA,2025,2024-07-01,2025-06-30,annual
CITY OF NATIONAL CITY,2016,2015-07-01,2016-06-30,annual
CITY OF NATIONAL CITY,2017,2016-06-30,2017-06-30,annual
CITY OF NATIONAL CITY,2019,2018-06-30,2019-06-30,annual
CITY OF NATIONAL CITY,2020,2019-07-01,2020-06-30,annual
CITY OF NATIONAL CITY,2021,2020-06-30,2021-06-30,annual
CITY OF NATIONAL CITY,2022,2021-06-30,2022-06-30,annual
CITY OF NATIONAL CITY,2023,2022-07-01,2023-06-30,annual
CITY OF NATIONAL CITY,2024,2023-07-01,2024-06-30,annual
CITY OF NEEDLES,2018,2017-06-30,2018-06-30,annual
CITY OF NEEDLES,2023,2022-07-01,2023-06-30,annual
CITY OF NEVADA CITY,2024,2023-07-01,2024-06-30,annual
CITY OF NEWARK,2022,2021-06-30,2022-06-30,annual
CITY OF NEWARK,2023,2022-07-01,2023-06-30,annual
CITY OF NEWARK,2024,2023-07-01,2024-06-30,annual
CITY OF NEWARK,2025,2024-07-01,2025-06-30,annual
CITY OF NEWMAN,2022,2021-06-30,2022-06-30,annual
CITY OF NEWMAN,2024,2023-07-01,2024-06-30,annual
CITY OF NEWPORT BEACH,2016,2015-07-01,2016-06-30,annual
CITY OF NEWPORT BEACH,2017,2016-06-30,2017-06-30,annual
CITY OF NEWPORT BEACH,2018,2017-06-30,2018-06-30,annual
CITY OF NEWPORT BEACH,2019,2018-06-30,2019-06-30,annual
CITY OF NEWPORT BEACH,2020,2019-07-01,2020-06-30,annual
CITY OF NEWPORT BEACH,2021,2020-06-30,2021-06-30,annual
CITY OF NEWPORT BEACH,2022,2021-06-30,2022-06-30,annual
CITY OF NEWPORT BEACH,2023,2022-07-01,2023-06-30,annual
CITY OF NEWPORT BEACH,2024,2023-07-01,2024-06-30,annual
CITY OF NEWPORT BEACH,2025,2024-07-01,2025-06-30,annual
CITY OF NORCO,2022,2021-06-30,2022-06-30,annual
CITY OF NORCO,2023,2022-07-01,2023-06-30,annual
CITY OF NORCO,2025,2024-07-01,2025-06-30,annual
CITY OF NORWALK,2016,2015-07-01,2016-06-30,annual
CITY OF NORWALK,2017,2016-06-30,2017-06-30,annual
CITY OF NORWALK,2018,2017-06-30,2018-06-30,annual
CITY OF NORWALK,2019,2018-06-30,2019-06-30,annual
CITY OF NORWALK,2020,2019-07-01,2020-06-30,annual
CITY OF NORWALK,2021,2020-06-30,2021-06-30,annual
CITY OF NORWALK,2022,2021-06-30,2022-06-30,annual
CITY OF NORWALK,2023,2022-07-01,2023-06-30,annual
CITY OF NORWALK,2024,2023-07-01,2024-06-30,annual
CITY OF NORWALK,2025,2024-07-01,2025-06-30,annual
CITY OF NOVATO,2017,2016-06-30,2017-06-30,annual
CITY OF NOVATO,2019,2018-06-30,2019-06-30,annual
CITY OF NOVATO,2020,2019-07-01,2020-06-30,annual
CITY OF NOVATO,2021,2020-07-01,2021-06-30,annual
CITY OF NOVATO,2022,2021-07-01,2022-06-30,annual
CITY OF NOVATO,2023,2022-07-01,2023-06-30,annual
CITY OF NOVATO,2024,2023-07-01,2024-06-30,annual
CITY OF NOVATO,2025,2024-07-01,2025-06-30,annual
CITY OF OAKDALE,2016,2015-07-01,2016-06-30,annual
CITY OF OAKDALE,2018,2017-06-30,2018-06-30,annual
CITY OF OAKDALE,2019,2018-06-30,2019-06-30,annual
CITY OF OAKDALE,2021,2020-06-30,2021-06-30,annual
CITY OF OAKDALE,2022,2021-06-30,2022-06-30,annual
CITY OF OAKDALE,2024,2023-07-01,2024-06-30,annual
CITY OF OAKLAND,2016,2015-07-01,2016-06-30,annual
CITY OF OAKLAND,2017,2016-06-30,2017-06-30,annual
CITY OF OAKLAND,2018,2017-06-30,2018-06-30,annual
CITY OF OAKLAND,2019,2018-06-30,2019-06-30,annual
CITY OF OAKLAND,2020,2019-07-01,2020-06-30,annual
CITY OF OAKLAND,2021,2020-06-30,2021-06-30,annual
CITY OF OAKLAND,2022,2021-06-30,2022-06-30,annual
CITY OF OAKLAND,2023,2022-07-01,2023-06-30,annual
CITY OF OAKLAND,2024,2023-07-01,2024-06-30,annual
CITY OF OAKLAND,2025,2024-07-01,2025-06-30,annual
CITY OF OAKLEY,2016,2015-07-01,2016-06-30,annual
CITY OF OAKLEY,2018,2017-06-30,2018-06-30,annual
CITY OF OAKLEY,2021,2020-06-30,2021-06-30,annual
CITY OF OAKLEY,2024,2023-07-01,2024-06-30,annual
CITY OF OAKLEY,2025,2024-07-01,2025-06-30,annual
CITY OF OCEANSIDE,2016,2015-07-01,2016-06-30,annual
CITY OF OCEANSIDE,2017,2016-06-30,2017-06-30,annual
CITY OF OCEANSIDE,2018,2017-06-30,2018-06-30,annual
CITY OF OCEANSIDE,2019,2018-06-30,2019-06-30,annual
CITY OF OCEANSIDE,2020,2019-07-01,2020-06-30,annual
CITY OF OCEANSIDE,2021,2020-06-30,2021-06-30,annual
CITY OF OCEANSIDE,2022,2021-06-30,2022-06-30,annual
CITY OF OCEANSIDE,2023,2022-07-01,2023-06-30,annual
CITY OF OCEANSIDE,2024,2023-07-01,2024-06-30,annual
CITY OF OCEANSIDE,2025,2024-07-01,2025-06-30,annual
CITY OF OJAI,2021,2020-06-30,2021-06-30,annual
CITY OF OJAI,2022,2021-06-30,2022-06-30,annual
CITY OF OJAI,2023,2022-07-01,2023-06-30,annual
CITY OF ONTARIO,2016,2015-07-01,2016-06-30,annual
CITY OF ONTARIO,2017,2016-06-30,2017-06-30,annual
CITY OF ONTARIO,2018,2017-06-30,2018-06-30,annual
CITY OF ONTARIO,2019,2018-06-30,2019-06-30,annual
CITY OF ONTARIO,2020,2019-07-01,2020-06-30,annual
CITY OF ONTARIO,2021,2020-06-30,2021-06-30,annual
CITY OF ONTARIO,2022,2021-06-30,2022-06-30,annual
CITY OF ONTARIO,2024,2023-07-01,2024-06-30,annual
CITY OF ONTARIO,2025,2024-07-01,2025-06-30,annual
CITY OF ORANGE,2016,2015-07-01,2016-06-30,annual
CITY OF ORANGE,2017,2016-06-30,2017-06-30,annual
CITY OF ORANGE,2018,2017-06-30,2018-06-30,annual
CITY OF ORANGE,2019,2018-06-30,2019-06-30,annual
CITY OF ORANGE,2020,2019-07-01,2020-06-30,annual
CITY OF ORANGE,2021,2020-06-30,2021-06-30,annual
CITY OF ORANGE,2022,2021-06-30,2022-06-30,annual
CITY OF ORANGE,2023,2022-07-01,2023-06-30,annual
CITY OF ORANGE,2024,2023-07-01,2024-06-30,annual
CITY OF ORANGE,2025,2024-07-01,2025-06-30,annual
CITY OF ORANGE COVE,2016,2015-07-01,2016-06-30,annual
CITY OF ORANGE COVE,2017,2016-06-30,2017-06-30,annual
CITY OF ORANGE COVE,2022,2021-07-01,2022-06-30,annual
CITY OF ORANGE COVE,2023,2022-07-01,2023-06-30,annual
CITY OF ORINDA,2017,2016-06-30,2017-06-30,annual
CITY OF ORINDA,2020,2019-07-01,2020-06-30,annual
CITY OF ORINDA,2024,2023-07-01,2024-06-30,annual
CITY OF ORLAND,2023,2022-07-01,2023-06-30,annual
CITY OF ORLAND,2024,2023-07-01,2024-06-30,annual
CITY OF OROVILLE,2016,2015-07-01,2016-06-30,annual
CITY OF OROVILLE,2017,2016-06-30,2017-06-30,annual
CITY OF OROVILLE,2018,2017-06-30,2018-06-30,annual
CITY OF OROVILLE,2019,2018-06-30,2019-06-30,annual
CITY OF OROVILLE,2020,2019-07-01,2020-06-30,annual
CITY OF OROVILLE,2021,2020-06-30,2021-06-30,annual
CITY OF OROVILLE,2022,2021-06-30,2022-06-30,annual
CITY OF OROVILLE,2023,2022-07-01,2023-06-30,annual
CITY OF OROVILLE,2024,2023-07-01,2024-06-30,annual
CITY OF OXNARD,2016,2015-07-01,2016-06-30,annual
CITY OF OXNARD,2017,2016-06-30,2017-06-30,annual
CITY OF OXNARD,2018,2017-06-30,2018-06-30,annual
CITY OF OXNARD,2019,2018-06-30,2019-06-30,annual
CITY OF OXNARD,2020,2019-07-01,2020-06-30,annual
CITY OF OXNARD,2021,2020-06-30,2021-06-30,annual
CITY OF OXNARD,2022,2021-06-30,2022-06-30,annual
CITY OF OXNARD,2023,2022-07-01,2023-06-30,annual
CITY OF OXNARD,2024,2023-07-01,2024-06-30,annual
CITY OF OXNARD,2025,2024-07-01,2025-06-30,annual
CITY OF PACIFI,2018,2017-06-30,2018-06-30,annual
CITY OF PACIFI,2019,2018-06-30,2019-06-30,annual
CITY OF PACIFI,2021,2020-06-30,2021-06-30,annual
CITY OF PACIFI,2022,2021-06-30,2022-06-30,annual
CITY OF PACIFI,2023,2022-07-01,2023-06-30,annual
CITY OF PACIFI,2024,2023-07-01,2024-06-30,annual
CITY OF PACIFIC GROVE,2022,2021-06-30,2022-06-30,annual
CITY OF PACIFIC GROVE,2023,2022-07-01,2023-06-30,annual
CITY OF PACIFIC GROVE,2025,2024-07-01,2025-06-30,annual
CITY OF PALM DESERT,2021,2020-06-30,2021-06-30,annual
CITY OF PALM DESERT,2022,2021-06-30,2022-06-30,annual
CITY OF PALM DESERT,2024,2023-07-01,2024-06-30,annual
CITY OF PALM DESERT,2025,2024-07-01,2025-06-30,annual
CITY OF PALM SPRINGS,2016,2015-07-01,2016-06-30,annual
CITY OF PALM SPRINGS,2017,2016-06-30,2017-06-30,annual
CITY OF PALM SPRINGS,2018,2017-06-30,2018-06-30,annual
CITY OF PALM SPRINGS,2019,2018-06-30,2019-06-30,annual
CITY OF PALM SPRINGS,2020,2019-07-01,2020-06-30,annual
CITY OF PALM SPRINGS,2021,2020-06-30,2021-06-30,annual
CITY OF PALM SPRINGS,2022,2021-06-30,2022-06-30,annual
CITY OF PALM SPRINGS,2023,2022-07-01,2023-06-30,annual
CITY OF PALM SPRINGS,2025,2024-07-01,2025-06-30,annual
CITY OF PALMDALE,2016,2015-07-01,2016-06-30,annual
CITY OF PALMDALE,2017,2016-06-30,2017-06-30,annual
CITY OF PALMDALE,2018,2017-06-30,2018-06-30,annual
CITY OF PALMDALE,2020,2019-07-01,2020-06-30,annual
CITY OF PALMDALE,2021,2020-06-30,2021-06-30,annual
CITY OF PALMDALE,2022,2021-06-30,2022-06-30,annual
CITY OF PALMDALE,2023,2022-07-01,2023-06-30,annual
CITY OF PALMDALE,2024,2023-07-01,2024-06-30,annual
CITY OF PALO ALTO,2016,2015-07-01,2016-06-30,annual
CITY OF PALO ALTO,2017,2016-06-30,2017-06-30,annual
CITY OF PALO ALTO,2018,2017-06-30,2018-06-30,annual
CITY OF PALO ALTO,2019,2018-06-30,2019-06-30,annual
CITY OF PALO ALTO,2020,2019-07-01,2020-06-30,annual
CITY OF PALO ALTO,2021,2020-06-30,2021-06-30,annual
CITY OF PALO ALTO,2022,2021-06-30,2022-06-30,annual
CITY OF PALO ALTO,2023,2022-07-01,2023-06-30,annual
CITY OF PALO ALTO,2024,2023-07-01,2024-06-30,annual
CITY OF PALO ALTO,2025,2024-07-01,2025-06-30,annual
CITY OF PARAMOUNT,2016,2015-07-01,2016-06-30,annual
CITY OF PARAMOUNT,2018,2017-06-30,2018-06-30,annual
CITY OF PARAMOUNT,2019,2018-06-30,2019-06-30,annual
CITY OF PARAMOUNT,2020,2019-07-01,2020-06-30,annual
CITY OF PARAMOUNT,2021,2020-06-30,2021-06-30,annual
CITY OF PARAMOUNT,2022,2021-06-30,2022-06-30,annual
CITY OF PARAMOUNT,2023,2022-07-01,2023-06-30,annual
CITY OF PARAMOUNT,2024,2023-07-01,2024-06-30,annual
CITY OF PARAMOUNT,2025,2024-07-01,2025-06-30,annual
CITY OF PARLIER,2016,2015-07-01,2016-06-30,annual
CITY OF PARLIER,2018,2017-06-30,2018-06-30,annual
CITY OF PARLIER,2019,2018-06-30,2019-06-30,annual
CITY OF PARLIER,2020,2019-07-01,2020-06-30,annual
CITY OF PARLIER,2021,2020-06-30,2021-06-30,annual
CITY OF PARLIER,2022,2021-07-01,2022-06-30,annual
CITY OF PARLIER,2023,2022-07-01,2023-06-30,annual
CITY OF PASADENA,2016,2015-07-01,2016-06-30,annual
CITY OF PASADENA,2017,2016-06-30,2017-06-30,annual
CITY OF PASADENA,2018,2017-06-30,2018-06-30,annual
CITY OF PASADENA,2019,2018-06-30,2019-06-30,annual
CITY OF PASADENA,2020,2019-07-01,2020-06-30,annual
CITY OF PASADENA,2021,2020-06-30,2021-06-30,annual
CITY OF PASADENA,2022,2021-06-30,2022-06-30,annual
CITY OF PASADENA,2023,2022-07-01,2023-06-30,annual
CITY OF PASADENA,2024,2023-07-01,2024-06-30,annual
CITY OF PASADENA,2025,2024-07-01,2025-06-30,annual
CITY OF PATTERSON,2016,2015-07-01,2016-06-30,annual
CITY OF PATTERSON,2017,2016-06-30,2017-06-30,annual
CITY OF PATTERSON,2018,2017-06-30,2018-06-30,annual
CITY OF PATTERSON,2019,2018-06-30,2019-06-30,annual
CITY OF PATTERSON,2020,2019-07-01,2020-06-30,annual
CITY OF PATTERSON,2021,2020-06-30,2021-06-30,annual
CITY OF PATTERSON,2022,2021-06-30,2022-06-30,annual
CITY OF PATTERSON,2023,2022-07-01,2023-06-30,annual
CITY OF PATTERSON,2024,2023-07-01,2024-06-30,annual
CITY OF PATTERSON,2025,2024-07-01,2025-06-30,annual
CITY OF PERRIS,2016,2015-07-01,2016-06-30,annual
CITY OF PERRIS,2017,2016-06-30,2017-06-30,annual
CITY OF PERRIS,2018,2017-06-30,2018-06-30,annual
CITY OF PERRIS,2019,2018-06-30,2019-06-30,annual
CITY OF PERRIS,2020,2019-07-01,2020-06-30,annual
CITY OF PERRIS,2021,2020-06-30,2021-06-30,annual
CITY OF PERRIS,2022,2021-07-01,2022-06-30,annual
CITY OF PERRIS,2023,2022-07-01,2023-06-30,annual
CITY OF PERRIS,2024,2023-07-01,2024-06-30,annual
CITY OF PERRIS,2025,2024-07-01,2025-06-30,annual
CITY OF PETALUMA,2016,2015-07-01,2016-06-30,annual
CITY OF PETALUMA,2017,2016-06-30,2017-06-30,annual
CITY OF PETALUMA,2018,2017-06-30,2018-06-30,annual
CITY OF PETALUMA,2019,2018-06-30,2019-06-30,annual
CITY OF PETALUMA,2020,2019-07-01,2020-06-30,annual
CITY OF PETALUMA,2021,2020-06-30,2021-06-30,annual
CITY OF PETALUMA,2022,2021-06-30,2022-06-30,annual
CITY OF PETALUMA,2024,2023-07-01,2024-06-30,annual
CITY OF PICO RIVERA,2016,2015-07-01,2016-06-30,annual
CITY OF PICO RIVERA,2017,2016-06-30,2017-06-30,annual
CITY OF PICO RIVERA,2018,2017-06-30,2018-06-30,annual
CITY OF PICO RIVERA,2019,2018-06-30,2019-06-30,annual
CITY OF PICO RIVERA,2020,2019-07-01,2020-06-30,annual
CITY OF PICO RIVERA,2021,2020-06-30,2021-06-30,annual
CITY OF PICO RIVERA,2022,2021-06-30,2022-06-30,annual
CITY OF PICO RIVERA,2023,2022-07-01,2023-06-30,annual
CITY OF PICO RIVERA,2024,2023-07-01,2024-06-30,annual
CITY OF PICO RIVERA,2025,2024-07-01,2025-06-30,annual
CITY OF PINOLE,2017,2016-06-30,2017-06-30,annual
CITY OF PINOLE,2022,2021-06-30,2022-06-30,annual
CITY OF PINOLE,2023,2022-07-01,2023-06-30,annual
CITY OF PISMO BEACH,2019,2018-06-30,2019-06-30,annual
CITY OF PISMO BEACH,2020,2019-07-01,2020-06-30,annual
CITY OF PISMO BEACH,2021,2020-06-30,2021-06-30,annual
CITY OF PISMO BEACH,2022,2021-06-30,2022-06-30,annual
CITY OF PISMO BEACH,2024,2023-07-01,2024-06-30,annual
CITY OF PITTSBURG,2016,2015-07-01,2016-06-30,annual
CITY OF PITTSBURG,2017,2016-06-30,2017-06-30,annual
CITY OF PITTSBURG,2018,2017-06-30,2018-06-30,annual
CITY OF PITTSBURG,2019,2018-06-30,2019-06-30,annual
CITY OF PITTSBURG,2020,2019-07-01,2020-06-30,annual
CITY OF PITTSBURG,2021,2020-06-30,2021-06-30,annual
CITY OF PITTSBURG,2022,2021-06-30,2022-06-30,annual
CITY OF PITTSBURG,2023,2022-07-01,2023-06-30,annual
CITY OF PITTSBURG,2024,2023-07-01,2024-06-30,annual
CITY OF PLACENITA,2022,2021-06-30,2022-06-30,annual
CITY OF PLACENTIA,2018,2017-06-30,2018-06-30,annual
CITY OF PLACENTIA,2021,2020-06-30,2021-06-30,annual
CITY OF PLACENTIA,2023,2022-07-01,2023-06-30,annual
CITY OF PLACENTIA,2024,2023-07-01,2024-06-30,annual
CITY OF PLACERVILLE,2016,2015-07-01,2016-06-30,annual
CITY OF PLACERVILLE,2017,2016-06-30,2017-06-30,annual
CITY OF PLACERVILLE,2018,2017-06-30,2018-06-30,annual
CITY OF PLACERVILLE,2019,2018-06-30,2019-06-30,annual
CITY OF PLACERVILLE,2020,2019-07-01,2020-06-30,annual
CITY OF PLACERVILLE,2021,2020-06-30,2021-06-30,annual
CITY OF PLACERVILLE,2022,2021-06-30,2022-06-30,annual
CITY OF PLACERVILLE,2023,2022-07-01,2023-06-30,annual
CITY OF PLACERVILLE,2024,2023-07-01,2024-06-30,annual
CITY OF PLACERVILLE,2025,2024-07-01,2025-06-30,annual
CITY OF PLEASANT HILL,2016,2015-07-01,2016-06-30,annual
CITY OF PLEASANT HILL,2017,2016-06-30,2017-06-30,annual
CITY OF PLEASANT HILL,2018,2017-06-30,2018-06-30,annual
CITY OF PLEASANT HILL,2020,2019-07-01,2020-06-30,annual
CITY OF PLEASANT HILL,2022,2021-06-30,2022-06-30,annual
CITY OF PLEASANT HILL,2023,2022-07-01,2023-06-30,annual
CITY OF PLEASANT HILL,2024,2023-07-01,2024-06-30,annual
CITY OF PLEASANT HILL,2025,2024-07-01,2025-06-30,annual
CITY OF PLEASANTON,2016,2015-07-01,2016-06-30,annual
CITY OF PLEASANTON,2017,2016-06-30,2017-06-30,annual
CITY OF PLEASANTON,2018,2017-06-30,2018-06-30,annual
CITY OF PLEASANTON,2021,2020-06-30,2021-06-30,annual
CITY OF PLEASANTON,2022,2021-06-30,2022-06-30,annual
CITY OF PLEASANTON,2023,2022-07-01,2023-06-30,annual
CITY OF PLEASANTON,2024,2023-07-01,2024-06-30,annual
CITY OF PLEASANTON,2025,2024-07-01,2025-06-30,annual
CITY OF PLYMOUTH,2016,2015-07-01,2016-06-30,annual
CITY OF PLYMOUTH,2017,2016-06-30,2017-06-30,annual
CITY OF PLYMOUTH,2018,2017-06-30,2018-06-30,annual
CITY OF PLYMOUTH,2019,2018-06-30,2019-06-30,annual
CITY OF POMONA,2016,2015-07-01,2016-06-30,annual
CITY OF POMONA,2017,2016-06-30,2017-06-30,annual
CITY OF POMONA,2018,2017-06-30,2018-06-30,annual
CITY OF POMONA,2019,2018-06-30,2019-06-30,annual
CITY OF POMONA,2020,2019-07-01,2020-06-30,annual
CITY OF POMONA,2021,2020-06-30,2021-06-30,annual
CITY OF POMONA,2022,2021-06-30,2022-06-30,annual
CITY OF POMONA,2024,2023-07-01,2024-06-30,annual
CITY OF PORT HUENEME,2020,2019-07-01,2020-06-30,annual
CITY OF PORT HUENEME,2021,2020-06-30,2021-06-30,annual
CITY OF PORT HUENEME,2022,2021-06-30,2022-06-30,annual
CITY OF PORT HUENEME,2023,2022-07-01,2023-06-30,annual
CITY OF PORT HUENEME,2025,2024-07-01,2025-06-30,annual
CITY OF PORTERVILLE,2016,2015-07-01,2016-06-30,annual
CITY OF PORTERVILLE,2017,2016-06-30,2017-06-30,annual
CITY OF PORTERVILLE,2018,2017-06-30,2018-06-30,annual
CITY OF PORTERVILLE,2019,2018-06-30,2019-06-30,annual
CITY OF PORTERVILLE,2020,2019-07-01,2020-06-30,annual
CITY OF PORTERVILLE,2021,2020-06-30,2021-06-30,annual
CITY OF PORTERVILLE,2022,2021-06-30,2022-06-30,annual
CITY OF PORTERVILLE,2023,2022-07-01,2023-06-30,annual
CITY OF PORTERVILLE,2024,2023-07-01,2024-06-30,annual
CITY OF POWAY,2021,2020-06-30,2021-06-30,annual
CITY OF POWAY,2022,2021-06-30,2022-06-30,annual
CITY OF RANCH SANTA MARGARITA,2020,2019-07-01,2020-06-30,annual
CITY OF RANCHO CORDOVA,2016,2015-07-01,2016-06-30,annual
CITY OF RANCHO CORDOVA,2017,2016-06-30,2017-06-30,annual
CITY OF RANCHO CORDOVA,2018,2017-06-30,2018-06-30,annual
CITY OF RANCHO CORDOVA,2019,2018-06-30,2019-06-30,annual
CITY OF RANCHO CORDOVA,2020,2019-07-01,2020-06-30,annual
CITY OF RANCHO CORDOVA,2021,2020-06-30,2021-06-30,annual
CITY OF RANCHO CORDOVA,2022,2021-06-30,2022-06-30,annual
CITY OF RANCHO CORDOVA,2023,2022-07-01,2023-06-30,annual
CITY OF RANCHO CORDOVA,2024,2023-07-01,2024-06-30,annual
CITY OF RANCHO CORDOVA,2025,2024-07-01,2025-06-30,annual
CITY OF RANCHO CUCAMONGA,2016,2015-07-01,2016-06-30,annual
CITY OF RANCHO CUCAMONGA,2017,2016-06-30,2017-06-30,annual
CITY OF RANCHO CUCAMONGA,2018,2017-06-30,2018-06-30,annual
CITY OF RANCHO CUCAMONGA,2019,2018-06-30,2019-06-30,annual
CITY OF RANCHO CUCAMONGA,2020,2019-07-01,2020-06-30,annual
CITY OF RANCHO CUCAMONGA,2021,2020-06-30,2021-06-30,annual
CITY OF RANCHO CUCAMONGA,2022,2021-06-30,2022-06-30,annual
CITY OF RANCHO CUCAMONGA,2023,2022-07-01,2023-06-30,annual
CITY OF RANCHO CUCAMONGA,2024,2023-07-01,2024-06-30,annual
CITY OF RANCHO CUCAMONGA,2025,2024-07-01,2025-06-30,annual
CITY OF RANCHO MIRAGE,2018,2017-06-30,2018-06-30,annual
CITY OF RANCHO MIRAGE,2021,2020-06-30,2021-06-30,annual
CITY OF RANCHO MIRAGE,2022,2021-06-30,2022-06-30,annual
CITY OF RANCHO MIRAGE,2023,2022-07-01,2023-06-30,annual
CITY OF RANCHO PALOS VERDES,2018,2017-06-30,2018-06-30,annual
CITY OF RANCHO PALOS VERDES,2022,2021-06-30,2022-06-30,annual
CITY OF RANCHO PALOS VERDES,2023,2022-07-01,2023-06-30,annual
CITY OF RANCHO SANTA MARGARITA,2021,2020-06-30,2021-06-30,annual
CITY OF RANCHO SANTA MARGARITA,2022,2021-06-30,2022-06-30,annual
CITY OF RANCHO SANTA MARGARITA,2023,2022-07-01,2023-06-30,annual
CITY OF RANCHO SANTA MARGARITA,2024,2023-07-01,2024-06-30,annual
CITY OF RED BLUFF,2017,2016-06-30,2017-06-30,annual
CITY OF RED BLUFF,2022,2021-06-30,2022-06-30,annual
CITY OF RED BLUFF,2025,2024-07-01,2025-06-30,annual
CITY OF REDDING,2016,2015-07-01,2016-06-30,annual
CITY OF REDDING,2017,2016-06-30,2017-06-30,annual
CITY OF REDDING,2018,2017-06-30,2018-06-30,annual
CITY OF REDDING,2019,2018-06-30,2019-06-30,annual
CITY OF REDDING,2020,2019-07-01,2020-06-30,annual
CITY OF REDDING,2021,2020-06-30,2021-06-30,annual
CITY OF REDDING,2022,2021-06-30,2022-06-30,annual
CITY OF REDDING,2023,2022-07-01,2023-06-30,annual
CITY OF REDDING,2024,2023-07-01,2024-06-30,annual
CITY OF REDDING,2025,2024-07-01,2025-06-30,annual
CITY OF REDLANDS,2016,2015-07-01,2016-06-30,annual
CITY OF REDLANDS,2017,2016-06-30,2017-06-30,annual
CITY OF REDLANDS,2018,2017-06-30,2018-06-30,annual
CITY OF REDLANDS,2019,2018-06-30,2019-06-30,annual
CITY OF REDLANDS,2021,2020-06-30,2021-06-30,annual
CITY OF REDLANDS,2022,2021-06-30,2022-06-30,annual
CITY OF REDLANDS,2023,2022-07-01,2023-06-30,annual
CITY OF REDLANDS,2024,2023-07-01,2024-06-30,annual
CITY OF REDLANDS,2025,2024-07-01,2025-06-30,annual
CITY OF REDONDO BEACH,2016,2015-07-01,2016-06-30,annual
CITY OF REDONDO BEACH,2017,2016-06-30,2017-06-30,annual
CITY OF REDONDO BEACH,2018,2017-06-30,2018-06-30,annual
CITY OF REDONDO BEACH,2019,2018-06-30,2019-06-30,annual
CITY OF REDONDO BEACH,2020,2019-07-01,2020-06-30,annual
CITY OF REDONDO BEACH,2021,2020-06-30,2021-06-30,annual
CITY OF REDONDO BEACH,2022,2021-06-30,2022-06-30,annual
CITY OF REDONDO BEACH,2023,2022-07-01,2023-06-30,annual
CITY OF REDONDO BEACH,2024,2023-07-01,2024-06-30,annual
CITY OF REDWOOD CITY,2016,2015-07-01,2016-06-30,annual
CITY OF REDWOOD CITY,2017,2016-06-30,2017-06-30,annual
CITY OF REDWOOD CITY,2018,2017-06-30,2018-06-30,annual
CITY OF REDWOOD CITY,2019,2018-06-30,2019-06-30,annual
CITY OF REDWOOD CITY,2020,2019-07-01,2020-06-30,annual
CITY OF REDWOOD CITY,2021,2020-06-30,2021-06-30,annual
CITY OF REDWOOD CITY,2022,2021-06-30,2022-06-30,annual
CITY OF REDWOOD CITY,2023,2022-07-01,2023-06-30,annual
CITY OF REDWOOD CITY,2024,2023-07-01,2024-06-30,annual
CITY OF REDWOOD CITY,2025,2024-07-01,2025-06-30,annual
CITY OF REEDLEY,2016,2015-07-01,2016-06-30,annual
CITY OF REEDLEY,2017,2016-06-30,2017-06-30,annual
CITY OF REEDLEY,2018,2017-06-30,2018-06-30,annual
CITY OF REEDLEY,2019,2018-06-30,2019-06-30,annual
CITY OF REEDLEY,2021,2020-06-30,2021-06-30,annual
CITY OF REEDLEY,2022,2021-06-30,2022-06-30,annual
CITY OF REEDLEY,2023,2022-07-01,2023-06-30,annual
CITY OF REEDLEY,2024,2023-07-01,2024-06-30,annual
CITY OF RIALTO,2016,2015-07-01,2016-06-30,annual
CITY OF RIALTO,2017,2016-06-30,2017-06-30,annual
CITY OF RIALTO,2018,2017-06-30,2018-06-30,annual
CITY OF RIALTO,2019,2018-06-30,2019-06-30,annual
CITY OF RIALTO,2020,2019-07-01,2020-06-30,annual
CITY OF RIALTO,2021,2020-06-30,2021-06-30,annual
CITY OF RIALTO,2022,2021-06-30,2022-06-30,annual
CITY OF RIALTO,2023,2022-07-01,2023-06-30,annual
CITY OF RIALTO,2024,2023-07-01,2024-06-30,annual
CITY OF RIALTO,2025,2024-07-01,2025-06-30,annual
CITY OF RICHMOND,2016,2015-07-01,2016-06-30,annual
CITY OF RICHMOND,2017,2016-06-30,2017-06-30,annual
CITY OF RICHMOND,2018,2017-06-30,2018-06-30,annual
CITY OF RICHMOND,2019,2018-06-30,2019-06-30,annual
CITY OF RICHMOND,2020,2019-07-01,2020-06-30,annual
CITY OF RICHMOND,2021,2020-06-30,2021-06-30,annual
CITY OF RICHMOND,2023,2022-07-01,2023-06-30,annual
CITY OF RICHMOND,2025,2024-07-01,2025-06-30,annual
CITY OF RIDGECREST,2016,2015-07-01,2016-06-30,annual
CITY OF RIDGECREST,2017,2016-06-30,2017-06-30,annual
CITY OF RIDGECREST,2020,2019-07-01,2020-06-30,annual
CITY OF RIDGECREST,2021,2020-06-30,2021-06-30,annual
CITY OF RIDGECREST,2023,2022-07-01,2023-06-30,annual
CITY OF RIDGECREST,2024,2023-07-01,2024-06-30,annual
CITY OF RIO VISTA,2022,2021-06-30,2022-06-30,annual
CITY OF RIO VISTA,2023,2022-07-01,2023-06-30,annual
CITY OF RIO VISTA,2024,2023-07-01,2024-06-30,annual
CITY OF RIPON,2018,2017-06-30,2018-06-30,annual
CITY OF RIPON,2019,2018-06-30,2019-06-30,annual
CITY OF RIPON,2020,2019-07-01,2020-06-30,annual
CITY OF RIPON,2022,2021-06-30,2022-06-30,annual
CITY OF RIVERBANK,2024,2023-07-01,2024-06-30,annual
CITY OF RIVERBANK,2025,2024-07-01,2025-06-30,annual
CITY OF RIVERSIDE,2016,2015-07-01,2016-06-30,annual
CITY OF RIVERSIDE,2017,2016-06-30,2017-06-30,annual
CITY OF RIVERSIDE,2018,2017-06-30,2018-06-30,annual
CITY OF RIVERSIDE,2019,2018-06-30,2019-06-30,annual
CITY OF RIVERSIDE,2020,2019-07-01,2020-06-30,annual
CITY OF RIVERSIDE,2021,2020-06-30,2021-06-30,annual
CITY OF RIVERSIDE,2022,2021-06-30,2022-06-30,annual
CITY OF RIVERSIDE,2023,2022-07-01,2023-06-30,annual
CITY OF RIVERSIDE,2024,2023-07-01,2024-06-30,annual
CITY OF RIVERSIDE,2025,2024-07-01,2025-06-30,annual
CITY OF ROCKLIN,2016,2015-07-01,2016-06-30,annual
CITY OF ROCKLIN,2020,2019-07-01,2020-06-30,annual
CITY OF ROCKLIN,2021,2020-06-30,2021-06-30,annual
CITY OF ROCKLIN,2022,2021-06-30,2022-06-30,annual
CITY OF ROCKLIN,2023,2022-07-01,2023-06-30,annual
CITY OF ROCKLIN,2024,2023-07-01,2024-06-30,annual
CITY OF ROCKLIN,2025,2024-07-01,2025-06-30,annual
CITY OF ROHNERT PARK,2016,2015-07-01,2016-06-30,annual
CITY OF ROHNERT PARK,2021,2020-06-30,2021-06-30,annual
CITY OF ROHNERT PARK,2022,2021-06-30,2022-06-30,annual
CITY OF ROHNERT PARK,2023,2022-07-01,2023-06-30,annual
CITY OF ROLLING HILLS,2025,2024-07-01,2025-06-30,annual
CITY OF ROSEMEAD,2016,2015-07-01,2016-06-30,annual
CITY OF ROSEMEAD,2017,2016-06-30,2017-06-30,annual
CITY OF ROSEMEAD,2018,2017-06-30,2018-06-30,annual
CITY OF ROSEMEAD,2019,2018-06-30,2019-06-30,annual
CITY OF ROSEMEAD,2020,2019-07-01,2020-06-30,annual
CITY OF ROSEMEAD,2021,2020-06-30,2021-06-30,annual
CITY OF ROSEMEAD,2022,2021-06-30,2022-06-30,annual
CITY OF ROSEMEAD,2023,2022-07-01,2023-06-30,annual
CITY OF ROSEMEAD,2024,2023-07-01,2024-06-30,annual
CITY OF ROSEMEAD,2025,2024-07-01,2025-06-30,annual
CITY OF ROSEVILLE,2016,2015-07-01,2016-06-30,annual
CITY OF ROSEVILLE,2017,2016-06-30,2017-06-30,annual
CITY OF ROSEVILLE,2018,2017-06-30,2018-06-30,annual
CITY OF ROSEVILLE,2019,2018-06-30,2019-06-30,annual
CITY OF ROSEVILLE,2020,2019-07-01,2020-06-30,annual
CITY OF ROSEVILLE,2021,2020-06-30,2021-06-30,annual
CITY OF ROSEVILLE,2022,2021-06-30,2022-06-30,annual
CITY OF ROSEVILLE,2023,2022-07-01,2023-06-30,annual
CITY OF ROSEVILLE,2024,2023-07-01,2024-06-30,annual
CITY OF ROSEVILLE,2025,2024-07-01,2025-06-30,annual
CITY OF SACRAMENTO,2016,2015-07-01,2016-06-30,annual
CITY OF SACRAMENTO,2017,2016-06-30,2017-06-30,annual
CITY OF SACRAMENTO,2018,2017-06-30,2018-06-30,annual
CITY OF SACRAMENTO,2019,2018-06-30,2019-06-30,annual
CITY OF SACRAMENTO,2020,2019-07-01,2020-06-30,annual
CITY OF SACRAMENTO,2021,2020-06-30,2021-06-30,annual
CITY OF SACRAMENTO,2022,2021-06-30,2022-06-30,annual
CITY OF SACRAMENTO,2023,2022-07-01,2023-06-30,annual
CITY OF SACRAMENTO,2024,2023-07-01,2024-06-30,annual
CITY OF SACRAMENTO,2025,2024-07-01,2025-06-30,annual
CITY OF SAINT HELENA,2025,2024-07-01,2025-06-30,annual
CITY OF SALINAS,2016,2015-07-01,2016-06-30,annual
CITY OF SALINAS,2017,2016-06-30,2017-06-30,annual
CITY OF SALINAS,2018,2017-06-30,2018-06-30,annual
CITY OF SALINAS,2019,2018-06-30,2019-06-30,annual
CITY OF SALINAS,2020,2019-07-01,2020-06-30,annual
CITY OF SALINAS,2021,2020-06-30,2021-06-30,annual
CITY OF SALINAS,2022,2021-07-01,2022-06-30,annual
CITY OF SALINAS,2023,2022-07-01,2023-06-30,annual
CITY OF SALINAS,2024,2023-07-01,2024-06-30,annual
CITY OF SALINAS,2025,2024-07-01,2025-06-30,annual
CITY OF SAN BERNARDINO,2016,2015-07-01,2016-06-30,annual
CITY OF SAN BERNARDINO,2017,2016-06-30,2017-06-30,annual
CITY OF SAN BERNARDINO,2018,2017-06-30,2018-06-30,annual
CITY OF SAN BERNARDINO,2019,2018-06-30,2019-06-30,annual
CITY OF SAN BERNARDINO,2020,2019-07-01,2020-06-30,annual
CITY OF SAN BERNARDINO,2021,2020-06-30,2021-06-30,annual
CITY OF SAN BERNARDINO,2022,2021-06-30,2022-06-30,annual
CITY OF SAN BERNARDINO,2023,2022-07-01,2023-06-30,annual
CITY OF SAN BERNARDINO,2024,2023-07-01,2024-06-30,annual
CITY OF SAN BRUNO,2019,2018-06-30,2019-06-30,annual
CITY OF SAN BRUNO,2021,2020-06-30,2021-06-30,annual
CITY OF SAN BRUNO,2022,2021-06-30,2022-06-30,annual
CITY OF SAN BRUNO,2024,2023-07-01,2024-06-30,annual
CITY OF SAN BUENAVENTURA,2016,2015-07-01,2016-06-30,annual
CITY OF SAN BUENAVENTURA,2017,2016-06-30,2017-06-30,annual
CITY OF SAN BUENAVENTURA,2018,2017-06-30,2018-06-30,annual
CITY OF SAN BUENAVENTURA,2019,2018-06-30,2019-06-30,annual
CITY OF SAN BUENAVENTURA,2020,2019-07-01,2020-06-30,annual
CITY OF SAN BUENAVENTURA,2021,2020-06-30,2021-06-30,annual
CITY OF SAN BUENAVENTURA,2022,2021-06-30,2022-06-30,annual
CITY OF SAN BUENAVENTURA,2023,2022-07-01,2023-06-30,annual
CITY OF SAN BUENAVENTURA,2024,2023-07-01,2024-06-30,annual
CITY OF SAN BUENAVENTURA,2025,2024-07-01,2025-06-30,annual
CITY OF SAN CARLOS,2016,2015-07-01,2016-06-30,annual
CITY OF SAN CARLOS,2021,2020-06-30,2021-06-30,annual
CITY OF SAN CLEMENTE,2016,2015-07-01,2016-06-30,annual
CITY OF SAN CLEMENTE,2017,2016-06-30,2017-06-30,annual
CITY OF SAN CLEMENTE,2021,2020-06-30,2021-06-30,annual
CITY OF SAN CLEMENTE,2022,2021-06-30,2022-06-30,annual
CITY OF SAN CLEMENTE,2025,2024-07-01,2025-06-30,annual
CITY OF SAN DIEGO,2016,2015-07-01,2016-06-30,annual
CITY OF SAN DIEGO,2017,2016-06-30,2017-06-30,annual
CITY OF SAN DIEGO,2018,2017-06-30,2018-06-30,annual
CITY OF SAN DIEGO,2019,2018-06-30,2019-06-30,annual
CITY OF SAN DIEGO,2020,2019-07-01,2020-06-30,annual
CITY OF SAN DIEGO,2021,2020-06-30,2021-06-30,annual
CITY OF SAN DIEGO,2022,2021-06-30,2022-06-30,annual
CITY OF SAN DIEGO,2023,2022-07-01,2023-06-30,annual
CITY OF SAN DIEGO,2024,2023-07-01,2024-06-30,annual
CITY OF SAN DIEGO,2025,2024-07-01,2025-06-30,annual
CITY OF SAN DIMAS,2016,2015-07-01,2016-06-30,annual
CITY OF SAN DIMAS,2022,2021-06-30,2022-06-30,annual
CITY OF SAN FERNANDO,2017,2016-06-30,2017-06-30,annual
CITY OF SAN FERNANDO,2018,2017-06-30,2018-06-30,annual
CITY OF SAN FERNANDO,2021,2020-06-30,2021-06-30,annual
CITY OF SAN FERNANDO,2022,2021-06-30,2022-06-30,annual
CITY OF SAN FERNANDO,2023,2022-07-01,2023-06-30,annual
CITY OF SAN FERNANDO,2024,2023-07-01,2024-06-30,annual
CITY OF SAN FERNANDO,2025,2024-07-01,2025-06-30,annual
CITY OF SAN GABRIEL,2018,2017-06-30,2018-06-30,annual
CITY OF SAN GABRIEL,2021,2020-06-30,2021-06-30,annual
CITY OF SAN GABRIEL,2022,2021-06-30,2022-06-30,annual
CITY OF SAN GABRIEL,2023,2022-07-01,2023-06-30,annual
CITY OF SAN GABRIEL,2025,2024-07-01,2025-06-30,annual
CITY OF SAN JACINTO,2021,2020-06-30,2021-06-30,annual
CITY OF SAN JACINTO,2022,2021-06-30,2022-06-30,annual
CITY OF SAN JACINTO,2024,2023-07-01,2024-06-30,annual
CITY OF SAN JACINTO,2025,2024-07-01,2025-06-30,annual
CITY OF SAN JOAQUIN,2022,2021-07-01,2022-06-30,annual
CITY OF SAN JOAQUIN,2023,2022-07-01,2023-06-30,annual
CITY OF SAN JOSE,2016,2015-07-01,2016-06-30,annual
CITY OF SAN JOSE,2017,2016-06-30,2017-06-30,annual
CITY OF SAN JOSE,2018,2017-06-30,2018-06-30,annual
CITY OF SAN JOSE,2019,2018-06-30,2019-06-30,annual
CITY OF SAN JOSE,2020,2019-07-01,2020-06-30,annual
CITY OF SAN JOSE,2021,2020-06-30,2021-06-30,annual
CITY OF SAN JOSE,2022,2021-06-30,2022-06-30,annual
CITY OF SAN JOSE,2023,2022-07-01,2023-06-30,annual
CITY OF SAN JOSE,2024,2023-07-01,2024-06-30,annual
CITY OF SAN JOSE,2025,2024-07-01,2025-06-30,annual
CITY OF SAN JUAN BAUTISTA,2024,2023-07-01,2024-06-30,annual
CITY OF SAN JUAN BAUTISTA,2025,2024-07-01,2025-06-30,annual
CITY OF SAN JUAN CAPISTRANO,2022,2021-06-30,2022-06-30,annual
CITY OF SAN LEANDRO,2016,2015-07-01,2016-06-30,annual
CITY OF SAN LEANDRO,2017,2016-06-30,2017-06-30,annual
CITY OF SAN LEANDRO,2018,2017-06-30,2018-06-30,annual
CITY OF SAN LEANDRO,2019,2018-06-30,2019-06-30,annual
CITY OF SAN LEANDRO,2020,2019-07-01,2020-06-30,annual
CITY OF SAN LEANDRO,2021,2020-06-30,2021-06-30,annual
CITY OF SAN LEANDRO,2022,2021-06-30,2022-06-30,annual
CITY OF SAN LEANDRO,2023,2022-07-01,2023-06-30,annual
CITY OF SAN LEANDRO,2024,2023-07-01,2024-06-30,annual
CITY OF SAN LEANDRO,2025,2024-07-01,2025-06-30,annual
CITY OF SAN LUIS OBISPO,2016,2015-07-01,2016-06-30,annual
CITY OF SAN LUIS OBISPO,2017,2016-06-30,2017-06-30,annual
CITY OF SAN LUIS OBISPO,2018,2017-06-30,2018-06-30,annual
CITY OF SAN LUIS OBISPO,2019,2018-06-30,2019-06-30,annual
CITY OF SAN LUIS OBISPO,2020,2019-07-01,2020-06-30,annual
CITY OF SAN LUIS OBISPO,2021,2020-06-30,2021-06-30,annual
CITY OF SAN LUIS OBISPO,2022,2021-06-30,2022-06-30,annual
CITY OF SAN LUIS OBISPO,2024,2023-07-01,2024-06-30,annual
CITY OF SAN LUIS OBISPO,2025,2024-07-01,2025-06-30,annual
CITY OF SAN MARCOS,2016,2015-07-01,2016-06-30,annual
CITY OF SAN MARCOS,2017,2016-06-30,2017-06-30,annual
CITY OF SAN MARCOS,2018,2017-06-30,2018-06-30,annual
CITY OF SAN MARCOS,2019,2018-06-30,2019-06-30,annual
CITY OF SAN MARCOS,2020,2019-07-01,2020-06-30,annual
CITY OF SAN MARCOS,2021,2020-06-30,2021-06-30,annual
CITY OF SAN MARCOS,2022,2021-06-30,2022-06-30,annual
CITY OF SAN MARCOS,2023,2022-07-01,2023-06-30,annual
CITY OF SAN MARCOS,2024,2023-07-01,2024-06-30,annual
CITY OF SAN MARCOS,2025,2024-07-01,2025-06-30,annual
CITY OF SAN MARINO,2024,2023-07-01,2024-06-30,annual
CITY OF SAN MATEO,2016,2015-07-01,2016-06-30,annual
CITY OF SAN MATEO,2017,2016-06-30,2017-06-30,annual
CITY OF SAN MATEO,2018,2017-06-30,2018-06-30,annual
CITY OF SAN MATEO,2020,2019-07-01,2020-06-30,annual
CITY OF SAN MATEO,2021,2020-06-30,2021-06-30,annual
CITY OF SAN MATEO,2022,2021-06-30,2022-06-30,annual
CITY OF SAN MATEO,2023,2022-07-01,2023-06-30,annual
CITY OF SAN MATEO,2024,2023-07-01,2024-06-30,annual
CITY OF SAN MATEO,2025,2024-07-01,2025-06-30,annual
CITY OF SAN PABLO,2018,2017-06-30,2018-06-30,annual
CITY OF SAN PABLO,2019,2018-06-30,2019-06-30,annual
CITY OF SAN PABLO,2021,2020-06-30,2021-06-30,annual
CITY OF SAN PABLO,2022,2021-07-01,2022-06-30,annual
CITY OF SAN PABLO,2023,2022-07-01,2023-06-30,annual
CITY OF SAN RAFAEL,2016,2015-07-01,2016-06-30,annual
CITY OF SAN RAFAEL,2017,2016-06-30,2017-06-30,annual
CITY OF SAN RAFAEL,2018,2017-06-30,2018-06-30,annual
CITY OF SAN RAFAEL,2019,2018-06-30,2019-06-30,annual
CITY OF SAN RAFAEL,2022,2021-06-30,2022-06-30,annual
CITY OF SAN RAFAEL,2023,2022-07-01,2023-06-30,annual
CITY OF SAN RAMON,2021,2020-06-30,2021-06-30,annual
CITY OF SAN RAMON,2024,2023-07-01,2024-06-30,annual
CITY OF SANGER,2016,2015-07-01,2016-06-30,annual
CITY OF SANGER,2017,2016-06-30,2017-06-30,annual
CITY OF SANGER,2018,2017-06-30,2018-06-30,annual
CITY OF SANGER,2019,2018-06-30,2019-06-30,annual
CITY OF SANGER,2020,2019-07-01,2020-06-30,annual
CITY OF SANGER,2021,2020-06-30,2021-06-30,annual
CITY OF SANGER,2022,2021-07-01,2022-06-30,annual
CITY OF SANGER,2023,2022-07-01,2023-06-30,annual
CITY OF SANGER,2024,2023-07-01,2024-06-30,annual
CITY OF SANTA ANA,2016,2015-07-01,2016-06-30,annual
CITY OF SANTA ANA,2017,2016-06-30,2017-06-30,annual
CITY OF SANTA ANA,2018,2017-06-30,2018-06-30,annual
CITY OF SANTA ANA,2019,2018-06-30,2019-06-30,annual
CITY OF SANTA ANA,2020,2019-07-01,2020-06-30,annual
CITY OF SANTA ANA,2021,2020-06-30,2021-06-30,annual
CITY OF SANTA ANA,2022,2021-06-30,2022-06-30,annual
CITY OF SANTA ANA,2023,2022-07-01,2023-06-30,annual
CITY OF SANTA ANA,2024,2023-07-01,2024-06-30,annual
CITY OF SANTA ANA,2025,2024-07-01,2025-06-30,annual
CITY OF SANTA BARBARA,2016,2015-07-01,2016-06-30,annual
CITY OF SANTA BARBARA,2017,2016-06-30,2017-06-30,annual
CITY OF SANTA BARBARA,2018,2017-06-30,2018-06-30,annual
CITY OF SANTA BARBARA,2019,2018-06-30,2019-06-30,annual
CITY OF SANTA BARBARA,2020,2019-07-01,2020-06-30,annual
CITY OF SANTA BARBARA,2021,2020-06-30,2021-06-30,annual
CITY OF SANTA BARBARA,2022,2021-06-30,2022-06-30,annual
CITY OF SANTA BARBARA,2023,2022-07-01,2023-06-30,annual
CITY OF SANTA BARBARA,2024,2023-07-01,2024-06-30,annual
CITY OF SANTA BARBARA,2025,2024-07-01,2025-06-30,annual
CITY OF SANTA CLARA,2016,2015-07-01,2016-06-30,annual
CITY OF SANTA CLARA,2017,2016-06-30,2017-06-30,annual
CITY OF SANTA CLARA,2018,2017-06-30,2018-06-30,annual
CITY OF SANTA CLARA,2019,2018-06-30,2019-06-30,annual
CITY OF SANTA CLARA,2020,2019-07-01,2020-06-30,annual
CITY OF SANTA CLARA,2021,2020-06-30,2021-06-30,annual
CITY OF SANTA CLARA,2022,2021-06-30,2022-06-30,annual
CITY OF SANTA CLARA,2023,2022-07-01,2023-06-30,annual
CITY OF SANTA CLARA,2024,2023-07-01,2024-06-30,annual
CITY OF SANTA CLARA,2025,2024-07-01,2025-06-30,annual
CITY OF SANTA CLARITA,2016,2015-07-01,2016-06-30,annual
CITY OF SANTA CLARITA,2017,2016-06-30,2017-06-30,annual
CITY OF SANTA CLARITA,2018,2017-06-30,2018-06-30,annual
CITY OF SANTA CLARITA,2019,2018-06-30,2019-06-30,annual
CITY OF SANTA CLARITA,2020,2019-07-01,2020-06-30,annual
CITY OF SANTA CLARITA,2021,2020-06-30,2021-06-30,annual
CITY OF SANTA CLARITA,2022,2021-06-30,2022-06-30,annual
CITY OF SANTA CLARITA,2023,2022-07-01,2023-06-30,annual
CITY OF SANTA CLARITA,2024,2023-07-01,2024-06-30,annual
CITY OF SANTA CLARITA,2025,2024-07-01,2025-06-30,annual
CITY OF SANTA CRUZ,2019,2018-06-30,2019-06-30,annual
CITY OF SANTA CRUZ,2020,2019-07-01,2020-06-30,annual
CITY OF SANTA CRUZ,2021,2020-06-30,2021-06-30,annual
CITY OF SANTA CRUZ,2022,2021-06-30,2022-06-30,annual
CITY OF SANTA CRUZ,2023,2022-07-01,2023-06-30,annual
CITY OF SANTA CRUZ,2024,2023-07-01,2024-06-30,annual
CITY OF SANTA CRUZ,2025,2024-07-01,2025-06-30,annual
CITY OF SANTA FE SPRINGS,2016,2015-07-01,2016-06-30,annual
CITY OF SANTA FE SPRINGS,2019,2018-06-30,2019-06-30,annual
CITY OF SANTA FE SPRINGS,2021,2020-06-30,2021-06-30,annual
CITY OF SANTA FE SPRINGS,2023,2022-07-01,2023-06-30,annual
CITY OF SANTA FE SPRINGS,2024,2023-07-01,2024-06-30,annual
CITY OF SANTA MARIA,2016,2015-07-01,2016-06-30,annual
CITY OF SANTA MARIA,2017,2016-06-30,2017-06-30,annual
CITY OF SANTA MARIA,2018,2017-06-30,2018-06-30,annual
CITY OF SANTA MARIA,2019,2018-06-30,2019-06-30,annual
CITY OF SANTA MARIA,2020,2019-07-01,2020-06-30,annual
CITY OF SANTA MARIA,2022,2021-07-01,2022-06-30,annual
CITY OF SANTA MARIA,2023,2022-07-01,2023-06-30,annual
CITY OF SANTA MARIA,2024,2023-07-01,2024-06-30,annual
CITY OF SANTA MONI,2016,2015-07-01,2016-06-30,annual
CITY OF SANTA MONI,2017,2016-06-30,2017-06-30,annual
CITY OF SANTA MONI,2018,2017-06-30,2018-06-30,annual
CITY OF SANTA MONI,2019,2018-06-30,2019-06-30,annual
CITY OF SANTA MONI,2020,2019-07-01,2020-06-30,annual
CITY OF SANTA MONI,2021,2020-06-30,2021-06-30,annual
CITY OF SANTA MONI,2022,2021-06-30,2022-06-30,annual
CITY OF SANTA MONI,2023,2022-07-01,2023-06-30,annual
CITY OF SANTA MONI,2024,2023-07-01,2024-06-30,annual
CITY OF SANTA MONI,2025,2024-07-01,2025-06-30,annual
CITY OF SANTA PAULA,2017,2016-06-30,2017-06-30,annual
CITY OF SANTA PAULA,2018,2017-06-30,2018-06-30,annual
CITY OF SANTA PAULA,2021,2020-06-30,2021-06-30,annual
CITY OF SANTA PAULA,2022,2021-07-01,2022-06-30,annual
CITY OF SANTA ROSA,2016,2015-07-01,2016-06-30,annual
CITY OF SANTA ROSA,2017,2016-06-30,2017-06-30,annual
CITY OF SANTA ROSA,2018,2017-06-30,2018-06-30,annual
CITY OF SANTA ROSA,2019,2018-06-30,2019-06-30,annual
CITY OF SANTA ROSA,2020,2019-07-01,2020-06-30,annual
CITY OF SANTA ROSA,2021,2020-06-30,2021-06-30,annual
CITY OF SANTA ROSA,2022,2021-06-30,2022-06-30,annual
CITY OF SANTA ROSA,2023,2022-07-01,2023-06-30,annual
CITY OF SANTA ROSA,2024,2023-07-01,2024-06-30,annual
CITY OF SANTA ROSA,2025,2024-07-01,2025-06-30,annual
CITY OF SANTEE,2017,2016-06-30,2017-06-30,annual
CITY OF SANTEE,2019,2018-06-30,2019-06-30,annual
CITY OF SANTEE,2020,2019-07-01,2020-06-30,annual
CITY OF SANTEE,2021,2020-06-30,2021-06-30,annual
CITY OF SANTEE,2022,2021-06-30,2022-06-30,annual
CITY OF SANTEE,2023,2022-07-01,2023-06-30,annual
CITY OF SARATOGA,2017,2016-06-30,2017-06-30,annual
CITY OF SARATOGA,2018,2017-06-30,2018-06-30,annual
CITY OF SARATOGA,2019,2018-06-30,2019-06-30,annual
CITY OF SARATOGA,2025,2024-07-01,2025-06-30,annual
CITY OF SAUSALITO,2022,2021-06-30,2022-06-30,annual
CITY OF SCOTTS VALLEY,2024,2023-07-01,2024-06-30,annual
CITY OF SEAL BEACH,2021,2020-06-30,2021-06-30,annual
CITY OF SEAL BEACH,2022,2021-06-30,2022-06-30,annual
CITY OF SEAL BEACH,2025,2024-07-01,2025-06-30,annual
CITY OF SEASIDE,2016,2015-07-01,2016-06-30,annual
CITY OF SEASIDE,2017,2016-06-30,2017-06-30,annual
CITY OF SEASIDE,2018,2017-06-30,2018-06-30,annual
CITY OF SEASIDE,2019,2018-06-30,2019-06-30,annual
CITY OF SEASIDE,2021,2020-06-30,2021-06-30,annual
CITY OF SEASIDE,2022,2021-06-30,2022-06-30,annual
CITY OF SEASIDE,2023,2022-07-01,2023-06-30,annual
CITY OF SEASIDE,2024,2023-07-01,2024-06-30,annual
CITY OF SEASIDE,2025,2024-07-01,2025-06-30,annual
CITY OF SELMA,2020,2019-07-01,2020-06-30,annual
CITY OF SELMA,2021,2020-06-30,2021-06-30,annual
CITY OF SELMA,2022,2021-07-01,2022-06-30,annual
CITY OF SELMA,2024,2023-07-01,2024-06-30,annual
CITY OF SHAFTER,2019,2018-06-30,2019-06-30,annual
CITY OF SHAFTER,2020,2019-07-01,2020-06-30,annual
CITY OF SHAFTER,2021,2020-06-30,2021-06-30,annual
CITY OF SHAFTER,2022,2021-06-30,2022-06-30,annual
CITY OF SHAFTER,2023,2022-07-01,2023-06-30,annual
CITY OF SHAFTER,2024,2023-07-01,2024-06-30,annual
CITY OF SHASTA LAKE,2016,2015-07-01,2016-06-30,annual
CITY OF SHASTA LAKE,2017,2016-06-30,2017-06-30,annual
CITY OF SHASTA LAKE,2018,2017-06-30,2018-06-30,annual
CITY OF SHASTA LAKE,2019,2018-06-30,2019-06-30,annual
CITY OF SHASTA LAKE,2020,2019-07-01,2020-06-30,annual
CITY OF SHASTA LAKE,2021,2020-06-30,2021-06-30,annual
CITY OF SHASTA LAKE,2022,2021-06-30,2022-06-30,annual
CITY OF SHASTA LAKE,2023,2022-07-01,2023-06-30,annual
CITY OF SHASTA LAKE,2024,2023-07-01,2024-06-30,annual
CITY OF SHASTA LAKE,2025,2024-07-01,2025-06-30,annual
CITY OF SIGNAL HILL,2016,2015-07-01,2016-06-30,annual
CITY OF SIGNAL HILL,2022,2021-06-30,2022-06-30,annual
CITY OF SIGNAL HILL,2023,2022-07-01,2023-06-30,annual
CITY OF SIMI VALEY,2020,2019-07-01,2020-06-30,annual
CITY OF SIMI VALEY,2021,2020-06-30,2021-06-30,annual
CITY OF SIMI VALLEY,2016,2015-07-01,2016-06-30,annual
CITY OF SIMI VALLEY,2017,2016-06-30,2017-06-30,annual
CITY OF SIMI VALLEY,2018,2017-06-30,2018-06-30,annual
CITY OF SIMI VALLEY,2019,2018-06-30,2019-06-30,annual
CITY OF SIMI VALLEY,2022,2021-06-30,2022-06-30,annual
CITY OF SIMI VALLEY,2023,2022-07-01,2023-06-30,annual
CITY OF SIMI VALLEY,2024,2023-07-01,2024-06-30,annual
CITY OF SIMI VALLEY,2025,2024-07-01,2025-06-30,annual
CITY OF SOLANA BEACH,2022,2021-06-30,2022-06-30,annual
CITY OF SOLANA BEACH,2023,2022-07-01,2023-06-30,annual
CITY OF SOLEDAD,2017,2016-06-30,2017-06-30,annual
CITY OF SOLEDAD,2022,2021-06-30,2022-06-30,annual
CITY OF SOLEDAD,2023,2022-07-01,2023-06-30,annual
CITY OF SOLEDAD,2024,2023-07-01,2024-06-30,annual
CITY OF SOLEDAD,2025,2024-07-01,2025-06-30,annual
CITY OF SOLVANG,2017,2016-06-30,2017-06-30,annual
CITY OF SOLVANG,2022,2021-06-30,2022-06-30,annual
CITY OF SONORA,2016,2015-07-01,2016-06-30,annual
CITY OF SONORA,2024,2023-07-01,2024-06-30,annual
CITY OF SOUTH EL MONTE,2020,2019-07-01,2020-06-30,annual
CITY OF SOUTH EL MONTE,2021,2020-06-30,2021-06-30,annual
CITY OF SOUTH EL MONTE,2022,2021-06-30,2022-06-30,annual
CITY OF SOUTH EL MONTE,2023,2022-07-01,2023-06-30,annual
CITY OF SOUTH EL MONTE,2024,2023-07-01,2024-06-30,annual
CITY OF SOUTH EL MONTE,2025,2024-07-01,2025-06-30,annual
CITY OF SOUTH GATE,2016,2015-07-01,2016-06-30,annual
CITY OF SOUTH GATE,2017,2016-06-30,2017-06-30,annual
CITY OF SOUTH GATE,2018,2017-06-30,2018-06-30,annual
CITY OF SOUTH GATE,2019,2018-06-30,2019-06-30,annual
CITY OF SOUTH GATE,2020,2019-07-01,2020-06-30,annual
CITY OF SOUTH GATE,2021,2020-06-30,2021-06-30,annual
CITY OF SOUTH GATE,2022,2021-06-30,2022-06-30,annual
CITY OF SOUTH GATE,2023,2022-07-01,2023-06-30,annual
CITY OF SOUTH GATE,2024,2023-07-01,2024-06-30,annual
CITY OF SOUTH GATE,2025,2024-07-01,2025-06-30,annual
CITY OF SOUTH LAKE TAHOE,2016,2015-10-01,2016-09-30,annual
CITY OF SOUTH LAKE TAHOE,2017,2016-09-30,2017-09-30,annual
CITY OF SOUTH LAKE TAHOE,2018,2017-09-30,2018-09-30,annual
CITY OF SOUTH LAKE TAHOE,2019,2018-09-30,2019-09-30,annual
CITY OF SOUTH LAKE TAHOE,2020,2019-10-01,2020-09-30,annual
CITY OF SOUTH LAKE TAHOE,2021,2020-09-30,2021-09-30,annual
CITY OF SOUTH LAKE TAHOE,2022,2021-09-30,2022-09-30,annual
CITY OF SOUTH LAKE TAHOE,2023,2022-10-01,2023-09-30,annual
CITY OF SOUTH LAKE TAHOE,2024,2023-10-01,2024-09-30,annual
CITY OF SOUTH LAKE TAHOE,2025,2024-10-01,2025-09-30,annual
CITY OF SOUTH PASADENA,2017,2016-06-30,2017-06-30,annual
CITY OF SOUTH SAN FRANCISCO,2016,2015-07-01,2016-06-30,annual
CITY OF SOUTH SAN FRANCISCO,2017,2016-06-30,2017-06-30,annual
CITY OF SOUTH SAN FRANCISCO,2018,2017-06-30,2018-06-30,annual
CITY OF SOUTH SAN FRANCISCO,2020,2019-07-01,2020-06-30,annual
CITY OF SOUTH SAN FRANCISCO,2021,2020-06-30,2021-06-30,annual
CITY OF SOUTH SAN FRANCISCO,2022,2021-06-30,2022-06-30,annual
CITY OF SOUTH SAN FRANCISCO,2023,2022-07-01,2023-06-30,annual
CITY OF SOUTH SAN FRANCISCO,2024,2023-07-01,2024-06-30,annual
CITY OF SOUTH SAN FRANCISCO,2025,2024-07-01,2025-06-30,annual
CITY OF SOUTH SAN FRANSCISCO,2019,2018-06-30,2019-06-30,annual
CITY OF ST. HELENA,2021,2020-06-30,2021-06-30,annual
CITY OF ST. HELENA,2022,2021-06-30,2022-06-30,annual
CITY OF ST. HELENA,2023,2022-07-01,2023-06-30,annual
CITY OF ST. HELENA,2024,2023-07-01,2024-06-30,annual
CITY OF STANTON,2021,2020-06-30,2021-06-30,annual
CITY OF STANTON,2022,2021-06-30,2022-06-30,annual
CITY OF STANTON,2023,2022-07-01,2023-06-30,annual
CITY OF STANTON,2024,2023-07-01,2024-06-30,annual
CITY OF STANTON,2025,2024-07-01,2025-06-30,annual
CITY OF STOCKTON,2016,2015-07-01,2016-06-30,annual
CITY OF STOCKTON,2017,2016-06-30,2017-06-30,annual
CITY OF STOCKTON,2018,2017-06-30,2018-06-30,annual
CITY OF STOCKTON,2019,2018-06-30,2019-06-30,annual
CITY OF STOCKTON,2020,2019-07-01,2020-06-30,annual
CITY OF STOCKTON,2021,2020-06-30,2021-06-30,annual
CITY OF STOCKTON,2022,2021-06-30,2022-06-30,annual
CITY OF STOCKTON,2023,2022-07-01,2023-06-30,annual
CITY OF STOCKTON,2024,2023-07-01,2024-06-30,annual
CITY OF SUISUN,2024,2023-07-01,2024-06-30,annual
CITY OF SUISUN CITY,2016,2015-07-01,2016-06-30,annual
CITY OF SUISUN CITY,2017,2016-06-30,2017-06-30,annual
CITY OF SUISUN CITY,2018,2017-06-30,2018-06-30,annual
CITY OF SUISUN CITY,2019,2018-06-30,2019-06-30,annual
CITY OF SUISUN CITY,2020,2019-07-01,2020-06-30,annual
CITY OF SUISUN CITY,2021,2020-06-30,2021-06-30,annual
CITY OF SUISUN CITY,2025,2024-07-01,2025-06-30,annual
CITY OF SUNNYVALE,2016,2015-07-01,2016-06-30,annual
CITY OF SUNNYVALE,2017,2016-06-30,2017-06-30,annual
CITY OF SUNNYVALE,2018,2017-06-30,2018-06-30,annual
CITY OF SUNNYVALE,2019,2018-06-30,2019-06-30,annual
CITY OF SUNNYVALE,2020,2019-07-01,2020-06-30,annual
CITY OF SUNNYVALE,2021,2020-06-30,2021-06-30,annual
CITY OF SUNNYVALE,2022,2021-06-30,2022-06-30,annual
CITY OF SUNNYVALE,2023,2022-07-01,2023-06-30,annual
CITY OF SUNNYVALE,2024,2023-07-01,2024-06-30,annual
CITY OF SUNNYVALE,2025,2024-07-01,2025-06-30,annual
CITY OF SUSANVILLE,2019,2018-06-30,2019-06-30,annual
CITY OF SUSANVILLE,2020,2019-07-01,2020-06-30,annual
CITY OF SUSANVILLE,2022,2021-07-01,2022-06-30,annual
CITY OF SUSANVILLE,2023,2022-07-01,2023-06-30,annual
CITY OF SUTTER CREEK,2017,2016-06-30,2017-06-30,annual
CITY OF SUTTER CREEK,2018,2017-06-30,2018-06-30,annual
CITY OF SUTTER CREEK,2019,2018-06-30,2019-06-30,annual
CITY OF TAFT,2016,2015-07-01,2016-06-30,annual
CITY OF TAFT,2017,2016-06-30,2017-06-30,annual
CITY OF TAFT,2018,2017-06-30,2018-06-30,annual
CITY OF TEHACHAPI,2016,2015-07-01,2016-06-30,annual
CITY OF TEHACHAPI,2017,2016-06-30,2017-06-30,annual
CITY OF TEHACHAPI,2018,2017-06-30,2018-06-30,annual
CITY OF TEHACHAPI,2019,2018-06-30,2019-06-30,annual
CITY OF TEHACHAPI,2020,2019-07-01,2020-06-30,annual
CITY OF TEHACHAPI,2021,2020-06-30,2021-06-30,annual
CITY OF TEHACHAPI,2022,2021-06-30,2022-06-30,annual
CITY OF TEHACHAPI,2023,2022-07-01,2023-06-30,annual
CITY OF TEHACHAPI,2024,2023-07-01,2024-06-30,annual
CITY OF TEHACHAPI,2025,2024-07-01,2025-06-30,annual
CITY OF TEMECULA,2017,2016-06-30,2017-06-30,annual
CITY OF TEMECULA,2018,2017-06-30,2018-06-30,annual
CITY OF TEMECULA,2019,2018-06-30,2019-06-30,annual
CITY OF TEMECULA,2020,2019-07-01,2020-06-30,annual
CITY OF TEMECULA,2021,2020-06-30,2021-06-30,annual
CITY OF TEMECULA,2022,2021-06-30,2022-06-30,annual
CITY OF TEMECULA,2023,2022-07-01,2023-06-30,annual
CITY OF TEMECULA,2024,2023-07-01,2024-06-30,annual
CITY OF TEMECULA,2025,2024-07-01,2025-06-30,annual
CITY OF TEMPLE CITY,2018,2017-06-30,2018-06-30,annual
CITY OF TEMPLE CITY,2021,2020-06-30,2021-06-30,annual
CITY OF TEMPLE CITY,2023,2022-07-01,2023-06-30,annual
CITY OF TEMPLE CITY,2024,2023-07-01,2024-06-30,annual
CITY OF TEMPLE CITY,2025,2024-07-01,2025-06-30,annual
CITY OF THOUSAND OAKS,2017,2016-06-30,2017-06-30,annual
CITY OF THOUSAND OAKS,2018,2017-06-30,2018-06-30,annual
CITY OF THOUSAND OAKS,2019,2018-06-30,2019-06-30,annual
CITY OF THOUSAND OAKS,2020,2019-07-01,2020-06-30,annual
CITY OF THOUSAND OAKS,2021,2020-06-30,2021-06-30,annual
CITY OF THOUSAND OAKS,2022,2021-06-30,2022-06-30,annual
CITY OF THOUSAND OAKS,2023,2022-07-01,2023-06-30,annual
CITY OF THOUSAND OAKS,2025,2024-07-01,2025-06-30,annual
CITY OF TORRANCE,2016,2015-07-01,2016-06-30,annual
CITY OF TORRANCE,2017,2016-06-30,2017-06-30,annual
CITY OF TORRANCE,2018,2017-06-30,2018-06-30,annual
CITY OF TORRANCE,2019,2018-06-30,2019-06-30,annual
CITY OF TORRANCE,2020,2019-07-02,2020-07-01,annual
CITY OF TORRANCE,2021,2020-06-30,2021-06-30,annual
CITY OF TORRANCE,2022,2021-06-30,2022-06-30,annual
CITY OF TORRANCE,2023,2022-07-01,2023-06-30,annual
CITY OF TORRANCE,2024,2023-07-01,2024-06-30,annual
CITY OF TORRANCE,2025,2024-07-01,2025-06-30,annual
CITY OF TRACY,2016,2015-07-01,2016-06-30,annual
CITY OF TRACY,2017,2016-06-30,2017-06-30,annual
CITY OF TRACY,2018,2017-06-30,2018-06-30,annual
CITY OF TRACY,2019,2018-06-30,2019-06-30,annual
CITY OF TRACY,2020,2019-07-01,2020-06-30,annual
CITY OF TRACY,2021,2020-06-30,2021-06-30,annual
CITY OF TRACY,2022,2021-06-30,2022-06-30,annual
CITY OF TRACY,2023,2022-07-01,2023-06-30,annual
CITY OF TRACY,2024,2023-07-01,2024-06-30,annual
CITY OF TRACY,2025,2024-07-01,2025-06-30,annual
CITY OF TULARE,2016,2015-07-01,2016-06-30,annual
CITY OF TULARE,2017,2016-06-30,2017-06-30,annual
CITY OF TULARE,2018,2017-06-30,2018-06-30,annual
CITY OF TULARE,2019,2018-06-30,2019-06-30,annual
CITY OF TULARE,2020,2019-07-01,2020-06-30,annual
CITY OF TULARE,2021,2020-06-30,2021-06-30,annual
CITY OF TULARE,2022,2021-06-30,2022-06-30,annual
CITY OF TULARE,2023,2022-07-01,2023-06-30,annual
CITY OF TULARE,2024,2023-07-01,2024-06-30,annual
CITY OF TULELAKE,2018,2017-06-30,2018-06-30,annual
CITY OF TURLOCK,2016,2015-07-01,2016-06-30,annual
CITY OF TURLOCK,2017,2016-06-30,2017-06-30,annual
CITY OF TURLOCK,2018,2017-06-30,2018-06-30,annual
CITY OF TURLOCK,2019,2018-06-30,2019-06-30,annual
CITY OF TURLOCK,2020,2019-07-01,2020-06-30,annual
CITY OF TURLOCK,2021,2020-07-01,2021-06-30,annual
CITY OF TURLOCK,2022,2021-07-01,2022-06-30,annual
CITY OF TURLOCK,2023,2022-07-01,2023-06-30,annual
CITY OF TURLOCK,2024,2023-07-01,2024-06-30,annual
CITY OF TURLOCK,2025,2024-07-01,2025-06-30,annual
CITY OF TUSTIN,2016,2015-07-01,2016-06-30,annual
CITY OF TUSTIN,2018,2017-06-30,2018-06-30,annual
CITY OF TUSTIN,2019,2018-06-30,2019-06-30,annual
CITY OF TUSTIN,2020,2019-07-01,2020-06-30,annual
CITY OF TUSTIN,2021,2020-06-30,2021-06-30,annual
CITY OF TUSTIN,2022,2021-06-30,2022-06-30,annual
CITY OF TUSTIN,2023,2022-07-01,2023-06-30,annual
CITY OF TUSTIN,2024,2023-07-01,2024-06-30,annual
CITY OF TUSTIN,2025,2024-07-01,2025-06-30,annual
CITY OF TWENTYNINE PALMS,2020,2019-07-01,2020-06-30,annual
CITY OF TWENTYNINE PALMS,2021,2020-06-30,2021-06-30,annual
CITY OF TWENTYNINE PALMS,2022,2021-06-30,2022-06-30,annual
CITY OF TWENTYNINE PALMS,2023,2022-07-01,2023-06-30,annual
CITY OF TWENTYNINE PALMS,2025,2024-07-01,2025-06-30,annual
CITY OF UKIAH,2020,2019-07-01,2020-06-30,annual
CITY OF UKIAH,2021,2020-06-30,2021-06-30,annual
CITY OF UKIAH,2022,2021-06-30,2022-06-30,annual
CITY OF UKIAH,2024,2023-07-01,2024-06-30,annual
CITY OF UKIAH,2025,2024-07-01,2025-06-30,annual
CITY OF UNION CITY,2016,2015-07-01,2016-06-30,annual
CITY OF UNION CITY,2017,2016-06-30,2017-06-30,annual
CITY OF UNION CITY,2018,2017-06-30,2018-06-30,annual
CITY OF UNION CITY,2020,2019-07-01,2020-06-30,annual
CITY OF UNION CITY,2021,2020-06-30,2021-06-30,annual
CITY OF UNION CITY,2022,2021-07-01,2022-06-30,annual
CITY OF UNION CITY,2023,2022-07-01,2023-06-30,annual
CITY OF UPLAND,2016,2015-07-01,2016-06-30,annual
CITY OF UPLAND,2019,2018-06-30,2019-06-30,annual
CITY OF UPLAND,2020,2019-07-01,2020-06-30,annual
CITY OF UPLAND,2021,2020-06-30,2021-06-30,annual
CITY OF UPLAND,2022,2021-06-30,2022-06-30,annual
CITY OF UPLAND,2023,2022-07-01,2023-06-30,annual
CITY OF UPLAND,2024,2023-07-01,2024-06-30,annual
CITY OF UPLAND,2025,2024-07-01,2025-06-30,annual
CITY OF VACAVILLE,2016,2015-07-01,2016-06-30,annual
CITY OF VACAVILLE,2017,2016-06-30,2017-06-30,annual
CITY OF VACAVILLE,2018,2017-06-30,2018-06-30,annual
CITY OF VACAVILLE,2019,2018-06-30,2019-06-30,annual
CITY OF VACAVILLE,2020,2019-07-01,2020-06-30,annual
CITY OF VACAVILLE,2021,2020-06-30,2021-06-30,annual
CITY OF VACAVILLE,2022,2021-06-30,2022-06-30,annual
CITY OF VACAVILLE,2023,2022-07-01,2023-06-30,annual
CITY OF VACAVILLE,2024,2023-07-01,2024-06-30,annual
CITY OF VACAVILLE,2025,2024-07-01,2025-06-30,annual
CITY OF VALLEJO,2016,2015-07-01,2016-06-30,annual
CITY OF VALLEJO,2017,2016-06-30,2017-06-30,annual
CITY OF VALLEJO,2018,2017-06-30,2018-06-30,annual
CITY OF VALLEJO,2019,2018-06-30,2019-06-30,annual
CITY OF VALLEJO,2020,2019-07-01,2020-06-30,annual
CITY OF VALLEJO,2021,2020-06-30,2021-06-30,annual
CITY OF VALLEJO,2022,2021-06-30,2022-06-30,annual
CITY OF VALLEJO,2023,2022-07-01,2023-06-30,annual
CITY OF VALLEJO,2024,2023-07-01,2024-06-30,annual
CITY OF VALLEJO,2025,2024-07-01,2025-06-30,annual
CITY OF VERNON,2016,2015-07-01,2016-06-30,annual
CITY OF VERNON,2017,2016-06-30,2017-06-30,annual
CITY OF VERNON,2022,2021-07-01,2022-06-30,annual
CITY OF VERNON,2024,2023-07-01,2024-06-30,annual
CITY OF VICTORVILLE,2016,2015-07-01,2016-06-30,annual
CITY OF VICTORVILLE,2017,2016-06-30,2017-06-30,annual
CITY OF VICTORVILLE,2018,2017-06-30,2018-06-30,annual
CITY OF VICTORVILLE,2019,2018-06-30,2019-06-30,annual
CITY OF VICTORVILLE,2020,2019-07-01,2020-06-30,annual
CITY OF VICTORVILLE,2021,2020-06-30,2021-06-30,annual
CITY OF VICTORVILLE,2022,2021-06-30,2022-06-30,annual
CITY OF VICTORVILLE,2023,2022-07-01,2023-06-30,annual
CITY OF VICTORVILLE,2024,2023-07-01,2024-06-30,annual
CITY OF VISALIA,2016,2015-07-01,2016-06-30,annual
CITY OF VISALIA,2017,2016-06-30,2017-06-30,annual
CITY OF VISALIA,2018,2017-06-30,2018-06-30,annual
CITY OF VISALIA,2019,2018-06-30,2019-06-30,annual
CITY OF VISALIA,2020,2019-07-01,2020-06-30,annual
CITY OF VISALIA,2021,2020-06-30,2021-06-30,annual
CITY OF VISALIA,2022,2021-06-30,2022-06-30,annual
CITY OF VISALIA,2023,2022-07-01,2023-06-30,annual
CITY OF VISALIA,2024,2023-07-01,2024-06-30,annual
CITY OF VISALIA,2025,2024-07-01,2025-06-30,annual
CITY OF VISTA,2016,2015-07-01,2016-06-30,annual
CITY OF VISTA,2017,2016-06-30,2017-06-30,annual
CITY OF VISTA,2018,2017-06-30,2018-06-30,annual
CITY OF VISTA,2019,2018-06-30,2019-06-30,annual
CITY OF VISTA,2020,2019-07-01,2020-06-30,annual
CITY OF VISTA,2021,2020-06-30,2021-06-30,annual
CITY OF VISTA,2022,2021-06-30,2022-06-30,annual
CITY OF VISTA,2023,2022-07-01,2023-06-30,annual
CITY OF VISTA,2024,2023-07-01,2024-06-30,annual
CITY OF VISTA,2025,2024-07-01,2025-06-30,annual
CITY OF WALNUT,2022,2021-06-30,2022-06-30,annual
CITY OF WALNUT,2023,2022-07-01,2023-06-30,annual
CITY OF WALNUT,2024,2023-07-01,2024-06-30,annual
CITY OF WALNUT CREEK,2016,2015-07-01,2016-06-30,annual
CITY OF WALNUT CREEK,2017,2016-06-30,2017-06-30,annual
CITY OF WALNUT CREEK,2018,2017-06-30,2018-06-30,annual
CITY OF WALNUT CREEK,2020,2019-07-01,2020-06-30,annual
CITY OF WALNUT CREEK,2021,2020-06-30,2021-06-30,annual
CITY OF WALNUT CREEK,2022,2021-06-30,2022-06-30,annual
CITY OF WALNUT CREEK,2023,2022-07-01,2023-06-30,annual
CITY OF WALNUT CREEK,2024,2023-07-01,2024-06-30,annual
CITY OF WALNUT CREEK,2025,2024-07-01,2025-06-30,annual
CITY OF WASCO,2016,2015-07-01,2016-06-30,annual
CITY OF WASCO,2017,2016-06-30,2017-06-30,annual
CITY OF WASCO,2018,2017-06-30,2018-06-30,annual
CITY OF WASCO,2019,2018-06-30,2019-06-30,annual
CITY OF WASCO,2021,2020-06-30,2021-06-30,annual
CITY OF WASCO,2022,2021-06-30,2022-06-30,annual
CITY OF WASCO,2024,2023-06-30,2024-06-30,annual
CITY OF WATERFORD,2024,2023-07-01,2024-06-30,annual
CITY OF WATSONVILLE,2017,2016-06-30,2017-06-30,annual
CITY OF WATSONVILLE,2018,2017-06-30,2018-06-30,annual
CITY OF WATSONVILLE,2019,2018-06-30,2019-06-30,annual
CITY OF WATSONVILLE,2021,2020-06-30,2021-06-30,annual
CITY OF WATSONVILLE,2022,2021-06-30,2022-06-30,annual
CITY OF WATSONVILLE,2023,2022-07-01,2023-06-30,annual
CITY OF WATSONVILLE,2025,2024-07-01,2025-06-30,annual
CITY OF WEED,2016,2015-07-01,2016-06-30,annual
CITY OF WEED,2017,2016-06-30,2017-06-30,annual
CITY OF WEED,2021,2020-06-30,2021-06-30,annual
CITY OF WEED,2022,2021-07-01,2022-06-30,annual
CITY OF WEED,2024,2023-07-01,2024-06-30,annual
CITY OF WEST COVINA,2016,2015-07-01,2016-06-30,annual
CITY OF WEST COVINA,2017,2016-06-30,2017-06-30,annual
CITY OF WEST COVINA,2019,2018-06-30,2019-06-30,annual
CITY OF WEST COVINA,2021,2020-06-30,2021-06-30,annual
CITY OF WEST COVINA,2022,2021-06-30,2022-06-30,annual
CITY OF WEST COVINA,2023,2022-07-01,2023-06-30,annual
CITY OF WEST COVINA,2024,2023-07-01,2024-06-30,annual
CITY OF WEST COVINA,2025,2024-07-01,2025-06-30,annual
CITY OF WEST HOLLYWOOD,2017,2016-06-30,2017-06-30,annual
CITY OF WEST HOLLYWOOD,2021,2020-06-30,2021-06-30,annual
CITY OF WEST HOLLYWOOD,2022,2021-06-30,2022-06-30,annual
CITY OF WEST HOLLYWOOD,2023,2022-07-01,2023-06-30,annual
CITY OF WEST HOLLYWOOD,2024,2023-07-01,2024-06-30,annual
CITY OF WEST HOLLYWOOD,2025,2024-07-01,2025-06-30,annual
CITY OF WEST SACRAMENTO,2016,2015-07-01,2016-06-30,annual
CITY OF WEST SACRAMENTO,2017,2016-06-30,2017-06-30,annual
CITY OF WEST SACRAMENTO,2018,2017-06-30,2018-06-30,annual
CITY OF WEST SACRAMENTO,2019,2018-06-30,2019-06-30,annual
CITY OF WEST SACRAMENTO,2020,2019-07-01,2020-06-30,annual
CITY OF WEST SACRAMENTO,2021,2020-06-30,2021-06-30,annual
CITY OF WEST SACRAMENTO,2022,2021-06-30,2022-06-30,annual
CITY OF WEST SACRAMENTO,2023,2022-07-01,2023-06-30,annual
CITY OF WEST SACRAMENTO,2024,2023-07-01,2024-06-30,annual
CITY OF WEST SACRAMENTO,2025,2024-07-01,2025-06-30,annual
CITY OF WESTMINSTER,2016,2015-07-01,2016-06-30,annual
CITY OF WESTMINSTER,2017,2016-06-30,2017-06-30,annual
CITY OF WESTMINSTER,2018,2017-06-30,2018-06-30,annual
CITY OF WESTMINSTER,2019,2018-06-30,2019-06-30,annual
CITY OF WESTMINSTER,2020,2019-07-01,2020-06-30,annual
CITY OF WESTMINSTER,2021,2020-06-30,2021-06-30,annual
CITY OF WESTMINSTER,2022,2021-06-30,2022-06-30,annual
CITY OF WESTMINSTER,2023,2022-07-01,2023-06-30,annual
CITY OF WESTMINSTER,2024,2023-07-01,2024-06-30,annual
CITY OF WESTMINSTER,2025,2024-07-01,2025-06-30,annual
CITY OF WHITTIER,2016,2015-07-01,2016-06-30,annual
CITY OF WHITTIER,2017,2016-06-30,2017-06-30,annual
CITY OF WHITTIER,2018,2017-06-30,2018-06-30,annual
CITY OF WHITTIER,2019,2018-06-30,2019-06-30,annual
CITY OF WHITTIER,2020,2019-07-01,2020-06-30,annual
CITY OF WHITTIER,2021,2020-06-30,2021-06-30,annual
CITY OF WHITTIER,2022,2021-06-30,2022-06-30,annual
CITY OF WHITTIER,2023,2022-07-01,2023-06-30,annual
CITY OF WHITTIER,2024,2023-07-01,2024-06-30,annual
CITY OF WHITTIER,2025,2024-07-01,2025-06-30,annual
CITY OF WILDOMAR,2018,2017-06-30,2018-06-30,annual
CITY OF WILDOMAR,2019,2018-06-30,2019-06-30,annual
CITY OF WILDOMAR,2021,2020-06-30,2021-06-30,annual
CITY OF WILLIAMS,2016,2015-07-01,2016-06-30,annual
CITY OF WILLIAMS,2025,2024-07-01,2025-06-30,annual
CITY OF WILLOWS,2016,2015-07-01,2016-06-30,annual
CITY OF WILLOWS,2019,2018-06-30,2019-06-30,annual
CITY OF WILLOWS,2020,2019-07-01,2020-06-30,annual
CITY OF WILLOWS,2021,2020-06-30,2021-06-30,annual
CITY OF WILLOWS,2022,2021-06-30,2022-06-30,annual
CITY OF WILLOWS,2023,2022-07-01,2023-06-30,annual
CITY OF WILLOWS,2024,2023-07-01,2024-06-30,annual
CITY OF WILLOWS,2025,2024-07-01,2025-06-30,annual
CITY OF WINTERS,2016,2015-07-01,2016-06-30,annual
CITY OF WINTERS,2020,2019-07-01,2020-06-30,annual
CITY OF WINTERS,2022,2021-06-30,2022-06-30,annual
CITY OF WINTERS,2023,2022-07-01,2023-06-30,annual
CITY OF WINTERS,2024,2023-07-01,2024-06-30,annual
CITY OF WOODLAKE,2017,2016-06-30,2017-06-30,annual
CITY OF WOODLAKE,2018,2017-06-30,2018-06-30,annual
CITY OF WOODLAKE,2019,2018-06-30,2019-06-30,annual
CITY OF WOODLAKE,2022,2021-06-30,2022-06-30,annual
CITY OF WOODLAKE,2023,2022-07-01,2023-06-30,annual
CITY OF WOODLAKE,2024,2023-07-01,2024-06-30,annual
CITY OF WOODLAND,2016,2015-07-01,2016-06-30,annual
CITY OF WOODLAND,2017,2016-06-30,2017-06-30,annual
CITY OF WOODLAND,2018,2017-06-30,2018-06-30,annual
CITY OF WOODLAND,2019,2018-06-30,2019-06-30,annual
CITY OF WOODLAND,2020,2019-07-01,2020-06-30,annual
CITY OF WOODLAND,2021,2020-06-30,2021-06-30,annual
CITY OF WOODLAND,2022,2021-07-01,2022-06-30,annual
CITY OF WOODLAND,2023,2022-07-01,2023-06-30,annual
CITY OF WOODLAND,2025,2024-07-01,2025-06-30,annual
CITY OF YORBA LINDA,2020,2019-07-01,2020-06-30,annual
CITY OF YORBA LINDA,2021,2020-06-30,2021-06-30,annual
CITY OF YORBA LINDA,2022,2021-06-30,2022-06-30,annual
CITY OF YREKA,2018,2017-06-30,2018-06-30,annual
CITY OF YREKA,2019,2018-06-30,2019-06-30,annual
CITY OF YREKA,2022,2021-06-30,2022-06-30,annual
CITY OF YREKA,2023,2022-07-01,2023-06-30,annual
CITY OF YREKA,2024,2023-07-01,2024-06-30,annual
CITY OF YREKA,2025,2024-07-01,2025-06-30,annual
CITY OF YUBA CITY,2016,2015-07-01,2016-06-30,annual
CITY OF YUBA CITY,2017,2016-06-30,2017-06-30,annual
CITY OF YUBA CITY,2018,2017-06-30,2018-06-30,annual
CITY OF YUBA CITY,2019,2018-06-30,2019-06-30,annual
CITY OF YUBA CITY,2020,2019-07-01,2020-06-30,annual
CITY OF YUBA CITY,2021,2020-06-30,2021-06-30,annual
CITY OF YUBA CITY,2022,2021-06-30,2022-06-30,annual
CITY OF YUBA CITY,2024,2023-07-01,2024-06-30,annual
CITY OF YUBA CITY,2025,2024-07-01,2025-06-30,annual
CITY OF YUCAIPA,2016,2015-07-01,2016-06-30,annual
CITY OF YUCAIPA,2018,2017-06-30,2018-06-30,annual
CITY OF YUCAIPA,2019,2018-06-30,2019-06-30,annual
CITY OF YUCAIPA,2020,2019-07-01,2020-06-30,annual
CITY OF YUCAIPA,2021,2020-06-30,2021-06-30,annual
CITY OF YUCAIPA,2022,2021-06-30,2022-06-30,annual
